quarterbeats	duration_qb	mc	mn	mc_onset	mn_onset	timesig	staff	voice	duration	gracenote	tremolo	nominal_duration	scalar	tied	tpc	midi	chord_id
0	0.375	1	1	0	0	2/4	1	1	3/32			1/16	3/2		-1	65	0
3/8	0.125	1	1	3/32	3/32	2/4	1	1	1/32			1/32	1		1	67	1
1/2	0.375	1	1	1/8	1/8	2/4	1	1	3/32			1/16	3/2		0	72	2
7/8	0.125	1	1	7/32	7/32	2/4	1	1	1/32			1/32	1		-4	68	3
1	0.375	1	1	1/4	1/4	2/4	1	1	3/32			1/16	3/2		1	67	4
11/8	0.125	1	1	11/32	11/32	2/4	1	1	1/32			1/32	1		-1	65	5
3/2	0.375	1	1	3/8	3/8	2/4	1	1	3/32			1/16	3/2		-3	63	6
15/8	0.125	1	1	15/32	15/32	2/4	1	1	1/32			1/32	1		2	62	7
2	0.375	2	2	0	0	2/4	1	1	3/32			1/16	3/2		0	60	8
19/8	0.125	2	2	3/32	3/32	2/4	1	1	1/32			1/32	1		2	62	9
5/2	0.375	2	2	1/8	1/8	2/4	1	1	3/32			1/16	3/2		1	67	10
23/8	0.125	2	2	7/32	7/32	2/4	1	1	1/32			1/32	1		-3	63	11
3	0.16666666666666666	2	2	1/4	1/4	2/4	1	1	1/24			1/16	2/3		0	60	12
19/6	0.16666666666666666	2	2	7/24	7/24	2/4	1	1	1/24			1/16	2/3		2	62	13
10/3	0.16666666666666666	2	2	1/3	1/3	2/4	1	1	1/24			1/16	2/3		-3	63	14
7/2	0.16666666666666666	2	2	3/8	3/8	2/4	1	1	1/24			1/16	2/3		-1	65	15
11/3	0.16666666666666666	2	2	5/12	5/12	2/4	1	1	1/24			1/16	2/3		1	67	16
23/6	0.16666666666666666	2	2	11/24	11/24	2/4	1	1	1/24			1/16	2/3		-3	63	17
4	0.375	3	3	0	0	2/4	1	1	3/32			1/16	3/2		-1	65	18
35/8	0.125	3	3	3/32	3/32	2/4	1	1	1/32			1/32	1		1	67	19
9/2	0.375	3	3	1/8	1/8	2/4	1	1	3/32			1/16	3/2		0	72	20
39/8	0.125	3	3	7/32	7/32	2/4	1	1	1/32			1/32	1		-4	68	21
5	0.0625	3	3	1/4	1/4	2/4	1	1	1/64			1/64	1		-1	65	22
81/16	0.0625	3	3	17/64	17/64	2/4	1	1	1/64			1/64	1		1	67	23
41/8	0.0625	3	3	9/32	9/32	2/4	1	1	1/64			1/64	1		-4	68	24
83/16	0.0625	3	3	19/64	19/64	2/4	1	1	1/64			1/64	1		-2	70	25
21/4	0.0625	3	3	5/16	5/16	2/4	1	1	1/64			1/64	1		0	72	26
85/16	0.0625	3	3	21/64	21/64	2/4	1	1	1/64			1/64	1		2	74	27
43/8	0.0625	3	3	11/32	11/32	2/4	1	1	1/64			1/64	1		-3	75	28
87/16	0.0625	3	3	23/64	23/64	2/4	1	1	1/64			1/64	1		-1	77	29
11/2	0.375	3	3	3/8	3/8	2/4	1	1	3/32			1/16	3/2		1	79	30
47/8	0.125	3	3	15/32	15/32	2/4	1	1	1/32			1/32	1		-1	77	31
6	0.375	4	4	0	0	2/4	1	1	3/32			1/16	3/2		0	72	32
51/8	0.125	4	4	3/32	3/32	2/4	1	1	1/32			1/32	1		-2	70	33
13/2	0.375	4	4	1/8	1/8	2/4	1	1	3/32			1/16	3/2		1	67	34
55/8	0.125	4	4	7/32	7/32	2/4	1	1	1/32			1/32	1		-1	65	35
7	0.16666666666666666	4	4	1/4	1/4	2/4	1	1	1/24			1/16	2/3		0	60	36
43/6	0.16666666666666666	4	4	7/24	7/24	2/4	1	1	1/24			1/16	2/3		2	62	37
22/3	0.16666666666666666	4	4	1/3	1/3	2/4	1	1	1/24			1/16	2/3		-3	63	38
15/2	0.16666666666666666	4	4	3/8	3/8	2/4	1	1	1/24			1/16	2/3		-1	65	39
23/3	0.16666666666666666	4	4	5/12	5/12	2/4	1	1	1/24			1/16	2/3		1	67	40
47/6	0.16666666666666666	4	4	11/24	11/24	2/4	1	1	1/24			1/16	2/3		-3	63	41
8	0.0625	5	5	0	0	2/4	1	1	1/64			1/64	1		-1	65	42
129/16	0.0625	5	5	1/64	1/64	2/4	1	1	1/64			1/64	1		1	67	43
65/8	0.0625	5	5	1/32	1/32	2/4	1	1	1/64			1/64	1		-4	68	44
131/16	0.0625	5	5	3/64	3/64	2/4	1	1	1/64			1/64	1		-2	70	45
33/4	0.0625	5	5	1/16	1/16	2/4	1	1	1/64			1/64	1		0	72	46
133/16	0.0625	5	5	5/64	5/64	2/4	1	1	1/64			1/64	1		2	74	47
67/8	0.0625	5	5	3/32	3/32	2/4	1	1	1/64			1/64	1		-3	75	48
135/16	0.0625	5	5	7/64	7/64	2/4	1	1	1/64			1/64	1		-1	77	49
17/2	0.375	5	5	1/8	1/8	2/4	1	1	3/32			1/16	3/2		1	79	50
71/8	0.125	5	5	7/32	7/32	2/4	1	1	1/32			1/32	1		-1	77	51
9	0.375	5	5	1/4	1/4	2/4	1	1	3/32			1/16	3/2		0	72	52
75/8	0.125	5	5	11/32	11/32	2/4	1	1	1/32			1/32	1		-2	70	53
19/2	0.375	5	5	3/8	3/8	2/4	1	1	3/32			1/16	3/2		1	67	54
79/8	0.125	5	5	15/32	15/32	2/4	1	1	1/32			1/32	1		-1	65	55
10	0.16666666666666666	6	6	0	0	2/4	1	1	1/24			1/16	2/3		0	60	56
61/6	0.16666666666666666	6	6	1/24	1/24	2/4	1	1	1/24			1/16	2/3		2	62	57
31/3	0.16666666666666666	6	6	1/12	1/12	2/4	1	1	1/24			1/16	2/3		-3	63	58
21/2	0.16666666666666666	6	6	1/8	1/8	2/4	1	1	1/24			1/16	2/3		-1	65	59
32/3	0.16666666666666666	6	6	1/6	1/6	2/4	1	1	1/24			1/16	2/3		1	67	60
65/6	0.16666666666666666	6	6	5/24	5/24	2/4	1	1	1/24			1/16	2/3	1	-3	63	61
11	1.0	6	6	1/4	1/4	2/4	1	1	1/4			1/4	1	0	-3	63	62
11	0.3333333333333333	6	6	1/4	1/4	2/4	2	1	1/12			1/8	2/3		-7	71	63
34/3	0.5833333333333334	6	6	1/3	1/3	2/4	2	1	7/48			1/8	7/6		-7	59	64
143/12	0.08333333333333333	6	6	23/48	23/48	2/4	2	1	1/48			1/32	2/3		-6	66	65
12	1.0	7	7	0	0	2/4	1	1	1/4			1/4	1	0	-3	63	66
12	2.0	7	7	0	0	2/4	2	1	1/2			1/2	1		-6	66	71
13	0.5	7	7	1/4	1/4	2/4	1	1	1/8			1/8	1	-1	-3	63	67
27/2	0.16666666666666666	7	7	3/8	3/8	2/4	1	1	1/24			1/16	2/3		2	62	68
41/3	0.16666666666666666	7	7	5/12	5/12	2/4	1	1	1/24			1/16	2/3		-5	61	69
83/6	0.16666666666666666	7	7	11/24	11/24	2/4	1	1	1/24			1/16	2/3		0	60	70
14	0.0	8	8	0	0	2/4	1	1	0	grace32		1/32	1		-1	53	72
14	0.0	8	8	0	0	2/4	1	1	0	grace32		1/32	1		-4	56	73
14	0.0	8	8	0	0	2/4	1	1	0	grace32		1/32	1		-7	59	74
14	0.0	8	8	0	0	2/4	1	1	0	grace32		1/32	1		-3	63	75
14	0.0	8	8	0	0	2/4	1	1	0	grace32		1/32	1		-1	65	76
14	0.0	8	8	0	0	2/4	1	1	0	grace32		1/32	1		-4	68	77
14	0.0	8	8	0	0	2/4	1	1	0	grace32		1/32	1		-7	71	78
14	0.0	8	8	0	0	2/4	1	1	0	grace32		1/32	1		-3	75	79
14	0.375	8	8	0	0	2/4	1	1	3/32			1/16	3/2		1	79	80
14	0.5	8	8	0	0	2/4	1	2	1/8			1/8	1		1	79	88
115/8	0.125	8	8	3/32	3/32	2/4	1	1	1/32			1/32	1		-3	75	81
29/2	0.375	8	8	1/8	1/8	2/4	1	1	3/32			1/16	3/2		-7	71	82
119/8	0.125	8	8	7/32	7/32	2/4	1	1	1/32			1/32	1		-4	68	83
15	0.375	8	8	1/4	1/4	2/4	1	1	3/32			1/16	3/2		-1	65	84
123/8	0.125	8	8	11/32	11/32	2/4	1	1	1/32			1/32	1		-3	63	85
31/2	0.375	8	8	3/8	3/8	2/4	1	1	3/32			1/16	3/2		0	60	86
127/8	0.125	8	8	15/32	15/32	2/4	1	1	1/32			1/32	1		-4	56	87
16	0.0	9	9	0	0	2/4	1	1	0	grace32		1/32	1		1	55	89
16	0.0	9	9	0	0	2/4	1	1	0	grace32		1/32	1		-2	58	90
16	0.0	9	9	0	0	2/4	1	1	0	grace32		1/32	1		-5	61	91
16	0.0	9	9	0	0	2/4	1	1	0	grace32		1/32	1		-1	65	92
16	0.0	9	9	0	0	2/4	1	1	0	grace32		1/32	1		1	67	93
16	0.0	9	9	0	0	2/4	1	1	0	grace32		1/32	1		-2	70	94
16	0.0	9	9	0	0	2/4	1	1	0	grace32		1/32	1		-5	73	95
16	0.0	9	9	0	0	2/4	1	1	0	grace32		1/32	1		-1	77	96
16	0.375	9	9	0	0	2/4	1	1	3/32			1/16	3/2		3	81	97
16	0.5	9	9	0	0	2/4	1	2	1/8			1/8	1		3	81	105
131/8	0.125	9	9	3/32	3/32	2/4	1	1	1/32			1/32	1		-1	77	98
33/2	0.375	9	9	1/8	1/8	2/4	1	1	3/32			1/16	3/2		2	74	99
135/8	0.125	9	9	7/32	7/32	2/4	1	1	1/32			1/32	1		-2	70	100
17	0.375	9	9	1/4	1/4	2/4	1	1	3/32			1/16	3/2		1	67	101
139/8	0.125	9	9	11/32	11/32	2/4	1	1	1/32			1/32	1		-1	65	102
35/2	0.375	9	9	3/8	3/8	2/4	1	1	3/32			1/16	3/2		2	62	103
143/8	0.125	9	9	15/32	15/32	2/4	1	1	1/32			1/32	1		-2	58	104
18	0.0	10	10	0	0	2/4	1	1	0	grace32		1/32	1		-1	53	106
18	0.0	10	10	0	0	2/4	1	1	0	grace32		1/32	1		-4	56	107
18	0.0	10	10	0	0	2/4	1	1	0	grace32		1/32	1		-7	59	108
18	0.0	10	10	0	0	2/4	1	1	0	grace32		1/32	1		-3	63	109
18	0.0	10	10	0	0	2/4	1	1	0	grace32		1/32	1		-1	65	110
18	0.0	10	10	0	0	2/4	1	1	0	grace32		1/32	1		-4	68	111
18	0.0	10	10	0	0	2/4	1	1	0	grace32		1/32	1		-7	71	112
18	0.0	10	10	0	0	2/4	1	1	0	grace32		1/32	1		-3	75	113
18	0.375	10	10	0	0	2/4	1	1	3/32			1/16	3/2		1	79	114
18	0.5	10	10	0	0	2/4	1	2	1/8			1/8	1		1	79	122
147/8	0.125	10	10	3/32	3/32	2/4	1	1	1/32			1/32	1		-3	75	115
37/2	0.375	10	10	1/8	1/8	2/4	1	1	3/32			1/16	3/2		-7	71	116
151/8	0.125	10	10	7/32	7/32	2/4	1	1	1/32			1/32	1		-4	68	117
19	0.375	10	10	1/4	1/4	2/4	1	1	3/32			1/16	3/2		-1	65	118
155/8	0.125	10	10	11/32	11/32	2/4	1	1	1/32			1/32	1		-3	63	119
39/2	0.375	10	10	3/8	3/8	2/4	1	1	3/32			1/16	3/2		0	60	120
159/8	0.125	10	10	15/32	15/32	2/4	1	1	1/32			1/32	1		-4	56	121
20	0.0	11	11	0	0	2/4	1	1	0	grace32		1/32	1		1	55	123
20	0.0	11	11	0	0	2/4	1	1	0	grace32		1/32	1		-2	58	124
20	0.0	11	11	0	0	2/4	1	1	0	grace32		1/32	1		-5	61	125
20	0.0	11	11	0	0	2/4	1	1	0	grace32		1/32	1		-1	65	126
20	0.0	11	11	0	0	2/4	1	1	0	grace32		1/32	1		1	67	127
20	0.0	11	11	0	0	2/4	1	1	0	grace32		1/32	1		-2	70	128
20	0.0	11	11	0	0	2/4	1	1	0	grace32		1/32	1		-5	73	129
20	0.0	11	11	0	0	2/4	1	1	0	grace32		1/32	1		-1	77	130
20	0.375	11	11	0	0	2/4	1	1	3/32			1/16	3/2		3	81	131
20	0.5	11	11	0	0	2/4	1	2	1/8			1/8	1		3	81	139
163/8	0.125	11	11	3/32	3/32	2/4	1	1	1/32			1/32	1		-1	77	132
41/2	0.375	11	11	1/8	1/8	2/4	1	1	3/32			1/16	3/2		2	74	133
167/8	0.125	11	11	7/32	7/32	2/4	1	1	1/32			1/32	1		-2	70	134
21	0.375	11	11	1/4	1/4	2/4	1	1	3/32			1/16	3/2		1	67	135
171/8	0.125	11	11	11/32	11/32	2/4	1	1	1/32			1/32	1		-1	65	136
43/2	0.375	11	11	3/8	3/8	2/4	1	1	3/32			1/16	3/2		-5	61	137
175/8	0.125	11	11	15/32	15/32	2/4	1	1	1/32			1/32	1		-2	58	138
22	0.0	12	12	0	0	2/4	1	1	0	grace32		1/32	1		1	55	140
22	0.0	12	12	0	0	2/4	1	1	0	grace32		1/32	1		-2	58	141
22	0.0	12	12	0	0	2/4	1	1	0	grace32		1/32	1		-5	61	142
22	0.0	12	12	0	0	2/4	1	1	0	grace32		1/32	1		-1	65	143
22	0.0	12	12	0	0	2/4	1	1	0	grace32		1/32	1		1	67	144
22	0.0	12	12	0	0	2/4	1	1	0	grace32		1/32	1		-2	70	145
22	0.0	12	12	0	0	2/4	1	1	0	grace32		1/32	1		-5	73	146
22	0.0	12	12	0	0	2/4	1	1	0	grace32		1/32	1		-1	77	147
22	0.5	12	12	0	0	2/4	1	1	1/8			1/8	1		3	81	148
45/2	0.0	12	12	1/8	1/8	2/4	1	1	0	grace8after		1/8	1		-2	82	149
45/2	1.5	12	12	1/8	1/8	2/4	1	1	3/8			1/4	3/2		3	81	150
24	2.0	13	13	0	0	2/4	1	1	1/2			1/2	1		-4	80	151
26	0.125	14	14	0	0	2/4	1	1	1/32			1/32	1		3	81	152
26	0.5	14	14	0	0	2/4	2	1	1/8			1/8	1		3	81	168
209/8	0.125	14	14	1/32	1/32	2/4	1	1	1/32			1/32	1		-2	82	153
105/4	0.125	14	14	1/16	1/16	2/4	1	1	1/32			1/32	1		3	81	154
211/8	0.125	14	14	3/32	3/32	2/4	1	1	1/32			1/32	1		-2	82	155
53/2	0.125	14	14	1/8	1/8	2/4	1	1	1/32			1/32	1		-4	80	156
53/2	0.5	14	14	1/8	1/8	2/4	2	1	1/8			1/8	1		-4	80	169
213/8	0.125	14	14	5/32	5/32	2/4	1	1	1/32			1/32	1		-2	82	157
107/4	0.125	14	14	3/16	3/16	2/4	1	1	1/32			1/32	1		-4	80	158
215/8	0.125	14	14	7/32	7/32	2/4	1	1	1/32			1/32	1		-2	82	159
27	0.125	14	14	1/4	1/4	2/4	1	1	1/32			1/32	1		1	79	160
27	0.5	14	14	1/4	1/4	2/4	2	1	1/8			1/8	1		1	79	170
217/8	0.125	14	14	9/32	9/32	2/4	1	1	1/32			1/32	1		-2	82	161
109/4	0.125	14	14	5/16	5/16	2/4	1	1	1/32			1/32	1		1	79	162
219/8	0.125	14	14	11/32	11/32	2/4	1	1	1/32			1/32	1		-2	82	163
55/2	0.125	14	14	3/8	3/8	2/4	1	1	1/32			1/32	1		-6	78	164
55/2	0.5	14	14	3/8	3/8	2/4	2	1	1/8			1/8	1		-6	78	171
221/8	0.125	14	14	13/32	13/32	2/4	1	1	1/32			1/32	1		-2	82	165
111/4	0.125	14	14	7/16	7/16	2/4	1	1	1/32			1/32	1		-6	78	166
223/8	0.125	14	14	15/32	15/32	2/4	1	1	1/32			1/32	1		-2	82	167
28	0.125	15	15	0	0	2/4	1	1	1/32			1/32	1		3	69	172
28	0.5	15	15	0	0	2/4	2	1	1/8			1/8	1		3	69	188
225/8	0.125	15	15	1/32	1/32	2/4	1	1	1/32			1/32	1		-2	70	173
113/4	0.125	15	15	1/16	1/16	2/4	1	1	1/32			1/32	1		3	69	174
227/8	0.125	15	15	3/32	3/32	2/4	1	1	1/32			1/32	1		-2	70	175
57/2	0.125	15	15	1/8	1/8	2/4	1	1	1/32			1/32	1		-4	68	176
57/2	0.5	15	15	1/8	1/8	2/4	2	1	1/8			1/8	1		-4	68	189
229/8	0.125	15	15	5/32	5/32	2/4	1	1	1/32			1/32	1		-2	70	177
115/4	0.125	15	15	3/16	3/16	2/4	1	1	1/32			1/32	1		-4	68	178
231/8	0.125	15	15	7/32	7/32	2/4	1	1	1/32			1/32	1		-2	70	179
29	0.125	15	15	1/4	1/4	2/4	1	1	1/32			1/32	1		1	67	180
29	0.5	15	15	1/4	1/4	2/4	2	1	1/8			1/8	1		1	67	190
233/8	0.125	15	15	9/32	9/32	2/4	1	1	1/32			1/32	1		-2	70	181
117/4	0.125	15	15	5/16	5/16	2/4	1	1	1/32			1/32	1		1	67	182
235/8	0.125	15	15	11/32	11/32	2/4	1	1	1/32			1/32	1		-2	70	183
59/2	0.125	15	15	3/8	3/8	2/4	1	1	1/32			1/32	1		-6	66	184
59/2	0.5	15	15	3/8	3/8	2/4	2	1	1/8			1/8	1		-6	66	191
237/8	0.125	15	15	13/32	13/32	2/4	1	1	1/32			1/32	1		-2	70	185
119/4	0.125	15	15	7/16	7/16	2/4	1	1	1/32			1/32	1		-6	66	186
239/8	0.125	15	15	15/32	15/32	2/4	1	1	1/32			1/32	1		-2	70	187
30	0.0	16	16	0	0	2/4	1	1	0	grace8after		1/8	1		-2	58	192
30	2.0	16	16	0	0	2/4	1	1	1/2			1/2	1		3	57	193
32	1.0	17	17	0	0	2/4	1	1	1/4			1/4	1		-4	56	194
33	0.3333333333333333	17	17	1/4	1/4	2/4	1	1	1/12			1/8	2/3		3	57	195
100/3	0.3333333333333333	17	17	1/3	1/3	2/4	1	1	1/12			1/8	2/3		-2	58	196
101/3	0.3333333333333333	17	17	5/12	5/12	2/4	1	1	1/12			1/8	2/3		5	59	197
34	0.0	18	18	0	0	2/4	1	1	0	acciaccatura		1/8	1		0	60	198
34	0.5	18	18	0	0	2/4	2	1	1/8			1/8	1		-3	39	202
34	1.0	18	18	0	0	2/4	1	1	1/4			1/4	1		-1	53	199
34	1.0	18	18	0	0	2/4	1	1	1/4			1/4	1		-2	58	199
34	1.0	18	18	0	0	2/4	1	1	1/4			1/4	1		-5	61	199
69/2	1.0	18	18	1/8	1/8	2/4	2	1	1/4			1/4	1		-2	46	203
35	0.0	18	18	1/4	1/4	2/4	1	1	0	acciaccatura		1/8	1		0	72	200
35	1.0	18	18	1/4	1/4	2/4	1	1	1/4			1/4	1		-1	65	201
35	1.0	18	18	1/4	1/4	2/4	1	1	1/4			1/4	1		-2	70	201
35	1.0	18	18	1/4	1/4	2/4	1	1	1/4			1/4	1		-5	73	201
71/2	0.5	18	18	3/8	3/8	2/4	2	1	1/8			1/8	1		-3	39	204
36	0.0	19	19	0	0	2/4	1	1	0	acciaccatura		1/8	1		2	62	205
36	0.5	19	19	0	0	2/4	2	1	1/8			1/8	1		-3	39	209
36	1.0	19	19	0	0	2/4	1	1	1/4			1/4	1		1	55	206
36	1.0	19	19	0	0	2/4	1	1	1/4			1/4	1		-5	61	206
36	1.0	19	19	0	0	2/4	1	1	1/4			1/4	1		-3	63	206
73/2	1.0	19	19	1/8	1/8	2/4	2	1	1/4			1/4	1		-2	46	210
37	0.0	19	19	1/4	1/4	2/4	1	1	0	acciaccatura		1/8	1		2	74	207
37	1.0	19	19	1/4	1/4	2/4	1	1	1/4			1/4	1		1	67	208
37	1.0	19	19	1/4	1/4	2/4	1	1	1/4			1/4	1		-5	73	208
37	1.0	19	19	1/4	1/4	2/4	1	1	1/4			1/4	1		-3	75	208
75/2	0.5	19	19	3/8	3/8	2/4	2	1	1/8			1/8	1		-3	39	211
38	0.0	20	20	0	0	2/4	1	1	0	acciaccatura		1/8	1		4	64	212
38	0.5	20	20	0	0	2/4	2	2	1/8			1/8	1		-3	39	217
38	2.0	20	20	0	0	2/4	2	1	1/2			1/2	1	1	-3	39	216
38	0.5	20	20	0	0	2/4	1	1	1/8			1/8	1		-4	56	213
38	0.5	20	20	0	0	2/4	1	1	1/8			1/8	1		0	60	213
38	0.5	20	20	0	0	2/4	1	1	1/8			1/8	1		-1	65	213
77/2	0.0	20	20	1/8	1/8	2/4	1	1	0	acciaccatura		1/8	1		4	76	214
77/2	0.5	20	20	1/8	1/8	2/4	2	2	1/8			1/8	1		-2	46	218
77/2	0.5	20	20	1/8	1/8	2/4	1	1	1/8			1/8	1		-4	68	215
77/2	0.5	20	20	1/8	1/8	2/4	1	1	1/8			1/8	1		0	72	215
77/2	0.5	20	20	1/8	1/8	2/4	1	1	1/8			1/8	1		-1	77	215
39	0.5	20	20	1/4	1/4	2/4	2	2	1/8			1/8	1		-1	53	219
39	0.5	20	20	1/4	1/4	2/4	2	2	1/8			1/8	1		0	60	219
79/2	0.5	20	20	3/8	3/8	2/4	2	2	1/8			1/8	1		-1	65	220
79/2	0.5	20	20	3/8	3/8	2/4	2	2	1/8			1/8	1		0	72	220
40	2.0	21	21	0	0	2/4	2	1	1/2			1/2	1	-1	-3	39	222
40	0.5	21	21	0	0	2/4	1	1	1/8			1/8	1		-1	77	221
40	0.5	21	21	0	0	2/4	1	1	1/8			1/8	1		0	84	221
41	0.5	21	21	1/4	1/4	2/4	2	2	1/8			1/8	1		-2	46	223
83/2	0.5	21	21	3/8	3/8	2/4	2	2	1/8			1/8	1		-3	39	224
42	0.0	22	22	0	0	2/4	1	1	0	acciaccatura		1/8	1		6	66	225
42	0.5	22	22	0	0	2/4	2	2	1/8			1/8	1		-3	39	230
42	2.0	22	22	0	0	2/4	2	1	1/2			1/2	1	1	-3	39	229
42	2.0	22	22	0	0	2/4	1	1	1/2			1/2	1		5	59	226
42	2.0	22	22	0	0	2/4	1	1	1/2			1/2	1		2	62	226
42	2.0	22	22	0	0	2/4	1	1	1/2			1/2	1		-1	65	226
42	2.0	22	22	0	0	2/4	1	1	1/2			1/2	1		1	67	226
85/2	0.5	22	22	1/8	1/8	2/4	2	2	1/8			1/8	1		-2	46	231
43	0.5	22	22	1/4	1/4	2/4	1	2	1/8			1/8	1		1	79	227
43	0.5	22	22	1/4	1/4	2/4	1	2	1/8			1/8	1		2	86	227
87/2	0.5	22	22	3/8	3/8	2/4	1	2	1/8			1/8	1		1	67	228
87/2	0.5	22	22	3/8	3/8	2/4	1	2	1/8			1/8	1		2	74	228
44	2.0	23	23	0	0	2/4	2	1	1/2			1/2	1	-1	-3	39	232
44	0.5	23	23	0	0	2/4	2	2	1/8			1/8	1		1	55	233
44	0.5	23	23	0	0	2/4	2	2	1/8			1/8	1		2	62	233
46	0.0	24	24	0	0	2/4	1	1	0	acciaccatura		1/8	1		5	59	234
46	0.0	24	24	0	0	2/4	1	1	0	acciaccatura		1/8	1		2	62	234
46	2.0	24	24	0	0	2/4	2	1	1/2		1/4_c32_1	1/2	1		-3	39	242
46	2.0	24	24	0	0	2/4	2	1	1/2		1/4_c32_2	1/2	1		-2	46	243
46	0.5	24	24	0	0	2/4	1	2	1/8			1/8	1		-4	56	238
46	0.5	24	24	0	0	2/4	1	2	1/8			1/8	1		0	60	238
46	1.0	24	24	0	0	2/4	1	1	1/4			1/4	1		-3	63	235
93/2	0.5	24	24	1/8	1/8	2/4	1	2	1/8			1/8	1		1	55	239
93/2	0.5	24	24	1/8	1/8	2/4	1	2	1/8			1/8	1		-2	58	239
47	0.0	24	24	1/4	1/4	2/4	1	1	0	acciaccatura		1/8	1		5	59	236
47	0.0	24	24	1/4	1/4	2/4	1	1	0	acciaccatura		1/8	1		2	62	236
47	0.5	24	24	1/4	1/4	2/4	1	2	1/8			1/8	1		-4	56	240
47	0.5	24	24	1/4	1/4	2/4	1	2	1/8			1/8	1		0	60	240
47	1.0	24	24	1/4	1/4	2/4	1	1	1/4			1/4	1		-3	63	237
95/2	0.5	24	24	3/8	3/8	2/4	1	2	1/8			1/8	1		1	55	241
95/2	0.5	24	24	3/8	3/8	2/4	1	2	1/8			1/8	1		-2	58	241
48	0.0	25	25	0	0	2/4	1	1	0	acciaccatura		1/8	1		2	62	244
48	0.0	25	25	0	0	2/4	1	1	0	acciaccatura		1/8	1		8	68	244
48	2.0	25	25	0	0	2/4	2	1	1/2		1/4_c32_2	1/2	1		-7	35	253
48	2.0	25	25	0	0	2/4	2	1	1/2		1/4_c32_1	1/2	1		-7	47	252
48	0.5	25	25	0	0	2/4	1	2	1/8			1/8	1		5	59	248
48	0.5	25	25	0	0	2/4	1	2	1/8			1/8	1		-3	63	248
48	1.0	25	25	0	0	2/4	1	1	1/4			1/4	1		8	68	245
97/2	0.5	25	25	1/8	1/8	2/4	1	2	1/8			1/8	1		3	57	249
97/2	0.5	25	25	1/8	1/8	2/4	1	2	1/8			1/8	1		-5	61	249
49	0.0	25	25	1/4	1/4	2/4	1	1	0	acciaccatura		1/8	1		2	62	246
49	0.0	25	25	1/4	1/4	2/4	1	1	0	acciaccatura		1/8	1		-1	65	246
49	0.5	25	25	1/4	1/4	2/4	1	2	1/8			1/8	1		5	59	250
49	0.5	25	25	1/4	1/4	2/4	1	2	1/8			1/8	1		-3	63	250
49	1.0	25	25	1/4	1/4	2/4	1	1	1/4			1/4	1		8	68	247
99/2	0.5	25	25	3/8	3/8	2/4	1	2	1/8			1/8	1		3	57	251
99/2	0.5	25	25	3/8	3/8	2/4	1	2	1/8			1/8	1		-5	61	251
50	0.0	26	26	0	0	2/4	1	2	0	acciaccatura		1/8	1		5	59	257
50	0.0	26	26	0	0	2/4	1	2	0	acciaccatura		1/8	1		2	62	257
50	2.0	26	26	0	0	2/4	2	1	1/2		1/4_c32_1	1/2	1		-3	39	262
50	2.0	26	26	0	0	2/4	2	1	1/2		1/4_c32_2	1/2	1		-2	46	263
50	0.5	26	26	0	0	2/4	1	2	1/8			1/8	1		-4	56	258
50	0.5	26	26	0	0	2/4	1	2	1/8			1/8	1		0	60	258
50	1.0	26	26	0	0	2/4	1	1	1/4			1/4	1		-3	63	254
101/2	0.5	26	26	1/8	1/8	2/4	1	2	1/8			1/8	1		1	55	259
101/2	0.5	26	26	1/8	1/8	2/4	1	2	1/8			1/8	1		-2	58	259
51	0.0	26	26	1/4	1/4	2/4	1	1	0	acciaccatura		1/8	1		5	59	255
51	0.0	26	26	1/4	1/4	2/4	1	1	0	acciaccatura		1/8	1		2	62	255
51	0.5	26	26	1/4	1/4	2/4	1	2	1/8			1/8	1		-4	56	260
51	0.5	26	26	1/4	1/4	2/4	1	2	1/8			1/8	1		0	60	260
51	1.0	26	26	1/4	1/4	2/4	1	1	1/4			1/4	1		-3	63	256
103/2	0.5	26	26	3/8	3/8	2/4	1	2	1/8			1/8	1		1	55	261
103/2	0.5	26	26	3/8	3/8	2/4	1	2	1/8			1/8	1		-2	58	261
52	0.0	27	27	0	0	2/4	1	1	0	acciaccatura		1/8	1		2	62	264
52	0.0	27	27	0	0	2/4	1	1	0	acciaccatura		1/8	1		8	68	264
52	2.0	27	27	0	0	2/4	2	1	1/2		1/4_c32_2	1/2	1		-7	35	273
52	2.0	27	27	0	0	2/4	2	1	1/2		1/4_c32_1	1/2	1		-7	47	272
52	0.5	27	27	0	0	2/4	1	2	1/8			1/8	1		5	59	268
52	0.5	27	27	0	0	2/4	1	2	1/8			1/8	1		-3	63	268
52	1.0	27	27	0	0	2/4	1	1	1/4			1/4	1		8	68	265
105/2	0.5	27	27	1/8	1/8	2/4	1	2	1/8			1/8	1		3	57	269
105/2	0.5	27	27	1/8	1/8	2/4	1	2	1/8			1/8	1		-5	61	269
53	0.0	27	27	1/4	1/4	2/4	1	1	0	acciaccatura		1/8	1		2	62	266
53	0.0	27	27	1/4	1/4	2/4	1	1	0	acciaccatura		1/8	1		-1	65	266
53	0.5	27	27	1/4	1/4	2/4	1	2	1/8			1/8	1		5	59	270
53	0.5	27	27	1/4	1/4	2/4	1	2	1/8			1/8	1		-3	63	270
53	1.0	27	27	1/4	1/4	2/4	1	1	1/4			1/4	1		8	68	267
107/2	0.5	27	27	3/8	3/8	2/4	1	2	1/8			1/8	1		3	57	271
107/2	0.5	27	27	3/8	3/8	2/4	1	2	1/8			1/8	1		-5	61	271
54	0.0	28	28	0	0	2/4	1	1	0	acciaccatura		1/8	1		8	68	274
54	2.0	28	28	0	0	2/4	2	1	1/2		1/4_c32_1	1/2	1		-3	39	285
54	2.0	28	28	0	0	2/4	2	1	1/2		1/4_c32_2	1/2	1		-2	46	286
54	2.0	28	28	0	0	2/4	1	2	1/2			1/2	1		1	55	276
54	2.0	28	28	0	0	2/4	1	2	1/2			1/2	1		3	57	276
54	2.0	28	28	0	0	2/4	1	2	1/2			1/2	1		7	61	276
54	0.375	28	28	0	0	2/4	1	3	3/32			1/16	3/2		1	67	277
54	2.0	28	28	0	0	2/4	1	1	1/2			1/2	1		3	69	275
435/8	0.125	28	28	3/32	3/32	2/4	1	3	1/32			1/32	1		6	66	278
109/2	0.375	28	28	1/8	1/8	2/4	1	3	3/32			1/16	3/2		11	65	279
439/8	0.125	28	28	7/32	7/32	2/4	1	3	1/32			1/32	1		6	66	280
55	0.375	28	28	1/4	1/4	2/4	1	3	3/32			1/16	3/2		1	67	281
443/8	0.125	28	28	11/32	11/32	2/4	1	3	1/32			1/32	1		6	66	282
111/2	0.375	28	28	3/8	3/8	2/4	1	3	3/32			1/16	3/2		11	65	283
447/8	0.125	28	28	15/32	15/32	2/4	1	3	1/32			1/32	1		6	66	284
56	2.0	29	29	0	0	2/4	2	1	1/2		1/4_c32_1	1/2	1		-3	39	294
56	2.0	29	29	0	0	2/4	2	1	1/2		1/4_c32_2	1/2	1		-2	46	295
56	2.0	29	29	0	0	2/4	2	2	1/2			1/2	1		-4	56	296
56	2.0	29	29	0	0	2/4	2	2	1/2			1/2	1		-2	58	296
56	2.0	29	29	0	0	2/4	2	2	1/2			1/2	1		2	62	296
56	0.375	29	29	0	0	2/4	1	2	3/32			1/16	3/2		1	67	289
56	1.0	29	29	0	0	2/4	1	1	1/4			1/4	1		-2	70	287
451/8	0.125	29	29	3/32	3/32	2/4	1	2	1/32			1/32	1		-6	66	290
113/2	0.375	29	29	1/8	1/8	2/4	1	2	3/32			1/16	3/2		-1	65	291
455/8	0.125	29	29	7/32	7/32	2/4	1	2	1/32			1/32	1	1	-6	66	292
57	1.0	29	29	1/4	1/4	2/4	1	2	1/4			1/4	1	-1	-6	66	293
57	1.0	29	29	1/4	1/4	2/4	1	1	1/4			1/4	1		0	72	288
57	1.0	29	29	1/4	1/4	2/4	1	1	1/4			1/4	1		2	74	288
57	1.0	29	29	1/4	1/4	2/4	1	1	1/4			1/4	1		0	84	288
58	2.0	30	30	0	0	2/4	2	1	1/2			1/2	1	1	-3	27	305
58	0.375	30	30	0	0	2/4	1	1	3/32			1/16	3/2		-5	85	297
58	0.375	30	30	0	0	2/4	1	1	3/32			1/16	3/2		-3	87	297
467/8	0.125	30	30	3/32	3/32	2/4	1	1	1/32			1/32	1		-5	73	298
467/8	0.125	30	30	3/32	3/32	2/4	1	1	1/32			1/32	1		-3	75	298
117/2	0.375	30	30	1/8	1/8	2/4	1	1	3/32			1/16	3/2		-5	85	299
117/2	0.375	30	30	1/8	1/8	2/4	1	1	3/32			1/16	3/2		-3	87	299
471/8	0.125	30	30	7/32	7/32	2/4	1	1	1/32			1/32	1		-5	73	300
471/8	0.125	30	30	7/32	7/32	2/4	1	1	1/32			1/32	1		-3	75	300
59	0.375	30	30	1/4	1/4	2/4	1	1	3/32			1/16	3/2		-5	85	301
59	0.375	30	30	1/4	1/4	2/4	1	1	3/32			1/16	3/2		-3	87	301
475/8	0.125	30	30	11/32	11/32	2/4	1	1	1/32			1/32	1		-5	73	302
475/8	0.125	30	30	11/32	11/32	2/4	1	1	1/32			1/32	1		-3	75	302
119/2	0.375	30	30	3/8	3/8	2/4	1	1	3/32			1/16	3/2		-5	85	303
119/2	0.375	30	30	3/8	3/8	2/4	1	1	3/32			1/16	3/2		-3	87	303
479/8	0.125	30	30	15/32	15/32	2/4	1	1	1/32			1/32	1		-5	73	304
479/8	0.125	30	30	15/32	15/32	2/4	1	1	1/32			1/32	1		-3	75	304
60	2.0	31	31	0	0	2/4	2	1	1/2			1/2	1	-1	-3	27	314
60	0.375	31	31	0	0	2/4	1	1	3/32			1/16	3/2		-5	85	306
60	0.375	31	31	0	0	2/4	1	1	3/32			1/16	3/2		-3	87	306
483/8	0.125	31	31	3/32	3/32	2/4	1	1	1/32			1/32	1		-5	73	307
483/8	0.125	31	31	3/32	3/32	2/4	1	1	1/32			1/32	1		-3	75	307
121/2	0.375	31	31	1/8	1/8	2/4	1	1	3/32			1/16	3/2		-5	85	308
121/2	0.375	31	31	1/8	1/8	2/4	1	1	3/32			1/16	3/2		-3	87	308
487/8	0.125	31	31	7/32	7/32	2/4	1	1	1/32			1/32	1		-5	73	309
487/8	0.125	31	31	7/32	7/32	2/4	1	1	1/32			1/32	1		-3	75	309
61	0.375	31	31	1/4	1/4	2/4	1	1	3/32			1/16	3/2		-5	85	310
61	0.375	31	31	1/4	1/4	2/4	1	1	3/32			1/16	3/2		-3	87	310
491/8	0.125	31	31	11/32	11/32	2/4	1	1	1/32			1/32	1		-5	73	311
491/8	0.125	31	31	11/32	11/32	2/4	1	1	1/32			1/32	1		-3	75	311
123/2	0.375	31	31	3/8	3/8	2/4	1	1	3/32			1/16	3/2		-5	85	312
123/2	0.375	31	31	3/8	3/8	2/4	1	1	3/32			1/16	3/2		-3	87	312
495/8	0.125	31	31	15/32	15/32	2/4	1	1	1/32			1/32	1		-5	73	313
495/8	0.125	31	31	15/32	15/32	2/4	1	1	1/32			1/32	1		-3	75	313
62	1.0	32	32	0	0	3/4	2	1	1/4			1/4	1		-5	61	327
62	1.0	32	32	0	0	3/4	2	1	1/4			1/4	1		-1	65	327
62	1.0	32	32	0	0	3/4	2	1	1/4			1/4	1		-9	69	327
62	0.375	32	32	0	0	3/4	1	1	3/32			1/16	3/2		-5	85	315
62	0.375	32	32	0	0	3/4	1	1	3/32			1/16	3/2		-3	87	315
499/8	0.125	32	32	3/32	3/32	3/4	1	1	1/32			1/32	1		-5	73	316
499/8	0.125	32	32	3/32	3/32	3/4	1	1	1/32			1/32	1		-3	75	316
125/2	0.375	32	32	1/8	1/8	3/4	1	1	3/32			1/16	3/2		-5	85	317
125/2	0.375	32	32	1/8	1/8	3/4	1	1	3/32			1/16	3/2		-3	87	317
503/8	0.125	32	32	7/32	7/32	3/4	1	1	1/32			1/32	1		-5	73	318
503/8	0.125	32	32	7/32	7/32	3/4	1	1	1/32			1/32	1		-3	75	318
63	1.0	32	32	1/4	1/4	3/4	2	1	1/4			1/4	1		-3	63	328
63	1.0	32	32	1/4	1/4	3/4	2	1	1/4			1/4	1		-6	66	328
63	1.0	32	32	1/4	1/4	3/4	2	1	1/4			1/4	1		-7	71	328
63	0.375	32	32	1/4	1/4	3/4	1	1	3/32			1/16	3/2		-5	85	319
63	0.375	32	32	1/4	1/4	3/4	1	1	3/32			1/16	3/2		-3	87	319
507/8	0.125	32	32	11/32	11/32	3/4	1	1	1/32			1/32	1		-5	73	320
507/8	0.125	32	32	11/32	11/32	3/4	1	1	1/32			1/32	1		-3	75	320
127/2	0.375	32	32	3/8	3/8	3/4	1	1	3/32			1/16	3/2		-5	85	321
127/2	0.375	32	32	3/8	3/8	3/4	1	1	3/32			1/16	3/2		-3	87	321
511/8	0.125	32	32	15/32	15/32	3/4	1	1	1/32			1/32	1		-5	73	322
511/8	0.125	32	32	15/32	15/32	3/4	1	1	1/32			1/32	1		-3	75	322
64	0.5	32	32	1/2	1/2	3/4	2	1	1/8			1/8	1		-5	61	329
64	0.5	32	32	1/2	1/2	3/4	2	1	1/8			1/8	1		-1	65	329
64	0.5	32	32	1/2	1/2	3/4	2	1	1/8			1/8	1		-9	69	329
64	0.375	32	32	1/2	1/2	3/4	1	1	3/32			1/16	3/2		-5	85	323
64	0.375	32	32	1/2	1/2	3/4	1	1	3/32			1/16	3/2		-3	87	323
515/8	0.125	32	32	19/32	19/32	3/4	1	1	1/32			1/32	1		-5	73	324
515/8	0.125	32	32	19/32	19/32	3/4	1	1	1/32			1/32	1		-3	75	324
129/2	0.5	32	32	5/8	5/8	3/4	2	1	1/8			1/8	1		-7	59	330
129/2	0.5	32	32	5/8	5/8	3/4	2	1	1/8			1/8	1		-3	63	330
129/2	0.5	32	32	5/8	5/8	3/4	2	1	1/8			1/8	1		-4	68	330
129/2	0.375	32	32	5/8	5/8	3/4	1	1	3/32			1/16	3/2		-5	85	325
129/2	0.375	32	32	5/8	5/8	3/4	1	1	3/32			1/16	3/2		-3	87	325
519/8	0.125	32	32	23/32	23/32	3/4	1	1	1/32			1/32	1		-5	73	326
519/8	0.125	32	32	23/32	23/32	3/4	1	1	1/32			1/32	1		-3	75	326
65	0.5	33	33	0	0	3/4	2	1	1/8			1/8	1		-9	57	343
65	0.5	33	33	0	0	3/4	2	1	1/8			1/8	1		-5	61	343
65	0.5	33	33	0	0	3/4	2	1	1/8			1/8	1		-6	66	343
65	0.375	33	33	0	0	3/4	1	1	3/32			1/16	3/2		-5	85	331
65	0.375	33	33	0	0	3/4	1	1	3/32			1/16	3/2		-3	87	331
523/8	0.125	33	33	3/32	3/32	3/4	1	1	1/32			1/32	1		-5	73	332
523/8	0.125	33	33	3/32	3/32	3/4	1	1	1/32			1/32	1		-3	75	332
131/2	0.5	33	33	1/8	1/8	3/4	2	1	1/8			1/8	1		-7	59	344
131/2	0.5	33	33	1/8	1/8	3/4	2	1	1/8			1/8	1		-3	63	344
131/2	0.5	33	33	1/8	1/8	3/4	2	1	1/8			1/8	1		-4	68	344
131/2	0.375	33	33	1/8	1/8	3/4	1	1	3/32			1/16	3/2		-5	85	333
131/2	0.375	33	33	1/8	1/8	3/4	1	1	3/32			1/16	3/2		-3	87	333
527/8	0.125	33	33	7/32	7/32	3/4	1	1	1/32			1/32	1		-5	73	334
527/8	0.125	33	33	7/32	7/32	3/4	1	1	1/32			1/32	1		-3	75	334
66	1.0	33	33	1/4	1/4	3/4	2	1	1/4			1/4	1		-6	54	345
66	1.0	33	33	1/4	1/4	3/4	2	1	1/4			1/4	1		-9	57	345
66	1.0	33	33	1/4	1/4	3/4	2	1	1/4			1/4	1		-3	63	345
66	0.375	33	33	1/4	1/4	3/4	1	1	3/32			1/16	3/2		-5	85	335
66	0.375	33	33	1/4	1/4	3/4	1	1	3/32			1/16	3/2		-3	87	335
531/8	0.125	33	33	11/32	11/32	3/4	1	1	1/32			1/32	1		-5	73	336
531/8	0.125	33	33	11/32	11/32	3/4	1	1	1/32			1/32	1		-3	75	336
133/2	0.375	33	33	3/8	3/8	3/4	1	1	3/32			1/16	3/2		-5	85	337
133/2	0.375	33	33	3/8	3/8	3/4	1	1	3/32			1/16	3/2		-3	87	337
535/8	0.125	33	33	15/32	15/32	3/4	1	1	1/32			1/32	1		-5	73	338
535/8	0.125	33	33	15/32	15/32	3/4	1	1	1/32			1/32	1		-3	75	338
67	1.0	33	33	1/2	1/2	3/4	2	1	1/4			1/4	1		-9	57	346
67	1.0	33	33	1/2	1/2	3/4	2	1	1/4			1/4	1		-5	61	346
67	1.0	33	33	1/2	1/2	3/4	2	1	1/4			1/4	1		-6	66	346
67	0.375	33	33	1/2	1/2	3/4	1	1	3/32			1/16	3/2		-5	85	339
67	0.375	33	33	1/2	1/2	3/4	1	1	3/32			1/16	3/2		-3	87	339
539/8	0.125	33	33	19/32	19/32	3/4	1	1	1/32			1/32	1		-5	73	340
539/8	0.125	33	33	19/32	19/32	3/4	1	1	1/32			1/32	1		-3	75	340
135/2	0.375	33	33	5/8	5/8	3/4	1	1	3/32			1/16	3/2		-5	85	341
135/2	0.375	33	33	5/8	5/8	3/4	1	1	3/32			1/16	3/2		-3	87	341
543/8	0.125	33	33	23/32	23/32	3/4	1	1	1/32			1/32	1		-5	73	342
543/8	0.125	33	33	23/32	23/32	3/4	1	1	1/32			1/32	1		-3	75	342
68	0.125	34	34	0	0	3/4	2	1	1/32			1/32	1		-2	58	359
68	0.125	34	34	0	0	3/4	2	1	1/32			1/32	1		-3	63	359
68	0.125	34	34	0	0	3/4	2	1	1/32			1/32	1		1	67	359
68	0.375	34	34	0	0	3/4	1	1	3/32			1/16	3/2		-5	85	347
68	0.375	34	34	0	0	3/4	1	1	3/32			1/16	3/2		-3	87	347
545/8	0.875	34	34	1/32	1/32	3/4	2	1	7/32			1/8	7/4	1	-3	63	360
545/8	0.875	34	34	1/32	1/32	3/4	2	1	7/32			1/8	7/4	1	1	67	360
545/8	0.875	34	34	1/32	1/32	3/4	2	1	7/32			1/8	7/4	1	-2	70	360
547/8	0.125	34	34	3/32	3/32	3/4	1	1	1/32			1/32	1		-5	73	348
547/8	0.125	34	34	3/32	3/32	3/4	1	1	1/32			1/32	1		-3	75	348
137/2	0.375	34	34	1/8	1/8	3/4	1	1	3/32			1/16	3/2		-5	85	349
137/2	0.375	34	34	1/8	1/8	3/4	1	1	3/32			1/16	3/2		-3	87	349
551/8	0.125	34	34	7/32	7/32	3/4	1	1	1/32			1/32	1		-5	73	350
551/8	0.125	34	34	7/32	7/32	3/4	1	1	1/32			1/32	1		-3	75	350
69	1.0	34	34	1/4	1/4	3/4	3	1	1/4			1/4	1	1	-3	27	362
69	2.0	34	34	1/4	1/4	3/4	2	1	1/2			1/2	1	-1	-3	63	361
69	2.0	34	34	1/4	1/4	3/4	2	1	1/2			1/2	1	-1	1	67	361
69	2.0	34	34	1/4	1/4	3/4	2	1	1/2			1/2	1	-1	-2	70	361
69	0.375	34	34	1/4	1/4	3/4	1	1	3/32			1/16	3/2		-5	85	351
69	0.375	34	34	1/4	1/4	3/4	1	1	3/32			1/16	3/2		-3	87	351
555/8	0.125	34	34	11/32	11/32	3/4	1	1	1/32			1/32	1		-5	73	352
555/8	0.125	34	34	11/32	11/32	3/4	1	1	1/32			1/32	1		-3	75	352
139/2	0.375	34	34	3/8	3/8	3/4	1	1	3/32			1/16	3/2		-5	85	353
139/2	0.375	34	34	3/8	3/8	3/4	1	1	3/32			1/16	3/2		-3	87	353
559/8	0.125	34	34	15/32	15/32	3/4	1	1	1/32			1/32	1		-5	73	354
559/8	0.125	34	34	15/32	15/32	3/4	1	1	1/32			1/32	1		-3	75	354
70	0.5	34	34	1/2	1/2	3/4	3	1	1/8			1/8	1	-1	-3	27	363
70	0.375	34	34	1/2	1/2	3/4	1	1	3/32			1/16	3/2		-5	85	355
70	0.375	34	34	1/2	1/2	3/4	1	1	3/32			1/16	3/2		-3	87	355
563/8	0.125	34	34	19/32	19/32	3/4	1	1	1/32			1/32	1		-5	73	356
563/8	0.125	34	34	19/32	19/32	3/4	1	1	1/32			1/32	1		-3	75	356
141/2	0.375	34	34	5/8	5/8	3/4	1	1	3/32			1/16	3/2		-5	85	357
141/2	0.375	34	34	5/8	5/8	3/4	1	1	3/32			1/16	3/2		-3	87	357
567/8	0.125	34	34	23/32	23/32	3/4	1	1	1/32			1/32	1		-5	73	358
567/8	0.125	34	34	23/32	23/32	3/4	1	1	1/32			1/32	1		-3	75	358
71	0.125	35	35	0	0	3/4	2	1	1/32			1/32	1		-2	58	376
71	0.125	35	35	0	0	3/4	2	1	1/32			1/32	1		-3	63	376
71	0.125	35	35	0	0	3/4	2	1	1/32			1/32	1		1	67	376
71	0.375	35	35	0	0	3/4	1	1	3/32			1/16	3/2		-5	85	364
71	0.375	35	35	0	0	3/4	1	1	3/32			1/16	3/2		-3	87	364
569/8	0.375	35	35	1/32	1/32	3/4	2	1	3/32			1/16	3/2		-3	63	377
569/8	0.375	35	35	1/32	1/32	3/4	2	1	3/32			1/16	3/2		1	67	377
569/8	0.375	35	35	1/32	1/32	3/4	2	1	3/32			1/16	3/2		0	72	377
571/8	0.125	35	35	3/32	3/32	3/4	1	1	1/32			1/32	1		-5	73	365
571/8	0.125	35	35	3/32	3/32	3/4	1	1	1/32			1/32	1		-3	75	365
143/2	0.5	35	35	1/8	1/8	3/4	2	1	1/8			1/8	1	1	-3	63	378
143/2	0.5	35	35	1/8	1/8	3/4	2	1	1/8			1/8	1	1	1	67	378
143/2	0.5	35	35	1/8	1/8	3/4	2	1	1/8			1/8	1	1	-2	70	378
143/2	0.375	35	35	1/8	1/8	3/4	1	1	3/32			1/16	3/2		-5	85	366
143/2	0.375	35	35	1/8	1/8	3/4	1	1	3/32			1/16	3/2		-3	87	366
575/8	0.125	35	35	7/32	7/32	3/4	1	1	1/32			1/32	1		-5	73	367
575/8	0.125	35	35	7/32	7/32	3/4	1	1	1/32			1/32	1		-3	75	367
72	1.0	35	35	1/4	1/4	3/4	3	1	1/4			1/4	1	1	-3	27	380
72	2.0	35	35	1/4	1/4	3/4	2	1	1/2			1/2	1	-1	-3	63	379
72	2.0	35	35	1/4	1/4	3/4	2	1	1/2			1/2	1	-1	1	67	379
72	2.0	35	35	1/4	1/4	3/4	2	1	1/2			1/2	1	-1	-2	70	379
72	0.375	35	35	1/4	1/4	3/4	1	1	3/32			1/16	3/2		-5	85	368
72	0.375	35	35	1/4	1/4	3/4	1	1	3/32			1/16	3/2		-3	87	368
579/8	0.125	35	35	11/32	11/32	3/4	1	1	1/32			1/32	1		-5	73	369
579/8	0.125	35	35	11/32	11/32	3/4	1	1	1/32			1/32	1		-3	75	369
145/2	0.375	35	35	3/8	3/8	3/4	1	1	3/32			1/16	3/2		-5	85	370
145/2	0.375	35	35	3/8	3/8	3/4	1	1	3/32			1/16	3/2		-3	87	370
583/8	0.125	35	35	15/32	15/32	3/4	1	1	1/32			1/32	1		-5	73	371
583/8	0.125	35	35	15/32	15/32	3/4	1	1	1/32			1/32	1		-3	75	371
73	0.5	35	35	1/2	1/2	3/4	3	1	1/8			1/8	1	-1	-3	27	381
73	0.375	35	35	1/2	1/2	3/4	1	1	3/32			1/16	3/2		-5	85	372
73	0.375	35	35	1/2	1/2	3/4	1	1	3/32			1/16	3/2		-3	87	372
587/8	0.125	35	35	19/32	19/32	3/4	1	1	1/32			1/32	1		-5	73	373
587/8	0.125	35	35	19/32	19/32	3/4	1	1	1/32			1/32	1		-3	75	373
147/2	0.375	35	35	5/8	5/8	3/4	1	1	3/32			1/16	3/2		-5	85	374
147/2	0.375	35	35	5/8	5/8	3/4	1	1	3/32			1/16	3/2		-3	87	374
591/8	0.125	35	35	23/32	23/32	3/4	1	1	1/32			1/32	1		-5	73	375
591/8	0.125	35	35	23/32	23/32	3/4	1	1	1/32			1/32	1		-3	75	375
74	1.0	36	36	0	0	3/4	2	1	1/4			1/4	1		-5	61	394
74	1.0	36	36	0	0	3/4	2	1	1/4			1/4	1		-8	64	394
74	1.0	36	36	0	0	3/4	2	1	1/4			1/4	1		-9	69	394
74	0.375	36	36	0	0	3/4	1	1	3/32			1/16	3/2		-5	85	382
74	0.375	36	36	0	0	3/4	1	1	3/32			1/16	3/2		-3	87	382
595/8	0.125	36	36	3/32	3/32	3/4	1	1	1/32			1/32	1		-5	73	383
595/8	0.125	36	36	3/32	3/32	3/4	1	1	1/32			1/32	1		-3	75	383
149/2	0.375	36	36	1/8	1/8	3/4	1	1	3/32			1/16	3/2		-5	85	384
149/2	0.375	36	36	1/8	1/8	3/4	1	1	3/32			1/16	3/2		-3	87	384
599/8	0.125	36	36	7/32	7/32	3/4	1	1	1/32			1/32	1		-5	73	385
599/8	0.125	36	36	7/32	7/32	3/4	1	1	1/32			1/32	1		-3	75	385
75	1.0	36	36	1/4	1/4	3/4	2	1	1/4			1/4	1		-3	63	395
75	1.0	36	36	1/4	1/4	3/4	2	1	1/4			1/4	1		-6	66	395
75	1.0	36	36	1/4	1/4	3/4	2	1	1/4			1/4	1		-7	71	395
75	0.375	36	36	1/4	1/4	3/4	1	1	3/32			1/16	3/2		-5	85	386
75	0.375	36	36	1/4	1/4	3/4	1	1	3/32			1/16	3/2		-3	87	386
603/8	0.125	36	36	11/32	11/32	3/4	1	1	1/32			1/32	1		-5	73	387
603/8	0.125	36	36	11/32	11/32	3/4	1	1	1/32			1/32	1		-3	75	387
151/2	0.375	36	36	3/8	3/8	3/4	1	1	3/32			1/16	3/2		-5	85	388
151/2	0.375	36	36	3/8	3/8	3/4	1	1	3/32			1/16	3/2		-3	87	388
607/8	0.125	36	36	15/32	15/32	3/4	1	1	1/32			1/32	1		-5	73	389
607/8	0.125	36	36	15/32	15/32	3/4	1	1	1/32			1/32	1		-3	75	389
76	0.5	36	36	1/2	1/2	3/4	2	1	1/8			1/8	1		-5	61	396
76	0.5	36	36	1/2	1/2	3/4	2	1	1/8			1/8	1		-8	64	396
76	0.5	36	36	1/2	1/2	3/4	2	1	1/8			1/8	1		-9	69	396
76	0.375	36	36	1/2	1/2	3/4	1	1	3/32			1/16	3/2		-5	85	390
76	0.375	36	36	1/2	1/2	3/4	1	1	3/32			1/16	3/2		-3	87	390
611/8	0.125	36	36	19/32	19/32	3/4	1	1	1/32			1/32	1		-5	73	391
611/8	0.125	36	36	19/32	19/32	3/4	1	1	1/32			1/32	1		-3	75	391
153/2	0.5	36	36	5/8	5/8	3/4	2	1	1/8			1/8	1		-7	59	397
153/2	0.5	36	36	5/8	5/8	3/4	2	1	1/8			1/8	1		-3	63	397
153/2	0.5	36	36	5/8	5/8	3/4	2	1	1/8			1/8	1		-4	68	397
153/2	0.375	36	36	5/8	5/8	3/4	1	1	3/32			1/16	3/2		-5	85	392
153/2	0.375	36	36	5/8	5/8	3/4	1	1	3/32			1/16	3/2		-3	87	392
615/8	0.125	36	36	23/32	23/32	3/4	1	1	1/32			1/32	1		-5	73	393
615/8	0.125	36	36	23/32	23/32	3/4	1	1	1/32			1/32	1		-3	75	393
77	0.5	37	37	0	0	3/4	2	1	1/8			1/8	1		-9	57	410
77	0.5	37	37	0	0	3/4	2	1	1/8			1/8	1		-5	61	410
77	0.5	37	37	0	0	3/4	2	1	1/8			1/8	1		-6	66	410
77	0.375	37	37	0	0	3/4	1	1	3/32			1/16	3/2		-5	85	398
77	0.375	37	37	0	0	3/4	1	1	3/32			1/16	3/2		-3	87	398
619/8	0.125	37	37	3/32	3/32	3/4	1	1	1/32			1/32	1		-5	73	399
619/8	0.125	37	37	3/32	3/32	3/4	1	1	1/32			1/32	1		-3	75	399
155/2	0.5	37	37	1/8	1/8	3/4	2	1	1/8			1/8	1		-7	59	411
155/2	0.5	37	37	1/8	1/8	3/4	2	1	1/8			1/8	1		-3	63	411
155/2	0.5	37	37	1/8	1/8	3/4	2	1	1/8			1/8	1		-4	68	411
155/2	0.375	37	37	1/8	1/8	3/4	1	1	3/32			1/16	3/2		-5	85	400
155/2	0.375	37	37	1/8	1/8	3/4	1	1	3/32			1/16	3/2		-3	87	400
623/8	0.125	37	37	7/32	7/32	3/4	1	1	1/32			1/32	1		-5	73	401
623/8	0.125	37	37	7/32	7/32	3/4	1	1	1/32			1/32	1		-3	75	401
78	1.0	37	37	1/4	1/4	3/4	2	1	1/4			1/4	1		-6	54	412
78	1.0	37	37	1/4	1/4	3/4	2	1	1/4			1/4	1		-9	57	412
78	1.0	37	37	1/4	1/4	3/4	2	1	1/4			1/4	1		-3	63	412
78	0.375	37	37	1/4	1/4	3/4	1	1	3/32			1/16	3/2		-5	85	402
78	0.375	37	37	1/4	1/4	3/4	1	1	3/32			1/16	3/2		-3	87	402
627/8	0.125	37	37	11/32	11/32	3/4	1	1	1/32			1/32	1		-5	73	403
627/8	0.125	37	37	11/32	11/32	3/4	1	1	1/32			1/32	1		-3	75	403
157/2	0.375	37	37	3/8	3/8	3/4	1	1	3/32			1/16	3/2		-5	85	404
157/2	0.375	37	37	3/8	3/8	3/4	1	1	3/32			1/16	3/2		-3	87	404
631/8	0.125	37	37	15/32	15/32	3/4	1	1	1/32			1/32	1		-5	73	405
631/8	0.125	37	37	15/32	15/32	3/4	1	1	1/32			1/32	1		-3	75	405
79	1.0	37	37	1/2	1/2	3/4	2	1	1/4			1/4	1		-9	57	413
79	1.0	37	37	1/2	1/2	3/4	2	1	1/4			1/4	1		-5	61	413
79	1.0	37	37	1/2	1/2	3/4	2	1	1/4			1/4	1		-6	66	413
79	0.375	37	37	1/2	1/2	3/4	1	1	3/32			1/16	3/2		-5	85	406
79	0.375	37	37	1/2	1/2	3/4	1	1	3/32			1/16	3/2		-3	87	406
635/8	0.125	37	37	19/32	19/32	3/4	1	1	1/32			1/32	1		-5	73	407
635/8	0.125	37	37	19/32	19/32	3/4	1	1	1/32			1/32	1		-3	75	407
159/2	0.375	37	37	5/8	5/8	3/4	1	1	3/32			1/16	3/2		-5	85	408
159/2	0.375	37	37	5/8	5/8	3/4	1	1	3/32			1/16	3/2		-3	87	408
639/8	0.125	37	37	23/32	23/32	3/4	1	1	1/32			1/32	1		-5	73	409
639/8	0.125	37	37	23/32	23/32	3/4	1	1	1/32			1/32	1		-3	75	409
80	1.0	38	38	0	0	2/4	2	1	1/4			1/4	1		-8	52	422
80	1.0	38	38	0	0	2/4	2	1	1/4			1/4	1		-4	56	422
80	1.0	38	38	0	0	2/4	2	1	1/4			1/4	1		-5	61	422
80	0.375	38	38	0	0	2/4	1	1	3/32			1/16	3/2		-5	85	414
80	0.375	38	38	0	0	2/4	1	1	3/32			1/16	3/2		-3	87	414
643/8	0.125	38	38	3/32	3/32	2/4	1	1	1/32			1/32	1		-5	73	415
643/8	0.125	38	38	3/32	3/32	2/4	1	1	1/32			1/32	1		-3	75	415
161/2	0.375	38	38	1/8	1/8	2/4	1	1	3/32			1/16	3/2		-5	85	416
161/2	0.375	38	38	1/8	1/8	2/4	1	1	3/32			1/16	3/2		-3	87	416
647/8	0.125	38	38	7/32	7/32	2/4	1	1	1/32			1/32	1		-5	73	417
647/8	0.125	38	38	7/32	7/32	2/4	1	1	1/32			1/32	1		-3	75	417
81	1.0	38	38	1/4	1/4	2/4	2	1	1/4			1/4	1		-5	49	423
81	1.0	38	38	1/4	1/4	2/4	2	1	1/4			1/4	1		-6	54	423
81	1.0	38	38	1/4	1/4	2/4	2	1	1/4			1/4	1		-2	58	423
81	0.375	38	38	1/4	1/4	2/4	1	1	3/32			1/16	3/2		-5	85	418
81	0.375	38	38	1/4	1/4	2/4	1	1	3/32			1/16	3/2		-3	87	418
651/8	0.125	38	38	11/32	11/32	2/4	1	1	1/32			1/32	1		-5	73	419
651/8	0.125	38	38	11/32	11/32	2/4	1	1	1/32			1/32	1		-3	75	419
163/2	0.375	38	38	3/8	3/8	2/4	1	1	3/32			1/16	3/2		-5	85	420
163/2	0.375	38	38	3/8	3/8	2/4	1	1	3/32			1/16	3/2		-3	87	420
655/8	0.125	38	38	15/32	15/32	2/4	1	1	1/32			1/32	1		-5	73	421
655/8	0.125	38	38	15/32	15/32	2/4	1	1	1/32			1/32	1		-3	75	421
82	1.5	39	39	0	0	2/4	2	1	3/8			1/4	3/2		-2	46	432
82	1.5	39	39	0	0	2/4	2	1	3/8			1/4	3/2		-3	51	432
82	1.5	39	39	0	0	2/4	2	1	3/8			1/4	3/2		1	55	432
82	0.375	39	39	0	0	2/4	1	1	3/32			1/16	3/2		-5	85	424
82	0.375	39	39	0	0	2/4	1	1	3/32			1/16	3/2		-3	87	424
659/8	0.125	39	39	3/32	3/32	2/4	1	1	1/32			1/32	1		-5	73	425
659/8	0.125	39	39	3/32	3/32	2/4	1	1	1/32			1/32	1		-3	75	425
165/2	0.375	39	39	1/8	1/8	2/4	1	1	3/32			1/16	3/2		-5	85	426
165/2	0.375	39	39	1/8	1/8	2/4	1	1	3/32			1/16	3/2		-3	87	426
663/8	0.125	39	39	7/32	7/32	2/4	1	1	1/32			1/32	1		-5	73	427
663/8	0.125	39	39	7/32	7/32	2/4	1	1	1/32			1/32	1		-3	75	427
83	1.0	39	39	1/4	1/4	2/4	2	2	1/4			1/4	1		-3	27	434
83	0.375	39	39	1/4	1/4	2/4	1	1	3/32			1/16	3/2		-5	85	428
83	0.375	39	39	1/4	1/4	2/4	1	1	3/32			1/16	3/2		-3	87	428
667/8	0.125	39	39	11/32	11/32	2/4	1	1	1/32			1/32	1		-5	73	429
667/8	0.125	39	39	11/32	11/32	2/4	1	1	1/32			1/32	1		-3	75	429
167/2	0.5	39	39	3/8	3/8	2/4	2	1	1/8			1/8	1		-5	49	433
167/2	0.5	39	39	3/8	3/8	2/4	2	1	1/8			1/8	1		-6	54	433
167/2	0.5	39	39	3/8	3/8	2/4	2	1	1/8			1/8	1		-2	58	433
167/2	0.375	39	39	3/8	3/8	2/4	1	1	3/32			1/16	3/2		-5	85	430
167/2	0.375	39	39	3/8	3/8	2/4	1	1	3/32			1/16	3/2		-3	87	430
671/8	0.125	39	39	15/32	15/32	2/4	1	1	1/32			1/32	1		-5	73	431
671/8	0.125	39	39	15/32	15/32	2/4	1	1	1/32			1/32	1		-3	75	431
84	1.0	40	40	0	0	3/4	2	1	1/4			1/4	1		-1	53	447
84	1.0	40	40	0	0	3/4	2	1	1/4			1/4	1		-4	56	447
84	1.0	40	40	0	0	3/4	2	1	1/4			1/4	1		-5	61	447
84	0.375	40	40	0	0	3/4	1	1	3/32			1/16	3/2		-5	85	435
84	0.375	40	40	0	0	3/4	1	1	3/32			1/16	3/2		-3	87	435
675/8	0.125	40	40	3/32	3/32	3/4	1	1	1/32			1/32	1		-5	73	436
675/8	0.125	40	40	3/32	3/32	3/4	1	1	1/32			1/32	1		-3	75	436
169/2	0.375	40	40	1/8	1/8	3/4	1	1	3/32			1/16	3/2		-5	85	437
169/2	0.375	40	40	1/8	1/8	3/4	1	1	3/32			1/16	3/2		-3	87	437
679/8	0.125	40	40	7/32	7/32	3/4	1	1	1/32			1/32	1		-5	73	438
679/8	0.125	40	40	7/32	7/32	3/4	1	1	1/32			1/32	1		-3	75	438
85	1.0	40	40	1/4	1/4	3/4	2	1	1/4			1/4	1		-4	56	448
85	1.0	40	40	1/4	1/4	3/4	2	1	1/4			1/4	1		-5	61	448
85	1.0	40	40	1/4	1/4	3/4	2	1	1/4			1/4	1		-1	65	448
85	0.375	40	40	1/4	1/4	3/4	1	1	3/32			1/16	3/2		-5	85	439
85	0.375	40	40	1/4	1/4	3/4	1	1	3/32			1/16	3/2		-3	87	439
683/8	0.125	40	40	11/32	11/32	3/4	1	1	1/32			1/32	1		-5	73	440
683/8	0.125	40	40	11/32	11/32	3/4	1	1	1/32			1/32	1		-3	75	440
171/2	0.375	40	40	3/8	3/8	3/4	1	1	3/32			1/16	3/2		-5	85	441
171/2	0.375	40	40	3/8	3/8	3/4	1	1	3/32			1/16	3/2		-3	87	441
687/8	0.125	40	40	15/32	15/32	3/4	1	1	1/32			1/32	1		-5	73	442
687/8	0.125	40	40	15/32	15/32	3/4	1	1	1/32			1/32	1		-3	75	442
86	1.0	40	40	1/2	1/2	3/4	2	1	1/4			1/4	1		-5	61	449
86	1.0	40	40	1/2	1/2	3/4	2	1	1/4			1/4	1		-1	65	449
86	1.0	40	40	1/2	1/2	3/4	2	1	1/4			1/4	1		-4	68	449
86	0.375	40	40	1/2	1/2	3/4	1	1	3/32			1/16	3/2		-5	85	443
86	0.375	40	40	1/2	1/2	3/4	1	1	3/32			1/16	3/2		-3	87	443
691/8	0.125	40	40	19/32	19/32	3/4	1	1	1/32			1/32	1		-5	73	444
691/8	0.125	40	40	19/32	19/32	3/4	1	1	1/32			1/32	1		-3	75	444
173/2	0.375	40	40	5/8	5/8	3/4	1	1	3/32			1/16	3/2		-5	85	445
173/2	0.375	40	40	5/8	5/8	3/4	1	1	3/32			1/16	3/2		-3	87	445
695/8	0.125	40	40	23/32	23/32	3/4	1	1	1/32			1/32	1		-5	73	446
695/8	0.125	40	40	23/32	23/32	3/4	1	1	1/32			1/32	1		-3	75	446
87	0.3333333333333333	41	41	0	0	2/4	2	1	1/12			1/8	2/3		-3	63	458
87	0.3333333333333333	41	41	0	0	2/4	2	1	1/12			1/8	2/3		-6	66	458
87	0.3333333333333333	41	41	0	0	2/4	2	1	1/12			1/8	2/3		-7	71	458
87	0.375	41	41	0	0	2/4	1	1	3/32			1/16	3/2		-5	85	450
87	0.375	41	41	0	0	2/4	1	1	3/32			1/16	3/2		-3	87	450
262/3	0.5833333333333334	41	41	1/12	1/12	2/4	2	1	7/48			1/8	7/6		-3	51	459
262/3	0.5833333333333334	41	41	1/12	1/12	2/4	2	1	7/48			1/8	7/6		-6	54	459
262/3	0.5833333333333334	41	41	1/12	1/12	2/4	2	1	7/48			1/8	7/6		-7	59	459
699/8	0.125	41	41	3/32	3/32	2/4	1	1	1/32			1/32	1		-5	73	451
699/8	0.125	41	41	3/32	3/32	2/4	1	1	1/32			1/32	1		-3	75	451
175/2	0.375	41	41	1/8	1/8	2/4	1	1	3/32			1/16	3/2		-5	85	452
175/2	0.375	41	41	1/8	1/8	2/4	1	1	3/32			1/16	3/2		-3	87	452
703/8	0.125	41	41	7/32	7/32	2/4	1	1	1/32			1/32	1		-5	73	453
703/8	0.125	41	41	7/32	7/32	2/4	1	1	1/32			1/32	1		-3	75	453
1055/12	0.08333333333333333	41	41	11/48	11/48	2/4	2	1	1/48			1/32	2/3		-7	59	460
1055/12	0.08333333333333333	41	41	11/48	11/48	2/4	2	1	1/48			1/32	2/3		-3	63	460
1055/12	0.08333333333333333	41	41	11/48	11/48	2/4	2	1	1/48			1/32	2/3		-6	66	460
88	1.0	41	41	1/4	1/4	2/4	2	1	1/4			1/4	1		-7	59	461
88	1.0	41	41	1/4	1/4	2/4	2	1	1/4			1/4	1		-3	63	461
88	1.0	41	41	1/4	1/4	2/4	2	1	1/4			1/4	1		-6	66	461
88	0.375	41	41	1/4	1/4	2/4	1	1	3/32			1/16	3/2		-5	85	454
88	0.375	41	41	1/4	1/4	2/4	1	1	3/32			1/16	3/2		-3	87	454
707/8	0.125	41	41	11/32	11/32	2/4	1	1	1/32			1/32	1		-5	73	455
707/8	0.125	41	41	11/32	11/32	2/4	1	1	1/32			1/32	1		-3	75	455
177/2	0.5	41	41	3/8	3/8	2/4	2	2	1/8			1/8	1		-3	27	462
177/2	0.375	41	41	3/8	3/8	2/4	1	1	3/32			1/16	3/2		-5	85	456
177/2	0.375	41	41	3/8	3/8	2/4	1	1	3/32			1/16	3/2		-3	87	456
711/8	0.125	41	41	15/32	15/32	2/4	1	1	1/32			1/32	1		-5	73	457
711/8	0.125	41	41	15/32	15/32	2/4	1	1	1/32			1/32	1		-3	75	457
89	0.16666666666666666	42	42	0	0	2/4	2	1	1/24			1/16	2/3		-4	80	465
89	1.0	42	42	0	0	2/4	1	1	1/4			1/4	1		-5	85	463
89	1.0	42	42	0	0	2/4	1	1	1/4			1/4	1		-3	87	463
535/6	0.16666666666666666	42	42	1/24	1/24	2/4	2	1	1/24			1/16	2/3		1	79	466
268/3	0.16666666666666666	42	42	1/12	1/12	2/4	2	1	1/24			1/16	2/3		-6	78	467
179/2	0.16666666666666666	42	42	1/8	1/8	2/4	2	1	1/24			1/16	2/3		0	84	468
269/3	0.16666666666666666	42	42	1/6	1/6	2/4	2	1	1/24			1/16	2/3		-3	75	469
539/6	0.16666666666666666	42	42	5/24	5/24	2/4	2	1	1/24			1/16	2/3		-7	71	470
90	0.16666666666666666	42	42	1/4	1/4	2/4	2	1	1/24			1/16	2/3		-4	80	471
90	1.0	42	42	1/4	1/4	2/4	1	1	1/4			1/4	1		-5	85	464
90	1.0	42	42	1/4	1/4	2/4	1	1	1/4			1/4	1		-3	87	464
541/6	0.16666666666666666	42	42	7/24	7/24	2/4	2	1	1/24			1/16	2/3		1	79	472
271/3	0.16666666666666666	42	42	1/3	1/3	2/4	2	1	1/24			1/16	2/3		-6	78	473
181/2	0.16666666666666666	42	42	3/8	3/8	2/4	2	1	1/24			1/16	2/3		0	84	474
272/3	0.16666666666666666	42	42	5/12	5/12	2/4	2	1	1/24			1/16	2/3		-3	75	475
545/6	0.16666666666666666	42	42	11/24	11/24	2/4	2	1	1/24			1/16	2/3		-7	71	476
91	0.3333333333333333	43	43	0	0	2/4	2	1	1/12			1/8	2/3		-3	63	485
91	0.3333333333333333	43	43	0	0	2/4	2	1	1/12			1/8	2/3		-6	66	485
91	0.3333333333333333	43	43	0	0	2/4	2	1	1/12			1/8	2/3		-7	71	485
91	0.375	43	43	0	0	2/4	1	1	3/32			1/16	3/2		-5	85	477
91	0.375	43	43	0	0	2/4	1	1	3/32			1/16	3/2		-3	87	477
274/3	0.5833333333333334	43	43	1/12	1/12	2/4	2	1	7/48			1/8	7/6		-3	51	486
274/3	0.5833333333333334	43	43	1/12	1/12	2/4	2	1	7/48			1/8	7/6		-6	54	486
274/3	0.5833333333333334	43	43	1/12	1/12	2/4	2	1	7/48			1/8	7/6		-7	59	486
731/8	0.125	43	43	3/32	3/32	2/4	1	1	1/32			1/32	1		-5	73	478
731/8	0.125	43	43	3/32	3/32	2/4	1	1	1/32			1/32	1		-3	75	478
183/2	0.375	43	43	1/8	1/8	2/4	1	1	3/32			1/16	3/2		-5	85	479
183/2	0.375	43	43	1/8	1/8	2/4	1	1	3/32			1/16	3/2		-3	87	479
735/8	0.125	43	43	7/32	7/32	2/4	1	1	1/32			1/32	1		-5	73	480
735/8	0.125	43	43	7/32	7/32	2/4	1	1	1/32			1/32	1		-3	75	480
1103/12	0.08333333333333333	43	43	11/48	11/48	2/4	2	1	1/48			1/32	2/3		-7	59	487
1103/12	0.08333333333333333	43	43	11/48	11/48	2/4	2	1	1/48			1/32	2/3		-3	63	487
1103/12	0.08333333333333333	43	43	11/48	11/48	2/4	2	1	1/48			1/32	2/3		-6	66	487
92	1.0	43	43	1/4	1/4	2/4	2	1	1/4			1/4	1		-7	59	488
92	1.0	43	43	1/4	1/4	2/4	2	1	1/4			1/4	1		-3	63	488
92	1.0	43	43	1/4	1/4	2/4	2	1	1/4			1/4	1		-6	66	488
92	0.375	43	43	1/4	1/4	2/4	1	1	3/32			1/16	3/2		-5	85	481
92	0.375	43	43	1/4	1/4	2/4	1	1	3/32			1/16	3/2		-3	87	481
739/8	0.125	43	43	11/32	11/32	2/4	1	1	1/32			1/32	1		-5	73	482
739/8	0.125	43	43	11/32	11/32	2/4	1	1	1/32			1/32	1		-3	75	482
185/2	0.5	43	43	3/8	3/8	2/4	2	2	1/8			1/8	1		-3	27	489
185/2	0.375	43	43	3/8	3/8	2/4	1	1	3/32			1/16	3/2		-5	85	483
185/2	0.375	43	43	3/8	3/8	2/4	1	1	3/32			1/16	3/2		-3	87	483
743/8	0.125	43	43	15/32	15/32	2/4	1	1	1/32			1/32	1		-5	73	484
743/8	0.125	43	43	15/32	15/32	2/4	1	1	1/32			1/32	1		-3	75	484
93	0.16666666666666666	44	44	0	0	2/4	2	1	1/24			1/16	2/3		-4	80	492
93	1.0	44	44	0	0	2/4	1	1	1/4			1/4	1		-5	85	490
93	1.0	44	44	0	0	2/4	1	1	1/4			1/4	1		-3	87	490
559/6	0.16666666666666666	44	44	1/24	1/24	2/4	2	1	1/24			1/16	2/3		1	79	493
280/3	0.16666666666666666	44	44	1/12	1/12	2/4	2	1	1/24			1/16	2/3		-6	78	494
187/2	0.16666666666666666	44	44	1/8	1/8	2/4	2	1	1/24			1/16	2/3		0	84	495
281/3	0.16666666666666666	44	44	1/6	1/6	2/4	2	1	1/24			1/16	2/3		-3	75	496
563/6	0.16666666666666666	44	44	5/24	5/24	2/4	2	1	1/24			1/16	2/3		-7	71	497
94	0.16666666666666666	44	44	1/4	1/4	2/4	2	1	1/24			1/16	2/3		-4	80	498
94	1.0	44	44	1/4	1/4	2/4	1	1	1/4			1/4	1		-5	85	491
94	1.0	44	44	1/4	1/4	2/4	1	1	1/4			1/4	1		-3	87	491
565/6	0.16666666666666666	44	44	7/24	7/24	2/4	2	1	1/24			1/16	2/3		1	79	499
283/3	0.16666666666666666	44	44	1/3	1/3	2/4	2	1	1/24			1/16	2/3		-6	78	500
189/2	0.16666666666666666	44	44	3/8	3/8	2/4	2	1	1/24			1/16	2/3		0	84	501
284/3	0.16666666666666666	44	44	5/12	5/12	2/4	2	1	1/24			1/16	2/3		-3	75	502
569/6	0.16666666666666666	44	44	11/24	11/24	2/4	2	1	1/24			1/16	2/3		-7	71	503
95	0.16666666666666666	45	45	0	0	2/4	2	1	1/24			1/16	2/3		-4	80	506
95	1.0	45	45	0	0	2/4	1	1	1/4			1/4	1		-5	85	504
95	1.0	45	45	0	0	2/4	1	1	1/4			1/4	1		-3	87	504
571/6	0.16666666666666666	45	45	1/24	1/24	2/4	2	1	1/24			1/16	2/3		1	79	507
286/3	0.16666666666666666	45	45	1/12	1/12	2/4	2	1	1/24			1/16	2/3		-6	78	508
191/2	0.16666666666666666	45	45	1/8	1/8	2/4	2	1	1/24			1/16	2/3		-7	83	509
287/3	0.16666666666666666	45	45	1/6	1/6	2/4	2	1	1/24			1/16	2/3		-3	75	510
575/6	0.16666666666666666	45	45	5/24	5/24	2/4	2	1	1/24			1/16	2/3		-7	71	511
96	0.16666666666666666	45	45	1/4	1/4	2/4	2	1	1/24			1/16	2/3		-5	73	512
96	1.0	45	45	1/4	1/4	2/4	1	1	1/4			1/4	1		1	79	505
96	1.0	45	45	1/4	1/4	2/4	1	1	1/4			1/4	1		-4	80	505
577/6	0.16666666666666666	45	45	7/24	7/24	2/4	2	1	1/24			1/16	2/3		0	72	513
289/3	0.16666666666666666	45	45	1/3	1/3	2/4	2	1	1/24			1/16	2/3		-7	71	514
193/2	0.16666666666666666	45	45	3/8	3/8	2/4	2	1	1/24			1/16	2/3		-8	76	515
290/3	0.16666666666666666	45	45	5/12	5/12	2/4	2	1	1/24			1/16	2/3		-4	68	516
581/6	0.16666666666666666	45	45	11/24	11/24	2/4	2	1	1/24			1/16	2/3		-8	64	517
97	0.16666666666666666	46	46	0	0	2/4	2	1	1/24			1/16	2/3		-4	80	520
97	1.0	46	46	0	0	2/4	1	1	1/4			1/4	1		-5	85	518
97	1.0	46	46	0	0	2/4	1	1	1/4			1/4	1		-3	87	518
583/6	0.16666666666666666	46	46	1/24	1/24	2/4	2	1	1/24			1/16	2/3		1	79	521
292/3	0.16666666666666666	46	46	1/12	1/12	2/4	2	1	1/24			1/16	2/3		-6	78	522
195/2	0.16666666666666666	46	46	1/8	1/8	2/4	2	1	1/24			1/16	2/3		-7	83	523
293/3	0.16666666666666666	46	46	1/6	1/6	2/4	2	1	1/24			1/16	2/3		-3	75	524
587/6	0.16666666666666666	46	46	5/24	5/24	2/4	2	1	1/24			1/16	2/3		-7	71	525
98	0.16666666666666666	46	46	1/4	1/4	2/4	2	1	1/24			1/16	2/3		-5	73	526
98	1.0	46	46	1/4	1/4	2/4	1	1	1/4			1/4	1		1	79	519
98	1.0	46	46	1/4	1/4	2/4	1	1	1/4			1/4	1		-4	80	519
589/6	0.16666666666666666	46	46	7/24	7/24	2/4	2	1	1/24			1/16	2/3		0	72	527
295/3	0.16666666666666666	46	46	1/3	1/3	2/4	2	1	1/24			1/16	2/3		-7	71	528
197/2	0.16666666666666666	46	46	3/8	3/8	2/4	2	1	1/24			1/16	2/3		-8	76	529
296/3	0.16666666666666666	46	46	5/12	5/12	2/4	2	1	1/24			1/16	2/3		-4	68	530
593/6	0.16666666666666666	46	46	11/24	11/24	2/4	2	1	1/24			1/16	2/3		-8	64	531
99	0.16666666666666666	47	47	0	0	2/4	2	1	1/24			1/16	2/3		-4	68	534
99	1.0	47	47	0	0	2/4	1	1	1/4			1/4	1		-5	73	532
99	1.0	47	47	0	0	2/4	1	1	1/4			1/4	1		-3	75	532
595/6	0.16666666666666666	47	47	1/24	1/24	2/4	2	1	1/24			1/16	2/3		1	67	535
298/3	0.16666666666666666	47	47	1/12	1/12	2/4	2	1	1/24			1/16	2/3		-6	66	536
199/2	0.16666666666666666	47	47	1/8	1/8	2/4	2	1	1/24			1/16	2/3		-7	71	537
299/3	0.16666666666666666	47	47	1/6	1/6	2/4	2	1	1/24			1/16	2/3		-5	61	538
599/6	0.16666666666666666	47	47	5/24	5/24	2/4	2	1	1/24			1/16	2/3		-7	59	539
100	0.16666666666666666	47	47	1/4	1/4	2/4	2	1	1/24			1/16	2/3		-4	68	540
100	1.0	47	47	1/4	1/4	2/4	1	1	1/4			1/4	1		-5	73	533
100	1.0	47	47	1/4	1/4	2/4	1	1	1/4			1/4	1		-3	75	533
601/6	0.16666666666666666	47	47	7/24	7/24	2/4	2	1	1/24			1/16	2/3		1	67	541
301/3	0.16666666666666666	47	47	1/3	1/3	2/4	2	1	1/24			1/16	2/3		-6	66	542
201/2	0.16666666666666666	47	47	3/8	3/8	2/4	2	1	1/24			1/16	2/3		-7	71	543
302/3	0.16666666666666666	47	47	5/12	5/12	2/4	2	1	1/24			1/16	2/3		-5	61	544
605/6	0.16666666666666666	47	47	11/24	11/24	2/4	2	1	1/24			1/16	2/3		-7	59	545
101	0.16666666666666666	48	48	0	0	2/4	2	1	1/24			1/16	2/3		-4	68	548
101	1.0	48	48	0	0	2/4	1	1	1/4			1/4	1		-5	73	546
101	1.0	48	48	0	0	2/4	1	1	1/4			1/4	1		-3	75	546
607/6	0.16666666666666666	48	48	1/24	1/24	2/4	2	1	1/24			1/16	2/3		1	67	549
304/3	0.16666666666666666	48	48	1/12	1/12	2/4	2	1	1/24			1/16	2/3		-6	66	550
203/2	0.16666666666666666	48	48	1/8	1/8	2/4	2	1	1/24			1/16	2/3		-7	71	551
305/3	0.16666666666666666	48	48	1/6	1/6	2/4	2	1	1/24			1/16	2/3		-5	61	552
611/6	0.16666666666666666	48	48	5/24	5/24	2/4	2	1	1/24			1/16	2/3		-7	59	553
102	0.16666666666666666	48	48	1/4	1/4	2/4	2	1	1/24			1/16	2/3		-4	68	554
102	1.0	48	48	1/4	1/4	2/4	1	1	1/4			1/4	1		-5	73	547
102	1.0	48	48	1/4	1/4	2/4	1	1	1/4			1/4	1		-3	75	547
613/6	0.16666666666666666	48	48	7/24	7/24	2/4	2	1	1/24			1/16	2/3		1	67	555
307/3	0.16666666666666666	48	48	1/3	1/3	2/4	2	1	1/24			1/16	2/3		-6	66	556
205/2	0.16666666666666666	48	48	3/8	3/8	2/4	2	1	1/24			1/16	2/3		-7	71	557
308/3	0.16666666666666666	48	48	5/12	5/12	2/4	2	1	1/24			1/16	2/3		-7	59	558
617/6	0.16666666666666666	48	48	11/24	11/24	2/4	2	1	1/24			1/16	2/3		-5	61	559
103	0.0	49	49	0	0	2/4	1	1	0	acciaccatura		1/8	1		0	72	560
103	0.0	49	49	0	0	2/4	2	1	0	acciaccatura		1/8	1		2	62	564
103	2.0	49	49	0	0	2/4	2	1	1/2			1/2	1		-1	53	565
103	2.0	49	49	0	0	2/4	2	1	1/2			1/2	1		-2	58	565
103	2.0	49	49	0	0	2/4	2	1	1/2			1/2	1		-5	61	565
103	1.0	49	49	0	0	2/4	1	1	1/4			1/4	1		-1	65	561
103	1.0	49	49	0	0	2/4	1	1	1/4			1/4	1		-2	70	561
103	1.0	49	49	0	0	2/4	1	1	1/4			1/4	1		-5	73	561
207/2	0.5	49	49	1/8	1/8	2/4	2	2	1/8			1/8	1		-3	51	566
104	0.0	49	49	1/4	1/4	2/4	1	1	0	acciaccatura		1/8	1		0	84	562
104	0.5	49	49	1/4	1/4	2/4	2	2	1/8			1/8	1		-2	46	567
104	1.0	49	49	1/4	1/4	2/4	1	1	1/4			1/4	1		-1	77	563
104	1.0	49	49	1/4	1/4	2/4	1	1	1/4			1/4	1		-2	82	563
104	1.0	49	49	1/4	1/4	2/4	1	1	1/4			1/4	1		-5	85	563
209/2	0.5	49	49	3/8	3/8	2/4	2	2	1/8			1/8	1		-3	39	568
105	0.0	50	50	0	0	2/4	1	1	0	acciaccatura		1/8	1		2	74	569
105	0.0	50	50	0	0	2/4	2	1	0	acciaccatura		1/8	1		-8	64	573
105	2.0	50	50	0	0	2/4	2	1	1/2			1/2	1		1	55	574
105	2.0	50	50	0	0	2/4	2	1	1/2			1/2	1		2	62	574
105	2.0	50	50	0	0	2/4	2	1	1/2			1/2	1		-3	63	574
105	1.0	50	50	0	0	2/4	1	1	1/4			1/4	1		1	67	570
105	1.0	50	50	0	0	2/4	1	1	1/4			1/4	1		-5	73	570
105	1.0	50	50	0	0	2/4	1	1	1/4			1/4	1		-3	75	570
211/2	0.5	50	50	1/8	1/8	2/4	2	2	1/8			1/8	1		-3	51	575
106	0.0	50	50	1/4	1/4	2/4	1	1	0	acciaccatura		1/8	1		2	86	571
106	0.5	50	50	1/4	1/4	2/4	2	2	1/8			1/8	1		-2	46	576
106	1.0	50	50	1/4	1/4	2/4	1	1	1/4			1/4	1		1	79	572
106	1.0	50	50	1/4	1/4	2/4	1	1	1/4			1/4	1		-5	85	572
106	1.0	50	50	1/4	1/4	2/4	1	1	1/4			1/4	1		-3	87	572
213/2	0.5	50	50	3/8	3/8	2/4	2	2	1/8			1/8	1		-3	39	577
107	0.0	51	51	0	0	2/4	1	1	0	acciaccatura		1/8	1		4	76	578
107	0.0	51	51	0	0	2/4	2	1	0	acciaccatura		1/8	1		1	67	582
107	2.0	51	51	0	0	2/4	2	1	1/2			1/2	1	1	-4	56	583
107	2.0	51	51	0	0	2/4	2	1	1/2			1/2	1	1	0	60	583
107	2.0	51	51	0	0	2/4	2	1	1/2			1/2	1	1	-1	65	583
107	1.0	51	51	0	0	2/4	1	1	1/4			1/4	1		-4	68	579
107	1.0	51	51	0	0	2/4	1	1	1/4			1/4	1		0	72	579
107	1.0	51	51	0	0	2/4	1	1	1/4			1/4	1		-1	77	579
215/2	0.5	51	51	1/8	1/8	2/4	2	2	1/8			1/8	1		-3	51	584
108	0.0	51	51	1/4	1/4	2/4	1	1	0	acciaccatura		1/8	1		4	88	580
108	0.5	51	51	1/4	1/4	2/4	2	2	1/8			1/8	1		-2	46	585
108	1.0	51	51	1/4	1/4	2/4	1	1	1/4			1/4	1		-4	80	581
108	1.0	51	51	1/4	1/4	2/4	1	1	1/4			1/4	1		0	84	581
108	1.0	51	51	1/4	1/4	2/4	1	1	1/4			1/4	1		-1	89	581
217/2	0.5	51	51	3/8	3/8	2/4	2	2	1/8			1/8	1		-3	39	586
109	0.5	52	52	0	0	2/4	2	2	1/8			1/8	1		-2	46	588
109	2.0	52	52	0	0	2/4	2	1	1/2			1/2	1	-1	-4	56	587
109	2.0	52	52	0	0	2/4	2	1	1/2			1/2	1	-1	0	60	587
109	2.0	52	52	0	0	2/4	2	1	1/2			1/2	1	-1	-1	65	587
219/2	0.5	52	52	1/8	1/8	2/4	2	2	1/8			1/8	1		-3	51	589
110	0.5	52	52	1/4	1/4	2/4	2	2	1/8			1/8	1		-2	58	590
221/2	0.5	52	52	3/8	3/8	2/4	2	2	1/8			1/8	1		-3	63	591
111	0.0	53	53	0	0	2/4	1	1	0	acciaccatura		1/8	1		6	66	592
111	0.0	53	53	0	0	2/4	2	1	0	grace16		1/16	1		7	37	594
111	0.0	53	53	0	0	2/4	2	1	0	grace16		1/16	1		7	49	595
111	2.0	53	53	0	0	2/4	1	1	1/2			1/2	1	1	5	59	593
111	2.0	53	53	0	0	2/4	2	1	1/2			1/2	1	1	7	61	596
111	2.0	53	53	0	0	2/4	1	1	1/2			1/2	1	1	2	62	593
111	2.0	53	53	0	0	2/4	1	1	1/2			1/2	1	1	-1	65	593
111	2.0	53	53	0	0	2/4	1	1	1/2			1/2	1	1	1	67	593
113	1.0	54	54	0	0	2/4	1	1	1/4			1/4	1	-1	5	59	597
113	2.0	54	54	0	0	2/4	2	1	1/2			1/2	1	-1	7	61	598
113	1.0	54	54	0	0	2/4	1	1	1/4			1/4	1	-1	2	62	597
113	1.0	54	54	0	0	2/4	1	1	1/4			1/4	1	-1	-1	65	597
113	1.0	54	54	0	0	2/4	1	1	1/4			1/4	1	-1	1	67	597
115	1.0	55	55	0	0	2/4	2	1	1/4			1/4	1		7	61	614
115	0.125	55	55	0	0	2/4	1	1	1/32			1/32	1		-1	65	599
921/8	0.125	55	55	1/32	1/32	2/4	1	1	1/32			1/32	1		1	67	600
461/4	0.125	55	55	1/16	1/16	2/4	1	1	1/32			1/32	1		3	69	601
923/8	0.125	55	55	3/32	3/32	2/4	1	1	1/32			1/32	1		5	71	602
231/2	0.125	55	55	1/8	1/8	2/4	1	1	1/32			1/32	1		-1	77	603
925/8	0.125	55	55	5/32	5/32	2/4	1	1	1/32			1/32	1		1	79	604
463/4	0.125	55	55	3/16	3/16	2/4	1	1	1/32			1/32	1		3	81	605
927/8	0.125	55	55	7/32	7/32	2/4	1	1	1/32			1/32	1		5	83	606
116	1.0	55	55	1/4	1/4	2/4	2	1	1/4			1/4	1		7	61	615
929/8	0.125	55	55	9/32	9/32	2/4	1	1	1/32			1/32	1		9	87	607
465/4	0.125	55	55	5/16	5/16	2/4	1	1	1/32			1/32	1		5	83	608
931/8	0.125	55	55	11/32	11/32	2/4	1	1	1/32			1/32	1		8	80	609
233/2	0.125	55	55	3/8	3/8	2/4	1	1	1/32			1/32	1		11	77	610
933/8	0.125	55	55	13/32	13/32	2/4	1	1	1/32			1/32	1		9	75	611
467/4	0.125	55	55	7/16	7/16	2/4	1	1	1/32			1/32	1		5	71	612
935/8	0.125	55	55	15/32	15/32	2/4	1	1	1/32			1/32	1		8	68	613
117	1.0	56	56	0	0	2/4	2	1	1/4			1/4	1		7	61	631
117	0.125	56	56	0	0	2/4	1	1	1/32			1/32	1		-1	65	616
937/8	0.125	56	56	1/32	1/32	2/4	1	1	1/32			1/32	1		1	67	617
469/4	0.125	56	56	1/16	1/16	2/4	1	1	1/32			1/32	1		3	69	618
939/8	0.125	56	56	3/32	3/32	2/4	1	1	1/32			1/32	1		5	71	619
235/2	0.125	56	56	1/8	1/8	2/4	1	1	1/32			1/32	1		-1	77	620
941/8	0.125	56	56	5/32	5/32	2/4	1	1	1/32			1/32	1		1	79	621
471/4	0.125	56	56	3/16	3/16	2/4	1	1	1/32			1/32	1		3	81	622
943/8	0.125	56	56	7/32	7/32	2/4	1	1	1/32			1/32	1		5	83	623
118	1.0	56	56	1/4	1/4	2/4	2	1	1/4			1/4	1		7	61	632
945/8	0.125	56	56	9/32	9/32	2/4	1	1	1/32			1/32	1		9	87	624
473/4	0.125	56	56	5/16	5/16	2/4	1	1	1/32			1/32	1		5	83	625
947/8	0.125	56	56	11/32	11/32	2/4	1	1	1/32			1/32	1		8	80	626
237/2	0.125	56	56	3/8	3/8	2/4	1	1	1/32			1/32	1		11	77	627
949/8	0.125	56	56	13/32	13/32	2/4	1	1	1/32			1/32	1		9	75	628
475/4	0.125	56	56	7/16	7/16	2/4	1	1	1/32			1/32	1		5	71	629
951/8	0.125	56	56	15/32	15/32	2/4	1	1	1/32			1/32	1		8	68	630
119	2.0	57	57	0	0	2/4	2	1	1/2			1/2	1	1	7	37	645
119	2.0	57	57	0	0	2/4	2	1	1/2			1/2	1	1	3	45	645
119	2.0	57	57	0	0	2/4	2	1	1/2			1/2	1	1	4	52	645
119	2.0	57	57	0	0	2/4	1	1	1/2			1/2	1		3	57	633
119	2.0	57	57	0	0	2/4	1	1	1/2			1/2	1		4	64	633
119	2.0	57	57	0	0	2/4	1	1	1/2			1/2	1		1	67	633
119	0.375	57	57	0	0	2/4	1	2	3/32			1/16	3/2		3	69	634
955/8	0.125	57	57	3/32	3/32	2/4	1	2	1/32			1/32	1		5	71	635
239/2	0.375	57	57	1/8	1/8	2/4	1	2	3/32			1/16	3/2		4	76	636
959/8	0.125	57	57	7/32	7/32	2/4	1	2	1/32			1/32	1		7	73	637
120	0.375	57	57	1/4	1/4	2/4	1	2	3/32			1/16	3/2		5	71	638
963/8	0.125	57	57	11/32	11/32	2/4	1	2	1/32			1/32	1		3	69	639
963/8	0.125	57	57	11/32	11/32	2/4	1	3	1/32			1/32	1		3	81	642
241/2	0.375	57	57	3/8	3/8	2/4	1	2	3/32			1/16	3/2		1	67	640
241/2	0.375	57	57	3/8	3/8	2/4	1	3	3/32			1/16	3/2		1	79	643
967/8	0.125	57	57	15/32	15/32	2/4	1	2	1/32			1/32	1		6	66	641
967/8	0.125	57	57	15/32	15/32	2/4	1	3	1/32			1/32	1		6	78	644
121	2.0	58	58	0	0	2/4	2	1	1/2			1/2	1	-1	7	37	651
121	2.0	58	58	0	0	2/4	2	1	1/2			1/2	1	-1	3	45	651
121	2.0	58	58	0	0	2/4	2	1	1/2			1/2	1	-1	4	52	651
121	0.375	58	58	0	0	2/4	2	2	3/32			1/16	3/2		4	64	652
121	0.375	58	58	0	0	2/4	1	1	3/32			1/16	3/2		4	76	646
971/8	0.125	58	58	3/32	3/32	2/4	2	2	1/32			1/32	1		6	66	653
971/8	0.125	58	58	3/32	3/32	2/4	1	1	1/32			1/32	1		6	78	647
243/2	0.375	58	58	1/8	1/8	2/4	2	2	3/32			1/16	3/2		5	71	654
243/2	0.375	58	58	1/8	1/8	2/4	1	1	3/32			1/16	3/2		5	83	648
975/8	0.125	58	58	7/32	7/32	2/4	2	2	1/32			1/32	1		1	67	655
975/8	0.125	58	58	7/32	7/32	2/4	1	1	1/32			1/32	1		1	79	649
122	0.16666666666666666	58	58	1/4	1/4	2/4	2	2	1/24			1/16	2/3		4	64	656
122	0.25	58	58	1/4	1/4	2/4	1	1	1/16			1/16	1		4	76	650
733/6	0.16666666666666666	58	58	7/24	7/24	2/4	2	2	1/24			1/16	2/3		6	66	657
367/3	0.16666666666666666	58	58	1/3	1/3	2/4	2	2	1/24			1/16	2/3		1	67	658
245/2	0.16666666666666666	58	58	3/8	3/8	2/4	2	2	1/24			1/16	2/3		3	69	659
368/3	0.16666666666666666	58	58	5/12	5/12	2/4	2	2	1/24			1/16	2/3		5	71	660
737/6	0.16666666666666666	58	58	11/24	11/24	2/4	2	2	1/24			1/16	2/3		1	67	661
123	1.0	59	59	0	0	2/4	2	1	1/4			1/4	1		7	61	677
123	0.125	59	59	0	0	2/4	1	1	1/32			1/32	1		-1	65	662
985/8	0.125	59	59	1/32	1/32	2/4	1	1	1/32			1/32	1		1	67	663
493/4	0.125	59	59	1/16	1/16	2/4	1	1	1/32			1/32	1		3	69	664
987/8	0.125	59	59	3/32	3/32	2/4	1	1	1/32			1/32	1		5	71	665
247/2	0.125	59	59	1/8	1/8	2/4	1	1	1/32			1/32	1		-1	77	666
989/8	0.125	59	59	5/32	5/32	2/4	1	1	1/32			1/32	1		1	79	667
495/4	0.125	59	59	3/16	3/16	2/4	1	1	1/32			1/32	1		3	81	668
991/8	0.125	59	59	7/32	7/32	2/4	1	1	1/32			1/32	1		5	83	669
124	1.0	59	59	1/4	1/4	2/4	2	1	1/4			1/4	1		7	61	678
993/8	0.125	59	59	9/32	9/32	2/4	1	1	1/32			1/32	1		9	87	670
497/4	0.125	59	59	5/16	5/16	2/4	1	1	1/32			1/32	1		5	83	671
995/8	0.125	59	59	11/32	11/32	2/4	1	1	1/32			1/32	1		8	80	672
249/2	0.125	59	59	3/8	3/8	2/4	1	1	1/32			1/32	1		11	77	673
997/8	0.125	59	59	13/32	13/32	2/4	1	1	1/32			1/32	1		9	75	674
499/4	0.125	59	59	7/16	7/16	2/4	1	1	1/32			1/32	1		5	71	675
999/8	0.125	59	59	15/32	15/32	2/4	1	1	1/32			1/32	1		8	68	676
125	1.0	60	60	0	0	2/4	2	1	1/4			1/4	1		7	61	694
125	0.125	60	60	0	0	2/4	1	1	1/32			1/32	1		-1	65	679
1001/8	0.125	60	60	1/32	1/32	2/4	1	1	1/32			1/32	1		1	67	680
501/4	0.125	60	60	1/16	1/16	2/4	1	1	1/32			1/32	1		3	69	681
1003/8	0.125	60	60	3/32	3/32	2/4	1	1	1/32			1/32	1		5	71	682
251/2	0.125	60	60	1/8	1/8	2/4	1	1	1/32			1/32	1		-1	77	683
1005/8	0.125	60	60	5/32	5/32	2/4	1	1	1/32			1/32	1		1	79	684
503/4	0.125	60	60	3/16	3/16	2/4	1	1	1/32			1/32	1		3	81	685
1007/8	0.125	60	60	7/32	7/32	2/4	1	1	1/32			1/32	1		5	83	686
126	1.0	60	60	1/4	1/4	2/4	2	1	1/4			1/4	1		7	61	695
1009/8	0.125	60	60	9/32	9/32	2/4	1	1	1/32			1/32	1		9	87	687
505/4	0.125	60	60	5/16	5/16	2/4	1	1	1/32			1/32	1		5	83	688
1011/8	0.125	60	60	11/32	11/32	2/4	1	1	1/32			1/32	1		8	80	689
253/2	0.125	60	60	3/8	3/8	2/4	1	1	1/32			1/32	1		11	77	690
1013/8	0.125	60	60	13/32	13/32	2/4	1	1	1/32			1/32	1		9	75	691
507/4	0.125	60	60	7/16	7/16	2/4	1	1	1/32			1/32	1		5	71	692
1015/8	0.125	60	60	15/32	15/32	2/4	1	1	1/32			1/32	1		8	68	693
127	2.0	61	61	0	0	2/4	2	1	1/2			1/2	1	1	7	37	708
127	2.0	61	61	0	0	2/4	2	1	1/2			1/2	1	1	3	45	708
127	2.0	61	61	0	0	2/4	2	1	1/2			1/2	1	1	4	52	708
127	2.0	61	61	0	0	2/4	1	1	1/2			1/2	1		3	57	696
127	2.0	61	61	0	0	2/4	1	1	1/2			1/2	1		4	64	696
127	2.0	61	61	0	0	2/4	1	1	1/2			1/2	1		1	67	696
127	0.375	61	61	0	0	2/4	1	2	3/32			1/16	3/2		3	69	697
1019/8	0.125	61	61	3/32	3/32	2/4	1	2	1/32			1/32	1		5	71	698
255/2	0.375	61	61	1/8	1/8	2/4	1	2	3/32			1/16	3/2		4	76	699
1023/8	0.125	61	61	7/32	7/32	2/4	1	2	1/32			1/32	1		7	73	700
128	0.375	61	61	1/4	1/4	2/4	1	2	3/32			1/16	3/2		5	71	701
1027/8	0.125	61	61	11/32	11/32	2/4	1	2	1/32			1/32	1		3	69	702
1027/8	0.125	61	61	11/32	11/32	2/4	1	3	1/32			1/32	1		3	81	705
257/2	0.375	61	61	3/8	3/8	2/4	1	2	3/32			1/16	3/2		1	67	703
257/2	0.375	61	61	3/8	3/8	2/4	1	3	3/32			1/16	3/2		1	79	706
1031/8	0.125	61	61	15/32	15/32	2/4	1	2	1/32			1/32	1		6	66	704
1031/8	0.125	61	61	15/32	15/32	2/4	1	3	1/32			1/32	1		6	78	707
129	2.0	62	62	0	0	2/4	2	1	1/2			1/2	1	-1	7	37	714
129	2.0	62	62	0	0	2/4	2	1	1/2			1/2	1	-1	3	45	714
129	2.0	62	62	0	0	2/4	2	1	1/2			1/2	1	-1	4	52	714
129	0.375	62	62	0	0	2/4	2	2	3/32			1/16	3/2		4	64	715
129	0.375	62	62	0	0	2/4	1	1	3/32			1/16	3/2		4	76	709
1035/8	0.125	62	62	3/32	3/32	2/4	2	2	1/32			1/32	1		6	66	716
1035/8	0.125	62	62	3/32	3/32	2/4	1	1	1/32			1/32	1		6	78	710
259/2	0.375	62	62	1/8	1/8	2/4	2	2	3/32			1/16	3/2		5	71	717
259/2	0.375	62	62	1/8	1/8	2/4	1	1	3/32			1/16	3/2		5	83	711
1039/8	0.125	62	62	7/32	7/32	2/4	2	2	1/32			1/32	1		1	67	718
1039/8	0.125	62	62	7/32	7/32	2/4	1	1	1/32			1/32	1		1	79	712
130	0.16666666666666666	62	62	1/4	1/4	2/4	2	2	1/24			1/16	2/3		4	64	719
130	0.25	62	62	1/4	1/4	2/4	1	1	1/16			1/16	1		4	76	713
781/6	0.16666666666666666	62	62	7/24	7/24	2/4	2	2	1/24			1/16	2/3		6	66	720
391/3	0.16666666666666666	62	62	1/3	1/3	2/4	2	2	1/24			1/16	2/3		1	67	721
261/2	0.16666666666666666	62	62	3/8	3/8	2/4	2	2	1/24			1/16	2/3		3	69	722
392/3	0.16666666666666666	62	62	5/12	5/12	2/4	2	2	1/24			1/16	2/3		5	71	723
785/6	0.16666666666666666	62	62	11/24	11/24	2/4	2	2	1/24			1/16	2/3		1	67	724
131	0.0	63	63	0	0	2/4	2	2	0	grace16		1/16	1		-2	46	734
131	0.0	63	63	0	0	2/4	2	2	0	grace16		1/16	1		-1	53	735
131	0.0	63	63	0	0	2/4	2	2	0	grace16		1/16	1		-4	56	736
131	2.0	63	63	0	0	2/4	2	1	1/2			1/2	1	1	-2	34	733
131	0.125	63	63	0	0	2/4	2	3	1/32			1/32	1		-1	53	739
131	1.0	63	63	0	0	2/4	2	2	1/4			1/4	1		0	60	737
131	0.375	63	63	0	0	2/4	1	1	3/32			1/16	3/2		-1	77	725
1049/8	0.125	63	63	1/32	1/32	2/4	2	3	1/32			1/32	1		-4	56	740
525/4	0.125	63	63	1/16	1/16	2/4	2	3	1/32			1/32	1		-1	53	741
1051/8	0.125	63	63	3/32	3/32	2/4	2	3	1/32			1/32	1		-4	56	742
1051/8	0.125	63	63	3/32	3/32	2/4	1	1	1/32			1/32	1		1	79	726
263/2	0.125	63	63	1/8	1/8	2/4	2	3	1/32			1/32	1		-1	53	743
263/2	0.375	63	63	1/8	1/8	2/4	1	1	3/32			1/16	3/2		0	84	727
1053/8	0.125	63	63	5/32	5/32	2/4	2	3	1/32			1/32	1		-4	56	744
527/4	0.125	63	63	3/16	3/16	2/4	2	3	1/32			1/32	1		-1	53	745
1055/8	0.125	63	63	7/32	7/32	2/4	2	3	1/32			1/32	1		-4	56	746
1055/8	0.125	63	63	7/32	7/32	2/4	1	1	1/32			1/32	1		-4	80	728
132	0.125	63	63	1/4	1/4	2/4	2	3	1/32			1/32	1		-1	53	747
132	1.0	63	63	1/4	1/4	2/4	2	2	1/4			1/4	1		2	62	738
132	0.375	63	63	1/4	1/4	2/4	1	1	3/32			1/16	3/2		1	79	729
1057/8	0.125	63	63	9/32	9/32	2/4	2	3	1/32			1/32	1		-4	56	748
529/4	0.125	63	63	5/16	5/16	2/4	2	3	1/32			1/32	1		-1	53	749
1059/8	0.125	63	63	11/32	11/32	2/4	2	3	1/32			1/32	1		-4	56	750
1059/8	0.125	63	63	11/32	11/32	2/4	1	1	1/32			1/32	1		-1	77	730
265/2	0.125	63	63	3/8	3/8	2/4	2	3	1/32			1/32	1		-1	53	751
265/2	0.375	63	63	3/8	3/8	2/4	1	1	3/32			1/16	3/2		-3	75	731
1061/8	0.125	63	63	13/32	13/32	2/4	2	3	1/32			1/32	1		-4	56	752
531/4	0.125	63	63	7/16	7/16	2/4	2	3	1/32			1/32	1		-1	53	753
1063/8	0.125	63	63	15/32	15/32	2/4	2	3	1/32			1/32	1		-4	56	754
1063/8	0.125	63	63	15/32	15/32	2/4	1	1	1/32			1/32	1		2	74	732
133	2.0	64	64	0	0	2/4	2	1	1/2			1/2	1	0	-2	34	765
133	0.125	64	64	0	0	2/4	2	3	1/32			1/32	1		-1	53	768
133	1.0	64	64	0	0	2/4	2	2	1/4			1/4	1		-3	63	766
133	0.375	64	64	0	0	2/4	1	1	3/32			1/16	3/2		0	72	755
1065/8	0.125	64	64	1/32	1/32	2/4	2	3	1/32			1/32	1		-4	56	769
533/4	0.125	64	64	1/16	1/16	2/4	2	3	1/32			1/32	1		-1	53	770
1067/8	0.125	64	64	3/32	3/32	2/4	2	3	1/32			1/32	1		-4	56	771
1067/8	0.125	64	64	3/32	3/32	2/4	1	1	1/32			1/32	1		2	74	756
267/2	0.125	64	64	1/8	1/8	2/4	2	3	1/32			1/32	1		-1	53	772
267/2	0.375	64	64	1/8	1/8	2/4	1	1	3/32			1/16	3/2		1	79	757
1069/8	0.125	64	64	5/32	5/32	2/4	2	3	1/32			1/32	1		-4	56	773
535/4	0.125	64	64	3/16	3/16	2/4	2	3	1/32			1/32	1		-1	53	774
1071/8	0.125	64	64	7/32	7/32	2/4	2	3	1/32			1/32	1		-4	56	775
1071/8	0.125	64	64	7/32	7/32	2/4	1	1	1/32			1/32	1		-3	75	758
134	0.125	64	64	1/4	1/4	2/4	2	3	1/32			1/32	1		-1	53	776
134	1.0	64	64	1/4	1/4	2/4	2	2	1/4			1/4	1		-1	65	767
134	0.16666666666666666	64	64	1/4	1/4	2/4	1	1	1/24			1/16	2/3		0	72	759
1073/8	0.125	64	64	9/32	9/32	2/4	2	3	1/32			1/32	1		-4	56	777
805/6	0.16666666666666666	64	64	7/24	7/24	2/4	1	1	1/24			1/16	2/3		2	74	760
537/4	0.125	64	64	5/16	5/16	2/4	2	3	1/32			1/32	1		-1	53	778
403/3	0.16666666666666666	64	64	1/3	1/3	2/4	1	1	1/24			1/16	2/3		-3	75	761
1075/8	0.125	64	64	11/32	11/32	2/4	2	3	1/32			1/32	1		-4	56	779
269/2	0.125	64	64	3/8	3/8	2/4	2	3	1/32			1/32	1		-1	53	780
269/2	0.16666666666666666	64	64	3/8	3/8	2/4	1	1	1/24			1/16	2/3		-1	77	762
1077/8	0.125	64	64	13/32	13/32	2/4	2	3	1/32			1/32	1		-4	56	781
404/3	0.16666666666666666	64	64	5/12	5/12	2/4	1	1	1/24			1/16	2/3		1	79	763
539/4	0.125	64	64	7/16	7/16	2/4	2	3	1/32			1/32	1		-1	53	782
809/6	0.16666666666666666	64	64	11/24	11/24	2/4	1	1	1/24			1/16	2/3		-3	75	764
1079/8	0.125	64	64	15/32	15/32	2/4	2	3	1/32			1/32	1		-4	56	783
135	2.0	65	65	0	0	2/4	2	1	1/2			1/2	1	0	-2	34	792
135	0.125	65	65	0	0	2/4	2	3	1/32			1/32	1		-1	53	795
135	1.0	65	65	0	0	2/4	2	2	1/4			1/4	1		1	67	793
135	0.375	65	65	0	0	2/4	1	1	3/32			1/16	3/2		-1	77	784
1081/8	0.125	65	65	1/32	1/32	2/4	2	3	1/32			1/32	1		-4	56	796
541/4	0.125	65	65	1/16	1/16	2/4	2	3	1/32			1/32	1		-1	53	797
1083/8	0.125	65	65	3/32	3/32	2/4	2	3	1/32			1/32	1		-4	56	798
1083/8	0.125	65	65	3/32	3/32	2/4	1	1	1/32			1/32	1		1	79	785
271/2	0.125	65	65	1/8	1/8	2/4	2	3	1/32			1/32	1		-1	53	799
271/2	0.375	65	65	1/8	1/8	2/4	1	1	3/32			1/16	3/2		0	84	786
1085/8	0.125	65	65	5/32	5/32	2/4	2	3	1/32			1/32	1		-4	56	800
543/4	0.125	65	65	3/16	3/16	2/4	2	3	1/32			1/32	1		-1	53	801
1087/8	0.125	65	65	7/32	7/32	2/4	2	3	1/32			1/32	1		-4	56	802
1087/8	0.125	65	65	7/32	7/32	2/4	1	1	1/32			1/32	1		-4	80	787
136	0.125	65	65	1/4	1/4	2/4	2	3	1/32			1/32	1		-1	53	803
136	1.0	65	65	1/4	1/4	2/4	2	2	1/4			1/4	1		-1	65	794
136	0.375	65	65	1/4	1/4	2/4	1	1	3/32			1/16	3/2		1	79	788
1089/8	0.125	65	65	9/32	9/32	2/4	2	3	1/32			1/32	1		-4	56	804
545/4	0.125	65	65	5/16	5/16	2/4	2	3	1/32			1/32	1		-1	53	805
1091/8	0.125	65	65	11/32	11/32	2/4	2	3	1/32			1/32	1		-4	56	806
1091/8	0.125	65	65	11/32	11/32	2/4	1	1	1/32			1/32	1		-1	77	789
273/2	0.125	65	65	3/8	3/8	2/4	2	3	1/32			1/32	1		-1	53	807
273/2	0.375	65	65	3/8	3/8	2/4	1	1	3/32			1/16	3/2		-3	75	790
1093/8	0.125	65	65	13/32	13/32	2/4	2	3	1/32			1/32	1		-4	56	808
547/4	0.125	65	65	7/16	7/16	2/4	2	3	1/32			1/32	1		-1	53	809
1095/8	0.125	65	65	15/32	15/32	2/4	2	3	1/32			1/32	1		-4	56	810
1095/8	0.125	65	65	15/32	15/32	2/4	1	1	1/32			1/32	1		2	74	791
137	2.0	66	66	0	0	2/4	2	1	1/2			1/2	1	-1	-2	34	821
137	0.125	66	66	0	0	2/4	2	3	1/32			1/32	1		-1	53	824
137	1.0	66	66	0	0	2/4	2	2	1/4			1/4	1		-3	63	822
137	0.375	66	66	0	0	2/4	1	1	3/32			1/16	3/2		0	72	811
1097/8	0.125	66	66	1/32	1/32	2/4	2	3	1/32			1/32	1		-4	56	825
549/4	0.125	66	66	1/16	1/16	2/4	2	3	1/32			1/32	1		-1	53	826
1099/8	0.125	66	66	3/32	3/32	2/4	2	3	1/32			1/32	1		-4	56	827
1099/8	0.125	66	66	3/32	3/32	2/4	1	1	1/32			1/32	1		2	74	812
275/2	0.125	66	66	1/8	1/8	2/4	2	3	1/32			1/32	1		-1	53	828
275/2	0.375	66	66	1/8	1/8	2/4	1	1	3/32			1/16	3/2		1	79	813
1101/8	0.125	66	66	5/32	5/32	2/4	2	3	1/32			1/32	1		-4	56	829
551/4	0.125	66	66	3/16	3/16	2/4	2	3	1/32			1/32	1		-1	53	830
1103/8	0.125	66	66	7/32	7/32	2/4	2	3	1/32			1/32	1		-4	56	831
1103/8	0.125	66	66	7/32	7/32	2/4	1	1	1/32			1/32	1		-3	75	814
138	0.125	66	66	1/4	1/4	2/4	2	3	1/32			1/32	1		-1	53	832
138	1.0	66	66	1/4	1/4	2/4	2	2	1/4			1/4	1		2	62	823
138	0.16666666666666666	66	66	1/4	1/4	2/4	1	1	1/24			1/16	2/3		0	72	815
1105/8	0.125	66	66	9/32	9/32	2/4	2	3	1/32			1/32	1		-4	56	833
829/6	0.16666666666666666	66	66	7/24	7/24	2/4	1	1	1/24			1/16	2/3		2	74	816
553/4	0.125	66	66	5/16	5/16	2/4	2	3	1/32			1/32	1		-1	53	834
415/3	0.16666666666666666	66	66	1/3	1/3	2/4	1	1	1/24			1/16	2/3		-3	75	817
1107/8	0.125	66	66	11/32	11/32	2/4	2	3	1/32			1/32	1		-4	56	835
277/2	0.125	66	66	3/8	3/8	2/4	2	3	1/32			1/32	1		-1	53	836
277/2	0.16666666666666666	66	66	3/8	3/8	2/4	1	1	1/24			1/16	2/3		-1	77	818
1109/8	0.125	66	66	13/32	13/32	2/4	2	3	1/32			1/32	1		-4	56	837
416/3	0.16666666666666666	66	66	5/12	5/12	2/4	1	1	1/24			1/16	2/3		1	79	819
555/4	0.125	66	66	7/16	7/16	2/4	2	3	1/32			1/32	1		-1	53	838
833/6	0.16666666666666666	66	66	11/24	11/24	2/4	1	1	1/24			1/16	2/3		-3	75	820
1111/8	0.125	66	66	15/32	15/32	2/4	2	3	1/32			1/32	1		-4	56	839
139	1.0	67	67	0	0	2/4	2	1	1/4			1/4	1		-1	53	848
139	1.0	67	67	0	0	2/4	2	1	1/4			1/4	1		-4	56	848
139	1.0	67	67	0	0	2/4	2	1	1/4			1/4	1		-5	61	848
139	0.375	67	67	0	0	2/4	1	1	3/32			1/16	3/2		-1	77	840
1115/8	0.125	67	67	3/32	3/32	2/4	1	1	1/32			1/32	1		1	79	841
279/2	1.5	67	67	1/8	1/8	2/4	2	2	3/8			1/4	3/2		-2	34	851
279/2	1.5	67	67	1/8	1/8	2/4	2	2	3/8			1/4	3/2		-2	46	851
279/2	0.375	67	67	1/8	1/8	2/4	1	1	3/32			1/16	3/2		-2	82	842
1119/8	0.125	67	67	7/32	7/32	2/4	1	1	1/32			1/32	1		-4	80	843
140	1.0	67	67	1/4	1/4	2/4	2	1	1/4		1/8_c32_1	1/4	1		8	56	849
140	1.0	67	67	1/4	1/4	2/4	2	1	1/4		1/8_c32_1	1/4	1		5	59	849
140	1.0	67	67	1/4	1/4	2/4	2	1	1/4		1/8_c32_2	1/4	1		2	62	850
140	0.375	67	67	1/4	1/4	2/4	1	1	3/32			1/16	3/2		4	76	844
1123/8	0.125	67	67	11/32	11/32	2/4	1	1	1/32			1/32	1		6	78	845
281/2	0.375	67	67	3/8	3/8	2/4	1	1	3/32			1/16	3/2		-2	82	846
1127/8	0.125	67	67	15/32	15/32	2/4	1	1	1/32			1/32	1		-4	80	847
141	1.0	68	68	0	0	2/4	2	1	1/4			1/4	1		-1	53	860
141	1.0	68	68	0	0	2/4	2	1	1/4			1/4	1		-4	56	860
141	1.0	68	68	0	0	2/4	2	1	1/4			1/4	1		-5	61	860
141	0.375	68	68	0	0	2/4	1	1	3/32			1/16	3/2		-1	77	852
1131/8	0.125	68	68	3/32	3/32	2/4	1	1	1/32			1/32	1		1	79	853
283/2	1.5	68	68	1/8	1/8	2/4	2	2	3/8			1/4	3/2		-2	34	863
283/2	1.5	68	68	1/8	1/8	2/4	2	2	3/8			1/4	3/2		-2	46	863
283/2	0.375	68	68	1/8	1/8	2/4	1	1	3/32			1/16	3/2		-2	82	854
1135/8	0.125	68	68	7/32	7/32	2/4	1	1	1/32			1/32	1		-4	80	855
142	1.0	68	68	1/4	1/4	2/4	2	1	1/4		1/8_c32_1	1/4	1		8	56	861
142	1.0	68	68	1/4	1/4	2/4	2	1	1/4		1/8_c32_1	1/4	1		5	59	861
142	1.0	68	68	1/4	1/4	2/4	2	1	1/4		1/8_c32_2	1/4	1		2	62	862
142	0.375	68	68	1/4	1/4	2/4	1	1	3/32			1/16	3/2		4	76	856
1139/8	0.125	68	68	11/32	11/32	2/4	1	1	1/32			1/32	1		6	78	857
285/2	0.375	68	68	3/8	3/8	2/4	1	1	3/32			1/16	3/2		-2	82	858
1143/8	0.125	68	68	15/32	15/32	2/4	1	1	1/32			1/32	1		-4	80	859
143	0.3333333333333333	69	69	0	0	2/4	2	1	1/12			1/8	2/3		-4	68	864
430/3	0.5833333333333334	69	69	1/12	1/12	2/4	2	1	7/48			1/8	7/6		-4	56	865
1727/12	0.08333333333333333	69	69	11/48	11/48	2/4	2	1	1/48			1/32	2/3		-5	61	866
144	1.0	69	69	1/4	1/4	2/4	2	1	1/4			1/4	1	1	-5	61	867
145	2.0	70	70	0	0	2/4	2	1	1/2			1/2	1	0	-5	61	868
147	1.0	71	71	0	0	2/4	2	1	1/4			1/4	1	-1	-5	61	883
147	0.375	71	71	0	0	2/4	1	1	3/32			1/16	3/2		-1	65	869
1179/8	0.125	71	71	3/32	3/32	2/4	1	1	1/32			1/32	1		1	67	870
295/2	0.375	71	71	1/8	1/8	2/4	1	1	3/32			1/16	3/2		0	72	871
1183/8	0.125	71	71	7/32	7/32	2/4	1	1	1/32			1/32	1		-4	68	872
148	1.0	71	71	1/4	1/4	2/4	2	1	1/4			1/4	1		2	62	884
148	0.0625	71	71	1/4	1/4	2/4	1	1	1/64			1/32	1/2		-1	65	873
2369/16	0.0625	71	71	17/64	17/64	2/4	1	1	1/64			1/32	1/2		1	67	874
1185/8	0.0625	71	71	9/32	9/32	2/4	1	1	1/64			1/32	1/2		-4	68	875
2371/16	0.0625	71	71	19/64	19/64	2/4	1	1	1/64			1/32	1/2		-2	70	876
593/4	0.0625	71	71	5/16	5/16	2/4	1	1	1/64			1/32	1/2		0	72	877
2373/16	0.0625	71	71	21/64	21/64	2/4	1	1	1/64			1/32	1/2		2	74	878
1187/8	0.0625	71	71	11/32	11/32	2/4	1	1	1/64			1/32	1/2		-3	75	879
2375/16	0.0625	71	71	23/64	23/64	2/4	1	1	1/64			1/32	1/2		-1	77	880
297/2	0.375	71	71	3/8	3/8	2/4	1	1	3/32			1/16	3/2		1	79	881
1191/8	0.125	71	71	15/32	15/32	2/4	1	1	1/32			1/32	1		-1	77	882
149	0.875	72	72	0	0	2/4	2	1	7/32			1/8	7/4		-3	63	895
149	0.375	72	72	0	0	2/4	1	1	3/32			1/16	3/2		-1	77	885
1195/8	0.125	72	72	3/32	3/32	2/4	1	1	1/32			1/32	1		-2	70	886
299/2	0.375	72	72	1/8	1/8	2/4	1	1	3/32			1/16	3/2		1	67	887
1199/8	0.125	72	72	7/32	7/32	2/4	2	1	1/32			1/32	1		2	62	896
1199/8	0.125	72	72	7/32	7/32	2/4	1	1	1/32			1/32	1		-1	65	888
150	0.16666666666666666	72	72	1/4	1/4	2/4	1	1	1/24			1/16	2/3		0	60	889
150	1.0	72	72	1/4	1/4	2/4	2	1	1/4			1/4	1		0	60	897
901/6	0.16666666666666666	72	72	7/24	7/24	2/4	1	1	1/24			1/16	2/3		2	62	890
451/3	0.16666666666666666	72	72	1/3	1/3	2/4	1	1	1/24			1/16	2/3		-3	63	891
301/2	0.16666666666666666	72	72	3/8	3/8	2/4	1	1	1/24			1/16	2/3		-1	65	892
452/3	0.16666666666666666	72	72	5/12	5/12	2/4	1	1	1/24			1/16	2/3		1	67	893
905/6	0.16666666666666666	72	72	11/24	11/24	2/4	1	1	1/24			1/16	2/3		-3	63	894
151	1.0	73	73	0	0	2/4	2	2	1/4			1/4	1		-5	37	911
151	1.0	73	73	0	0	2/4	2	2	1/4			1/4	1		-4	44	911
151	1.0	73	73	0	0	2/4	1	1	1/4			1/4	1		-1	53	898
151	1.0	73	73	0	0	2/4	1	1	1/4			1/4	1		-2	58	898
151	1.0	73	73	0	0	2/4	1	1	1/4			1/4	1		0	60	898
152	1.0	73	73	1/4	1/4	2/4	2	2	1/4			1/4	1	1	2	38	912
152	1.0	73	73	1/4	1/4	2/4	2	2	1/4			1/4	1	1	3	45	912
152	1.0	73	73	1/4	1/4	2/4	1	1	1/4			1/4	1		4	52	899
152	1.0	73	73	1/4	1/4	2/4	1	1	1/4			1/4	1		1	55	899
152	1.0	73	73	1/4	1/4	2/4	1	1	1/4			1/4	1		3	57	899
152	1.0	73	73	1/4	1/4	2/4	1	1	1/4			1/4	1		5	59	899
1825/12	0.08333333333333333	73	73	13/48	13/48	2/4	2	1	1/48			1/32	2/3		4	52	900
913/6	0.08333333333333333	73	73	7/24	7/24	2/4	2	1	1/48			1/32	2/3		1	55	901
609/4	0.08333333333333333	73	73	5/16	5/16	2/4	2	1	1/48			1/32	2/3		3	57	902
457/3	0.08333333333333333	73	73	1/3	1/3	2/4	2	1	1/48			1/32	2/3		5	59	903
1829/12	0.08333333333333333	73	73	17/48	17/48	2/4	2	1	1/48			1/32	2/3		4	64	904
305/2	0.08333333333333333	73	73	3/8	3/8	2/4	2	1	1/48			1/32	2/3		1	67	905
1831/12	0.08333333333333333	73	73	19/48	19/48	2/4	2	1	1/48			1/32	2/3		3	69	906
458/3	0.08333333333333333	73	73	5/12	5/12	2/4	2	1	1/48			1/32	2/3		5	71	907
611/4	0.08333333333333333	73	73	7/16	7/16	2/4	2	1	1/48			1/32	2/3		4	76	908
917/6	0.08333333333333333	73	73	11/24	11/24	2/4	2	1	1/48			1/32	2/3		1	79	909
1835/12	0.08333333333333333	73	73	23/48	23/48	2/4	2	1	1/48			1/32	2/3		3	81	910
153	2.0	74	74	0	0	2/4	2	1	1/2			1/2	1	-1	2	38	919
153	2.0	74	74	0	0	2/4	2	1	1/2			1/2	1	-1	3	45	919
153	0.375	74	74	0	0	2/4	1	2	3/32			1/16	3/2		4	64	914
153	0.25	74	74	0	0	2/4	1	1	1/16			1/16	1		5	83	913
1227/8	0.125	74	74	3/32	3/32	2/4	1	2	1/32			1/32	1		6	66	915
307/2	0.375	74	74	1/8	1/8	2/4	1	2	3/32			1/16	3/2		5	71	916
1231/8	0.125	74	74	7/32	7/32	2/4	1	2	1/32			1/32	1		1	67	917
154	1.0	74	74	1/4	1/4	2/4	1	2	1/4			1/4	1		4	64	918
155	1.0	75	75	0	0	2/4	2	2	1/4			1/4	1		-1	41	933
155	1.0	75	75	0	0	2/4	2	2	1/4			1/4	1		0	48	933
155	1.0	75	75	0	0	2/4	1	1	1/4			1/4	1		3	57	920
155	1.0	75	75	0	0	2/4	1	1	1/4			1/4	1		2	62	920
155	1.0	75	75	0	0	2/4	1	1	1/4			1/4	1		-3	63	920
156	1.0	75	75	1/4	1/4	2/4	2	2	1/4			1/4	1	1	-6	42	934
156	1.0	75	75	1/4	1/4	2/4	2	2	1/4			1/4	1	1	-5	49	934
156	1.0	75	75	1/4	1/4	2/4	1	1	1/4			1/4	1		-4	56	921
156	1.0	75	75	1/4	1/4	2/4	1	1	1/4			1/4	1		-7	59	921
156	1.0	75	75	1/4	1/4	2/4	1	1	1/4			1/4	1		-5	61	921
156	1.0	75	75	1/4	1/4	2/4	1	1	1/4			1/4	1		-3	63	921
1873/12	0.08333333333333333	75	75	13/48	13/48	2/4	2	1	1/48			1/32	2/3		-4	56	922
937/6	0.08333333333333333	75	75	7/24	7/24	2/4	2	1	1/48			1/32	2/3		-7	59	923
625/4	0.08333333333333333	75	75	5/16	5/16	2/4	2	1	1/48			1/32	2/3		-5	61	924
469/3	0.08333333333333333	75	75	1/3	1/3	2/4	2	1	1/48			1/32	2/3		-3	63	925
1877/12	0.08333333333333333	75	75	17/48	17/48	2/4	2	1	1/48			1/32	2/3		-4	68	926
313/2	0.08333333333333333	75	75	3/8	3/8	2/4	2	1	1/48			1/32	2/3		-7	71	927
1879/12	0.08333333333333333	75	75	19/48	19/48	2/4	2	1	1/48			1/32	2/3		-5	73	928
470/3	0.08333333333333333	75	75	5/12	5/12	2/4	2	1	1/48			1/32	2/3		-3	75	929
627/4	0.08333333333333333	75	75	7/16	7/16	2/4	2	1	1/48			1/32	2/3		-4	80	930
941/6	0.08333333333333333	75	75	11/24	11/24	2/4	2	1	1/48			1/32	2/3		-7	83	931
1883/12	0.08333333333333333	75	75	23/48	23/48	2/4	2	1	1/48			1/32	2/3		-5	85	932
157	1.0	76	76	0	0	2/4	2	1	1/4			1/4	1	-1	-6	42	936
157	1.0	76	76	0	0	2/4	2	1	1/4			1/4	1	-1	-5	49	936
157	0.25	76	76	0	0	2/4	1	1	1/16			1/16	1		-3	87	935
158	0.375	76	76	1/4	1/4	2/4	2	1	3/32			1/16	3/2		8	68	937
1267/8	0.125	76	76	11/32	11/32	2/4	2	1	1/32			1/32	1		10	70	938
317/2	0.375	76	76	3/8	3/8	2/4	2	1	3/32			1/16	3/2		9	75	939
1271/8	0.125	76	76	15/32	15/32	2/4	2	1	1/32			1/32	1		7	73	940
159	0.0	77	77	0	0	2/4	1	1	0	acciaccatura		1/8	1		10	70	941
159	1.5	77	77	0	0	2/4	2	1	3/8			1/4	3/2		9	63	945
159	1.5	77	77	0	0	2/4	2	1	3/8			1/4	3/2		6	66	945
159	1.0	77	77	0	0	2/4	1	1	1/4			1/4	1		3	69	942
159	1.0	77	77	0	0	2/4	1	1	1/4			1/4	1		5	71	942
160	0.0	77	77	1/4	1/4	2/4	1	1	0	acciaccatura		1/8	1		10	82	943
160	1.0	77	77	1/4	1/4	2/4	1	1	1/4			1/4	1		3	81	944
160	1.0	77	77	1/4	1/4	2/4	1	1	1/4			1/4	1		5	83	944
321/2	0.5	77	77	3/8	3/8	2/4	2	1	1/8			1/8	1		9	75	946
321/2	0.5	77	77	3/8	3/8	2/4	2	1	1/8			1/8	1		6	78	946
161	2.0	78	78	0	0	2/4	2	1	1/2			1/2	1		9	63	951
161	2.0	78	78	0	0	2/4	2	1	1/2			1/2	1		6	66	951
162	0.0	78	78	1/4	1/4	2/4	1	1	0	acciaccatura		1/8	1		5	71	947
162	0.5	78	78	1/4	1/4	2/4	1	1	1/8			1/8	1		10	70	948
162	0.5	78	78	1/4	1/4	2/4	1	1	1/8			1/8	1		12	72	948
325/2	0.0	78	78	3/8	3/8	2/4	1	1	0	acciaccatura		1/8	1		5	83	949
325/2	0.5	78	78	3/8	3/8	2/4	1	1	1/8			1/8	1		10	82	950
325/2	0.5	78	78	3/8	3/8	2/4	1	1	1/8			1/8	1		12	84	950
163	0.0	79	79	0	0	2/4	1	1	0	acciaccatura		1/8	1		12	60	952
163	2.0	79	79	0	0	2/4	1	1	1/2			1/2	1	1	6	54	953
163	2.0	79	79	0	0	2/4	1	1	1/2			1/2	1	1	3	57	953
163	2.0	79	79	0	0	2/4	1	1	1/2			1/2	1	1	7	61	953
163	0.5	79	79	0	0	2/4	2	1	1/8			1/8	1		9	63	954
163	0.5	79	79	0	0	2/4	2	1	1/8			1/8	1		6	66	954
327/2	0.125	79	79	1/8	1/8	2/4	2	1	1/32			1/32	1		9	63	955
1309/8	0.125	79	79	5/32	5/32	2/4	2	1	1/32			1/32	1		6	66	956
655/4	0.125	79	79	3/16	3/16	2/4	2	1	1/32			1/32	1		9	63	957
1311/8	0.125	79	79	7/32	7/32	2/4	2	1	1/32			1/32	1		6	66	958
164	0.125	79	79	1/4	1/4	2/4	2	1	1/32			1/32	1		9	63	959
1313/8	0.125	79	79	9/32	9/32	2/4	2	1	1/32			1/32	1		6	66	960
657/4	0.125	79	79	5/16	5/16	2/4	2	1	1/32			1/32	1		9	63	961
1315/8	0.125	79	79	11/32	11/32	2/4	2	1	1/32			1/32	1		6	66	962
329/2	0.125	79	79	3/8	3/8	2/4	2	1	1/32			1/32	1		9	63	963
1317/8	0.125	79	79	13/32	13/32	2/4	2	1	1/32			1/32	1		6	66	964
659/4	0.125	79	79	7/16	7/16	2/4	2	1	1/32			1/32	1		9	63	965
1319/8	0.125	79	79	15/32	15/32	2/4	2	1	1/32			1/32	1		6	66	966
165	2.0	80	80	0	0	2/4	1	1	1/2			1/2	1	-1	6	54	967
165	2.0	80	80	0	0	2/4	1	1	1/2			1/2	1	-1	3	57	967
165	2.0	80	80	0	0	2/4	1	1	1/2			1/2	1	-1	7	61	967
165	0.125	80	80	0	0	2/4	2	1	1/32			1/32	1		9	63	968
1321/8	0.125	80	80	1/32	1/32	2/4	2	1	1/32			1/32	1		6	66	969
661/4	0.125	80	80	1/16	1/16	2/4	2	1	1/32			1/32	1		9	63	970
1323/8	0.125	80	80	3/32	3/32	2/4	2	1	1/32			1/32	1		6	66	971
331/2	0.125	80	80	1/8	1/8	2/4	2	1	1/32			1/32	1		9	63	972
1325/8	0.125	80	80	5/32	5/32	2/4	2	1	1/32			1/32	1		6	66	973
663/4	0.125	80	80	3/16	3/16	2/4	2	1	1/32			1/32	1		9	63	974
1327/8	0.125	80	80	7/32	7/32	2/4	2	1	1/32			1/32	1		6	66	975
166	0.125	80	80	1/4	1/4	2/4	2	1	1/32			1/32	1		9	63	976
1329/8	0.125	80	80	9/32	9/32	2/4	2	1	1/32			1/32	1		6	66	977
665/4	0.125	80	80	5/16	5/16	2/4	2	1	1/32			1/32	1		9	63	978
1331/8	0.125	80	80	11/32	11/32	2/4	2	1	1/32			1/32	1		6	66	979
333/2	0.125	80	80	3/8	3/8	2/4	2	1	1/32			1/32	1		9	63	980
1333/8	0.125	80	80	13/32	13/32	2/4	2	1	1/32			1/32	1		6	66	981
667/4	0.125	80	80	7/16	7/16	2/4	2	1	1/32			1/32	1		9	63	982
1335/8	0.125	80	80	15/32	15/32	2/4	2	1	1/32			1/32	1		6	66	983
167	0.125	81	81	0	0	2/4	2	1	1/32			1/32	1		9	63	984
1337/8	0.125	81	81	1/32	1/32	2/4	2	1	1/32			1/32	1		6	66	985
669/4	0.125	81	81	1/16	1/16	2/4	2	1	1/32			1/32	1		9	63	986
1339/8	0.125	81	81	3/32	3/32	2/4	2	1	1/32			1/32	1		6	66	987
335/2	0.125	81	81	1/8	1/8	2/4	2	1	1/32			1/32	1		11	65	988
1341/8	0.125	81	81	5/32	5/32	2/4	2	1	1/32			1/32	1		3	69	989
671/4	0.125	81	81	3/16	3/16	2/4	2	1	1/32			1/32	1		11	65	990
1343/8	0.125	81	81	7/32	7/32	2/4	2	1	1/32			1/32	1		3	69	991
168	0.125	81	81	1/4	1/4	2/4	2	1	1/32			1/32	1		8	68	992
1345/8	0.125	81	81	9/32	9/32	2/4	2	1	1/32			1/32	1		5	71	993
673/4	0.125	81	81	5/16	5/16	2/4	2	1	1/32			1/32	1		8	68	994
1347/8	0.125	81	81	11/32	11/32	2/4	2	1	1/32			1/32	1		5	71	995
337/2	0.125	81	81	3/8	3/8	2/4	2	1	1/32			1/32	1		11	65	996
1349/8	0.125	81	81	13/32	13/32	2/4	2	1	1/32			1/32	1		3	69	997
675/4	0.125	81	81	7/16	7/16	2/4	2	1	1/32			1/32	1		11	65	998
1351/8	0.125	81	81	15/32	15/32	2/4	2	1	1/32			1/32	1		3	69	999
169	0.125	82	82	0	0	2/4	2	1	1/32			1/32	1		9	63	1000
1353/8	0.125	82	82	1/32	1/32	2/4	2	1	1/32			1/32	1		6	66	1001
677/4	0.125	82	82	1/16	1/16	2/4	2	1	1/32			1/32	1		9	63	1002
1355/8	0.125	82	82	3/32	3/32	2/4	2	1	1/32			1/32	1		6	66	1003
339/2	0.125	82	82	1/8	1/8	2/4	2	1	1/32			1/32	1		11	65	1004
1357/8	0.125	82	82	5/32	5/32	2/4	2	1	1/32			1/32	1		3	69	1005
679/4	0.125	82	82	3/16	3/16	2/4	2	1	1/32			1/32	1		11	65	1006
1359/8	0.125	82	82	7/32	7/32	2/4	2	1	1/32			1/32	1		3	69	1007
170	0.125	82	82	1/4	1/4	2/4	2	1	1/32			1/32	1		8	68	1008
1361/8	0.125	82	82	9/32	9/32	2/4	2	1	1/32			1/32	1		5	71	1009
681/4	0.125	82	82	5/16	5/16	2/4	2	1	1/32			1/32	1		8	68	1010
1363/8	0.125	82	82	11/32	11/32	2/4	2	1	1/32			1/32	1		5	71	1011
341/2	0.125	82	82	3/8	3/8	2/4	2	1	1/32			1/32	1		3	69	1012
1365/8	0.125	82	82	13/32	13/32	2/4	2	1	1/32			1/32	1		0	72	1013
683/4	0.125	82	82	7/16	7/16	2/4	2	1	1/32			1/32	1		3	69	1014
1367/8	0.125	82	82	15/32	15/32	2/4	2	1	1/32			1/32	1		0	72	1015
171	0.125	83	83	0	0	2/4	2	1	1/32			1/32	1		9	63	1016
1369/8	0.125	83	83	1/32	1/32	2/4	2	1	1/32			1/32	1		6	66	1017
685/4	0.125	83	83	1/16	1/16	2/4	2	1	1/32			1/32	1		9	63	1018
1371/8	0.125	83	83	3/32	3/32	2/4	2	1	1/32			1/32	1		6	66	1019
343/2	0.125	83	83	1/8	1/8	2/4	2	1	1/32			1/32	1		11	65	1020
1373/8	0.125	83	83	5/32	5/32	2/4	2	1	1/32			1/32	1		3	69	1021
687/4	0.125	83	83	3/16	3/16	2/4	2	1	1/32			1/32	1		11	65	1022
1375/8	0.125	83	83	7/32	7/32	2/4	2	1	1/32			1/32	1		3	69	1023
172	0.125	83	83	1/4	1/4	2/4	2	1	1/32			1/32	1		8	68	1024
1377/8	0.125	83	83	9/32	9/32	2/4	2	1	1/32			1/32	1		5	71	1025
689/4	0.125	83	83	5/16	5/16	2/4	2	1	1/32			1/32	1		8	68	1026
1379/8	0.125	83	83	11/32	11/32	2/4	2	1	1/32			1/32	1		5	71	1027
345/2	0.125	83	83	3/8	3/8	2/4	2	1	1/32			1/32	1		11	65	1028
1381/8	0.125	83	83	13/32	13/32	2/4	2	1	1/32			1/32	1		3	69	1029
691/4	0.125	83	83	7/16	7/16	2/4	2	1	1/32			1/32	1		11	65	1030
1383/8	0.125	83	83	15/32	15/32	2/4	2	1	1/32			1/32	1		3	69	1031
173	0.125	84	84	0	0	2/4	2	1	1/32			1/32	1		9	63	1032
1385/8	0.125	84	84	1/32	1/32	2/4	2	1	1/32			1/32	1		6	66	1033
693/4	0.125	84	84	1/16	1/16	2/4	2	1	1/32			1/32	1		9	63	1034
1387/8	0.125	84	84	3/32	3/32	2/4	2	1	1/32			1/32	1		6	66	1035
347/2	0.125	84	84	1/8	1/8	2/4	2	1	1/32			1/32	1		11	65	1036
1389/8	0.125	84	84	5/32	5/32	2/4	2	1	1/32			1/32	1		3	69	1037
695/4	0.125	84	84	3/16	3/16	2/4	2	1	1/32			1/32	1		11	65	1038
1391/8	0.125	84	84	7/32	7/32	2/4	2	1	1/32			1/32	1		3	69	1039
174	0.125	84	84	1/4	1/4	2/4	2	1	1/32			1/32	1		8	68	1040
1393/8	0.125	84	84	9/32	9/32	2/4	2	1	1/32			1/32	1		5	71	1041
697/4	0.125	84	84	5/16	5/16	2/4	2	1	1/32			1/32	1		8	68	1042
1395/8	0.125	84	84	11/32	11/32	2/4	2	1	1/32			1/32	1		5	71	1043
349/2	0.125	84	84	3/8	3/8	2/4	2	1	1/32			1/32	1		3	69	1044
1397/8	0.125	84	84	13/32	13/32	2/4	2	1	1/32			1/32	1		0	72	1045
699/4	0.125	84	84	7/16	7/16	2/4	2	1	1/32			1/32	1		3	69	1046
1399/8	0.125	84	84	15/32	15/32	2/4	2	1	1/32			1/32	1		0	72	1047
175	0.125	85	85	0	0	2/4	2	1	1/32			1/32	1		9	63	1048
1401/8	0.125	85	85	1/32	1/32	2/4	2	1	1/32			1/32	1		6	66	1049
701/4	0.125	85	85	1/16	1/16	2/4	2	1	1/32			1/32	1		9	63	1050
1403/8	0.125	85	85	3/32	3/32	2/4	2	1	1/32			1/32	1		6	66	1051
351/2	0.125	85	85	1/8	1/8	2/4	2	1	1/32			1/32	1		11	65	1052
1405/8	0.125	85	85	5/32	5/32	2/4	2	1	1/32			1/32	1		3	69	1053
703/4	0.125	85	85	3/16	3/16	2/4	2	1	1/32			1/32	1		11	65	1054
1407/8	0.125	85	85	7/32	7/32	2/4	2	1	1/32			1/32	1		3	69	1055
176	0.125	85	85	1/4	1/4	2/4	2	1	1/32			1/32	1		8	68	1056
1409/8	0.125	85	85	9/32	9/32	2/4	2	1	1/32			1/32	1		5	71	1057
705/4	0.125	85	85	5/16	5/16	2/4	2	1	1/32			1/32	1		8	68	1058
1411/8	0.125	85	85	11/32	11/32	2/4	2	1	1/32			1/32	1		5	71	1059
353/2	0.125	85	85	3/8	3/8	2/4	2	1	1/32			1/32	1		3	69	1060
1413/8	0.125	85	85	13/32	13/32	2/4	2	1	1/32			1/32	1		0	72	1061
707/4	0.125	85	85	7/16	7/16	2/4	2	1	1/32			1/32	1		3	69	1062
1415/8	0.125	85	85	15/32	15/32	2/4	2	1	1/32			1/32	1		0	72	1063
177	0.125	86	86	0	0	2/4	2	1	1/32			1/32	1		9	63	1064
1417/8	0.125	86	86	1/32	1/32	2/4	2	1	1/32			1/32	1		6	66	1065
709/4	0.125	86	86	1/16	1/16	2/4	2	1	1/32			1/32	1		9	63	1066
1419/8	0.125	86	86	3/32	3/32	2/4	2	1	1/32			1/32	1		6	66	1067
355/2	0.125	86	86	1/8	1/8	2/4	2	1	1/32			1/32	1		11	65	1068
1421/8	0.125	86	86	5/32	5/32	2/4	2	1	1/32			1/32	1		3	69	1069
711/4	0.125	86	86	3/16	3/16	2/4	2	1	1/32			1/32	1		11	65	1070
1423/8	0.125	86	86	7/32	7/32	2/4	2	1	1/32			1/32	1		3	69	1071
178	0.125	86	86	1/4	1/4	2/4	2	1	1/32			1/32	1		8	68	1072
1425/8	0.125	86	86	9/32	9/32	2/4	2	1	1/32			1/32	1		5	71	1073
713/4	0.125	86	86	5/16	5/16	2/4	2	1	1/32			1/32	1		8	68	1074
1427/8	0.125	86	86	11/32	11/32	2/4	2	1	1/32			1/32	1		5	71	1075
357/2	0.125	86	86	3/8	3/8	2/4	2	1	1/32			1/32	1		3	69	1076
1429/8	0.125	86	86	13/32	13/32	2/4	2	1	1/32			1/32	1		0	72	1077
715/4	0.125	86	86	7/16	7/16	2/4	2	1	1/32			1/32	1		3	69	1078
1431/8	0.125	86	86	15/32	15/32	2/4	2	1	1/32			1/32	1		0	72	1079
179	1.0	87	87	0	0	2/4	2	2	1/4			1/4	1		0	60	1089
179	2.0	87	87	0	0	2/4	2	1	1/2			1/2	1		-4	68	1088
179	0.375	87	87	0	0	2/4	1	1	3/32			1/16	3/2		-1	77	1080
1435/8	0.125	87	87	3/32	3/32	2/4	1	1	1/32			1/32	1		1	79	1081
359/2	0.375	87	87	1/8	1/8	2/4	1	1	3/32			1/16	3/2		0	84	1082
1439/8	0.125	87	87	7/32	7/32	2/4	1	1	1/32			1/32	1		-4	80	1083
180	1.0	87	87	1/4	1/4	2/4	2	2	1/4			1/4	1		2	62	1090
180	0.375	87	87	1/4	1/4	2/4	1	1	3/32			1/16	3/2		1	79	1084
1443/8	0.125	87	87	11/32	11/32	2/4	1	1	1/32			1/32	1		-1	77	1085
361/2	0.375	87	87	3/8	3/8	2/4	1	1	3/32			1/16	3/2		-3	75	1086
1447/8	0.125	87	87	15/32	15/32	2/4	1	1	1/32			1/32	1		2	74	1087
181	1.0	88	88	0	0	2/4	2	2	1/4			1/4	1		1	67	1102
181	2.0	88	88	0	0	2/4	2	1	1/2			1/2	1		-4	68	1101
181	0.375	88	88	0	0	2/4	1	1	3/32			1/16	3/2		0	72	1091
1451/8	0.125	88	88	3/32	3/32	2/4	1	1	1/32			1/32	1		2	74	1092
363/2	0.375	88	88	1/8	1/8	2/4	1	1	3/32			1/16	3/2		1	79	1093
1455/8	0.125	88	88	7/32	7/32	2/4	1	1	1/32			1/32	1		-3	75	1094
182	0.5	88	88	1/4	1/4	2/4	2	2	1/8			1/8	1		-1	65	1103
182	0.16666666666666666	88	88	1/4	1/4	2/4	1	1	1/24			1/16	2/3		0	72	1095
1093/6	0.16666666666666666	88	88	7/24	7/24	2/4	1	1	1/24			1/16	2/3		2	74	1096
547/3	0.16666666666666666	88	88	1/3	1/3	2/4	1	1	1/24			1/16	2/3		-3	75	1097
365/2	0.5	88	88	3/8	3/8	2/4	2	2	1/8			1/8	1		2	62	1104
365/2	0.16666666666666666	88	88	3/8	3/8	2/4	1	1	1/24			1/16	2/3		-1	77	1098
548/3	0.16666666666666666	88	88	5/12	5/12	2/4	1	1	1/24			1/16	2/3		1	79	1099
1097/6	0.16666666666666666	88	88	11/24	11/24	2/4	1	1	1/24			1/16	2/3		-3	75	1100
183	2.0	89	89	0	0	2/4	2	2	1/2			1/2	1		0	60	1114
183	2.0	89	89	0	0	2/4	2	1	1/2			1/2	1		-4	68	1113
183	0.375	89	89	0	0	2/4	1	1	3/32			1/16	3/2		-1	77	1105
1467/8	0.125	89	89	3/32	3/32	2/4	1	1	1/32			1/32	1		1	79	1106
367/2	0.375	89	89	1/8	1/8	2/4	1	1	3/32			1/16	3/2		0	84	1107
1471/8	0.125	89	89	7/32	7/32	2/4	1	1	1/32			1/32	1		-4	80	1108
184	0.375	89	89	1/4	1/4	2/4	1	1	3/32			1/16	3/2		1	79	1109
1475/8	0.125	89	89	11/32	11/32	2/4	1	1	1/32			1/32	1		-1	77	1110
369/2	0.375	89	89	3/8	3/8	2/4	1	1	3/32			1/16	3/2		-3	75	1111
1479/8	0.125	89	89	15/32	15/32	2/4	1	1	1/32			1/32	1		2	74	1112
185	2.0	90	90	0	0	2/4	2	2	1/2			1/2	1		-2	58	1126
185	2.0	90	90	0	0	2/4	2	1	1/2			1/2	1		-4	68	1125
185	0.375	90	90	0	0	2/4	1	1	3/32			1/16	3/2		0	72	1115
1483/8	0.125	90	90	3/32	3/32	2/4	1	1	1/32			1/32	1		2	74	1116
371/2	0.375	90	90	1/8	1/8	2/4	1	1	3/32			1/16	3/2		1	79	1117
1487/8	0.125	90	90	7/32	7/32	2/4	1	1	1/32			1/32	1		-3	75	1118
186	0.16666666666666666	90	90	1/4	1/4	2/4	1	1	1/24			1/16	2/3		0	72	1119
1117/6	0.16666666666666666	90	90	7/24	7/24	2/4	1	1	1/24			1/16	2/3		2	74	1120
559/3	0.16666666666666666	90	90	1/3	1/3	2/4	1	1	1/24			1/16	2/3		-3	75	1121
373/2	0.16666666666666666	90	90	3/8	3/8	2/4	1	1	1/24			1/16	2/3		-1	77	1122
560/3	0.16666666666666666	90	90	5/12	5/12	2/4	1	1	1/24			1/16	2/3		1	79	1123
1121/6	0.16666666666666666	90	90	11/24	11/24	2/4	1	1	1/24			1/16	2/3		-3	75	1124
187	2.0	91	91	0	0	2/4	2	1	1/2			1/2	1	1	-3	27	1132
187	0.375	91	91	0	0	2/4	1	1	3/32			1/16	3/2		-1	77	1127
1499/8	0.125	91	91	3/32	3/32	2/4	1	1	1/32			1/32	1		1	79	1128
375/2	0.375	91	91	1/8	1/8	2/4	1	1	3/32			1/16	3/2		0	84	1129
1503/8	0.125	91	91	7/32	7/32	2/4	1	1	1/32			1/32	1		-4	80	1130
188	0.3333333333333333	91	91	1/4	1/4	2/4	2	2	1/12			1/8	2/3		-5	61	1133
188	1.0	91	91	1/4	1/4	2/4	1	1	1/4			1/4	1	1	-1	77	1131
565/3	0.5833333333333334	91	91	1/3	1/3	2/4	2	2	7/48			1/8	7/6		-4	56	1134
2267/12	0.08333333333333333	91	91	23/48	23/48	2/4	2	2	1/48			1/32	2/3		-4	68	1135
189	2.0	92	92	0	0	2/4	2	1	1/2			1/2	1	-1	-3	27	1140
189	2.0	92	92	0	0	2/4	2	2	1/2			1/2	1		-4	68	1141
189	2.0	92	92	0	0	2/4	1	1	1/2			1/2	1	-1	-1	77	1136
379/2	0.375	92	92	1/8	1/8	2/4	1	2	3/32			1/16	3/2		-5	85	1137
379/2	0.375	92	92	1/8	1/8	2/4	1	2	3/32			1/16	3/2		-3	87	1137
1519/8	0.125	92	92	7/32	7/32	2/4	1	2	1/32			1/32	1		-5	73	1138
1519/8	0.125	92	92	7/32	7/32	2/4	1	2	1/32			1/32	1		-3	75	1138
190	0.5	92	92	1/4	1/4	2/4	1	2	1/8			1/8	1		-5	85	1139
190	0.5	92	92	1/4	1/4	2/4	1	2	1/8			1/8	1		-3	87	1139
191	2.0	93	93	0	0	2/4	2	1	1/2			1/2	1	1	-3	27	1147
191	0.375	93	93	0	0	2/4	1	1	3/32			1/16	3/2		-1	77	1142
1531/8	0.125	93	93	3/32	3/32	2/4	1	1	1/32			1/32	1		1	79	1143
383/2	0.375	93	93	1/8	1/8	2/4	1	1	3/32			1/16	3/2		0	84	1144
1535/8	0.125	93	93	7/32	7/32	2/4	1	1	1/32			1/32	1		-4	80	1145
192	0.3333333333333333	93	93	1/4	1/4	2/4	2	2	1/12			1/8	2/3		-5	61	1148
192	1.0	93	93	1/4	1/4	2/4	1	1	1/4			1/4	1	1	-1	77	1146
577/3	0.5833333333333334	93	93	1/3	1/3	2/4	2	2	7/48			1/8	7/6		-4	56	1149
2315/12	0.08333333333333333	93	93	23/48	23/48	2/4	2	2	1/48			1/32	2/3		-4	68	1150
193	2.0	94	94	0	0	2/4	2	1	1/2			1/2	1	-1	-3	27	1155
193	2.0	94	94	0	0	2/4	2	2	1/2			1/2	1		-4	68	1156
193	2.0	94	94	0	0	2/4	1	1	1/2			1/2	1	-1	-1	77	1151
387/2	0.375	94	94	1/8	1/8	2/4	1	2	3/32			1/16	3/2		-5	85	1152
387/2	0.375	94	94	1/8	1/8	2/4	1	2	3/32			1/16	3/2		-3	87	1152
1551/8	0.125	94	94	7/32	7/32	2/4	1	2	1/32			1/32	1		-5	73	1153
1551/8	0.125	94	94	7/32	7/32	2/4	1	2	1/32			1/32	1		-3	75	1153
194	0.5	94	94	1/4	1/4	2/4	1	2	1/8			1/8	1		-5	85	1154
194	0.5	94	94	1/4	1/4	2/4	1	2	1/8			1/8	1		-3	87	1154
195	0.1	95	95	0	0	2/4	2	1	1/40			1/32	4/5		-4	68	1157
1951/10	0.1	95	95	1/40	1/40	2/4	2	1	1/40			1/32	4/5		-2	70	1158
976/5	0.1	95	95	1/20	1/20	2/4	2	1	1/40			1/32	4/5		0	72	1159
1953/10	0.1	95	95	3/40	3/40	2/4	2	1	1/40			1/32	4/5		-5	73	1160
977/5	0.1	95	95	1/10	1/10	2/4	2	1	1/40			1/32	4/5		-3	75	1161
391/2	0.1	95	95	1/8	1/8	2/4	2	1	1/40			1/32	4/5		4	76	1162
978/5	0.1	95	95	3/20	3/20	2/4	2	1	1/40			1/32	4/5		6	78	1163
1957/10	0.1	95	95	7/40	7/40	2/4	2	1	1/40			1/32	4/5		8	80	1164
979/5	0.1	95	95	1/5	1/5	2/4	2	1	1/40			1/32	4/5		3	81	1165
1959/10	0.1	95	95	9/40	9/40	2/4	2	1	1/40			1/32	4/5		5	83	1166
196	0.1	95	95	1/4	1/4	2/4	2	1	1/40			1/32	4/5		-4	80	1167
1961/10	0.1	95	95	11/40	11/40	2/4	2	1	1/40			1/32	4/5		-2	82	1168
981/5	0.1	95	95	3/10	3/10	2/4	2	1	1/40			1/32	4/5		0	84	1169
1963/10	0.1	95	95	13/40	13/40	2/4	2	1	1/40			1/32	4/5		-5	85	1170
982/5	0.1	95	95	7/20	7/20	2/4	2	1	1/40			1/32	4/5		-3	87	1171
393/2	0.1	95	95	3/8	3/8	2/4	2	1	1/40			1/32	4/5		4	76	1172
983/5	0.1	95	95	2/5	2/5	2/4	2	1	1/40			1/32	4/5		6	78	1173
1967/10	0.1	95	95	17/40	17/40	2/4	2	1	1/40			1/32	4/5		8	80	1174
984/5	0.1	95	95	9/20	9/20	2/4	2	1	1/40			1/32	4/5		3	81	1175
1969/10	0.1	95	95	19/40	19/40	2/4	2	1	1/40			1/32	4/5		5	83	1176
197	0.125	96	96	0	0	2/4	1	1	1/32			1/32	1		0	84	1177
1577/8	0.125	96	96	1/32	1/32	2/4	1	1	1/32			1/32	1		2	86	1178
789/4	0.125	96	96	1/16	1/16	2/4	1	1	1/32			1/32	1		-3	87	1179
1579/8	0.125	96	96	3/32	3/32	2/4	1	1	1/32			1/32	1		-1	89	1180
395/2	0.25	96	96	1/8	1/8	2/4	1	1	1/16			1/16	1		1	91	1181
198	0.5	96	96	1/4	1/4	2/4	2	1	1/8			1/8	1		-3	27	1182
