mc	mn	quarterbeats	duration_qb	mc_onset	mn_onset	timesig	staff	voice	duration	gracenote	nominal_duration	scalar	tied	tpc	midi	name	octave	chord_id
1	1	0	1.0	0	0	3/4	1	1	1/4		1/4	1	1	-5	73	Db5	5	0
1	1	1	0.5	1/4	1/4	3/4	1	1	1/8		1/8	1	-1	-5	73	Db5	5	1
1	1	3/2	0.25	3/8	3/8	3/4	1	1	1/16		1/16	1		-2	70	Bb4	4	2
1	1	7/4	0.25	7/16	7/16	3/4	1	1	1/16		1/16	1		-6	66	Gb4	4	3
1	1	2	0.5	1/2	1/2	3/4	1	1	1/8		1/8	1		-3	63	Eb4	4	4
1	1	5/2	0.25	5/8	5/8	3/4	1	1	1/16		1/16	1		-6	66	Gb4	4	5
1	1	11/4	0.25	11/16	11/16	3/4	1	1	1/16		1/16	1		-2	70	Bb4	4	6
2	2	3	0.5	0	0	3/4	1	1	1/8		1/8	1		-5	73	Db5	5	7
2	2	7/2	0.25	1/8	1/8	3/4	1	1	1/16		1/16	1		-2	70	Bb4	4	8
2	2	15/4	0.25	3/16	3/16	3/4	1	1	1/16		1/16	1		-6	66	Gb4	4	9
2	2	4	0.5	1/4	1/4	3/4	1	1	1/8		1/8	1		-3	63	Eb4	4	10
2	2	9/2	0.25	3/8	3/8	3/4	1	1	1/16		1/16	1		-6	66	Gb4	4	11
2	2	19/4	0.25	7/16	7/16	3/4	1	1	1/16		1/16	1		-2	70	Bb4	4	12
2	2	5	0.5	1/2	1/2	3/4	1	1	1/8		1/8	1		-6	66	Gb4	4	13
2	2	11/2	0.5	5/8	5/8	3/4	2	1	1/8		1/8	1		-7	47	Cb3	3	17
2	2	11/2	0.5	5/8	5/8	3/4	2	1	1/8		1/8	1		-3	51	Eb3	3	17
2	2	11/2	0.5	5/8	5/8	3/4	1	2	1/8		1/8	1		-6	54	Gb3	3	16
2	2	11/2	0.5	5/8	5/8	3/4	1	2	1/8		1/8	1		-7	59	Cb4	4	16
2	2	11/2	0.25	5/8	5/8	3/4	1	1	1/16		1/16	1		-6	66	Gb4	4	14
2	2	23/4	0.25	11/16	11/16	3/4	1	1	1/16		1/16	1		-3	63	Eb4	4	15
3	3	6	3.0	0	0	3/4	2	1	3/4		1/2	3/2	1	-6	42	Gb2	2	23
3	3	6	3.0	0	0	3/4	2	1	3/4		1/2	3/2	1	-5	49	Db3	3	23
3	3	6	3.0	0	0	3/4	1	2	3/4		1/2	3/2	1	-6	54	Gb3	3	22
3	3	6	3.0	0	0	3/4	1	2	3/4		1/2	3/2	1	-2	58	Bb3	3	22
3	3	6	0.5	0	0	3/4	1	1	1/8		1/8	1		-6	66	Gb4	4	18
3	3	13/2	0.25	1/8	1/8	3/4	1	1	1/16		1/16	1		-1	65	F4	4	19
3	3	27/4	0.25	3/16	3/16	3/4	1	1	1/16		1/16	1		-3	63	Eb4	4	20
3	3	7	2.0	1/4	1/4	3/4	1	1	1/2		1/2	1	1	-5	61	Db4	4	21
4	4	9	2.0	0	0	3/4	2	1	1/2		1/2	1	-1	-6	42	Gb2	2	28
4	4	9	2.0	0	0	3/4	2	1	1/2		1/2	1	-1	-5	49	Db3	3	28
4	4	9	2.0	0	0	3/4	1	2	1/2		1/2	1	-1	-6	54	Gb3	3	27
4	4	9	2.0	0	0	3/4	1	2	1/2		1/2	1	-1	-2	58	Bb3	3	27
4	4	9	2.0	0	0	3/4	1	1	1/2		1/2	1	-1	-5	61	Db4	4	24
4	4	11	0.5	1/2	1/2	3/4	1	1	1/8		1/8	1		-3	63	Eb4	4	25
4	4	23/2	0.5	5/8	5/8	3/4	1	1	1/8		1/8	1		-6	66	Gb4	4	26
5	5	12	1.5	0	0	3/4	2	1	3/8		1/4	3/2		-5	49	Db3	3	34
5	5	12	1.5	0	0	3/4	2	1	3/8		1/4	3/2		-4	56	Ab3	3	34
5	5	12	1.5	0	0	3/4	1	1	3/8		1/4	3/2		-5	61	Db4	4	29
5	5	12	1.5	0	0	3/4	1	1	3/8		1/4	3/2		-1	65	F4	4	29
5	5	12	1.5	0	0	3/4	1	1	3/8		1/4	3/2		-4	68	Ab4	4	29
5	5	27/2	0.5	3/8	3/8	3/4	2	1	1/8		1/8	1		-2	46	Bb2	2	35
5	5	27/2	0.5	3/8	3/8	3/4	2	1	1/8		1/8	1		-1	53	F3	3	35
5	5	27/2	0.5	3/8	3/8	3/4	2	1	1/8		1/8	1		-2	58	Bb3	3	35
5	5	27/2	0.5	3/8	3/8	3/4	1	1	1/8		1/8	1		-5	61	Db4	4	30
5	5	27/2	0.5	3/8	3/8	3/4	1	1	1/8		1/8	1		-1	65	F4	4	30
5	5	27/2	0.5	3/8	3/8	3/4	1	1	1/8		1/8	1		-5	73	Db5	5	30
5	5	14	0.5	1/2	1/2	3/4	2	1	1/8		1/8	1		-3	51	Eb3	3	36
5	5	14	0.5	1/2	1/2	3/4	2	1	1/8		1/8	1		-2	58	Bb3	3	36
5	5	14	0.5	1/2	1/2	3/4	1	1	1/8		1/8	1		-3	63	Eb4	4	31
5	5	14	0.5	1/2	1/2	3/4	1	1	1/8		1/8	1		-6	66	Gb4	4	31
5	5	14	0.5	1/2	1/2	3/4	1	1	1/8		1/8	1		-2	70	Bb4	4	31
5	5	29/2	0.5	5/8	5/8	3/4	2	1	1/8		1/8	1		-6	54	Gb3	3	37
5	5	29/2	0.5	5/8	5/8	3/4	2	1	1/8		1/8	1		-2	58	Bb3	3	37
5	5	29/2	0.25	5/8	5/8	3/4	1	1	1/16		1/16	1		-5	61	Db4	4	32
5	5	29/2	0.25	5/8	5/8	3/4	1	1	1/16		1/16	1		-6	66	Gb4	4	32
5	5	59/4	0.25	11/16	11/16	3/4	1	1	1/16		1/16	1		-2	70	Bb4	4	33
6	6	15	1.0	0	0	3/4	2	1	1/4		1/4	1		-5	49	Db3	3	43
6	6	15	1.0	0	0	3/4	2	1	1/4		1/4	1		-4	56	Ab3	3	43
6	6	15	1.0	0	0	3/4	1	2	1/4		1/4	1		-5	61	Db4	4	42
6	6	15	1.0	0	0	3/4	1	2	1/4		1/4	1		-1	65	F4	4	42
6	6	15	0.5	0	0	3/4	1	1	1/8		1/8	1		-4	68	Ab4	4	38
6	6	31/2	0.5	1/8	1/8	3/4	1	1	1/8		1/8	1		-5	73	Db5	5	39
6	6	16	1.0	1/4	1/4	3/4	2	1	1/4		1/4	1		-2	46	Bb2	2	44
6	6	16	1.0	1/4	1/4	3/4	2	1	1/4		1/4	1		-1	53	F3	3	44
6	6	16	1.0	1/4	1/4	3/4	2	1	1/4		1/4	1		-2	58	Bb3	3	44
6	6	16	1.0	1/4	1/4	3/4	1	1	1/4		1/4	1		2	62	D4	4	40
6	6	16	1.0	1/4	1/4	3/4	1	1	1/4		1/4	1		-1	65	F4	4	40
6	6	16	1.0	1/4	1/4	3/4	1	1	1/4		1/4	1		-2	70	Bb4	4	40
6	6	17	1.0	1/2	1/2	3/4	2	1	1/4		1/4	1	1	-3	39	Eb2	2	45
6	6	17	1.0	1/2	1/2	3/4	2	1	1/4		1/4	1	1	-2	46	Bb2	2	45
6	6	17	1.0	1/2	1/2	3/4	2	1	1/4		1/4	1	1	1	55	G3	3	45
6	6	17	1.0	1/2	1/2	3/4	2	1	1/4		1/4	1	1	-2	58	Bb3	3	45
6	6	17	1.0	1/2	1/2	3/4	1	1	1/4		1/4	1	1	-3	63	Eb4	4	41
6	6	17	1.0	1/2	1/2	3/4	1	1	1/4		1/4	1	1	-2	70	Bb4	4	41
6	6	17	1.0	1/2	1/2	3/4	1	1	1/4		1/4	1	1	-3	75	Eb5	5	41
7	7	18	1.0	0	0	3/4	2	1	1/4		1/4	1	-1	-3	39	Eb2	2	49
7	7	18	1.0	0	0	3/4	2	1	1/4		1/4	1	-1	-2	46	Bb2	2	49
7	7	18	1.0	0	0	3/4	2	1	1/4		1/4	1	-1	1	55	G3	3	49
7	7	18	1.0	0	0	3/4	2	1	1/4		1/4	1	-1	-2	58	Bb3	3	49
7	7	18	1.0	0	0	3/4	1	1	1/4		1/4	1	-1	-3	63	Eb4	4	46
7	7	18	1.0	0	0	3/4	1	1	1/4		1/4	1	-1	-2	70	Bb4	4	46
7	7	18	1.0	0	0	3/4	1	1	1/4		1/4	1	-1	-3	75	Eb5	5	46
7	7	19	1.5	1/4	1/4	3/4	1	1	3/8		1/4	3/2		-2	70	Bb4	4	47
7	7	41/2	0.5	5/8	5/8	3/4	1	1	1/8		1/8	1		-7	71	Cb5	5	48
8	8	21	2.0	0	0	3/4	2	1	1/2		1/2	1		-8	52	Fb3	3	59
8	8	21	2.0	0	0	3/4	2	1	1/2		1/2	1		-6	54	Gb3	3	59
8	8	21	2.0	0	0	3/4	2	1	1/2		1/2	1		-2	58	Bb3	3	59
8	8	21	2.0	0	0	3/4	1	2	1/2		1/2	1		-5	61	Db4	4	57
8	8	21	1.0	0	0	3/4	1	1	1/4		1/4	1	1	-5	73	Db5	5	50
8	8	22	0.5	1/4	1/4	3/4	1	1	1/8		1/8	1	-1	-5	73	Db5	5	51
8	8	45/2	0.25	3/8	3/8	3/4	1	1	1/16		1/16	1		-2	70	Bb4	4	52
8	8	91/4	0.25	7/16	7/16	3/4	1	1	1/16		1/16	1		-6	66	Gb4	4	53
8	8	23	1.0	1/2	1/2	3/4	2	1	1/4		1/4	1		-6	54	Gb3	3	60
8	8	23	1.0	1/2	1/2	3/4	2	1	1/4		1/4	1		-4	56	Ab3	3	60
8	8	23	1.0	1/2	1/2	3/4	2	1	1/4		1/4	1		0	60	C4	4	60
8	8	23	0.5	1/2	1/2	3/4	1	1	1/8		1/8	1		-3	63	Eb4	4	54
8	8	23	1.0	1/2	1/2	3/4	1	2	1/4		1/4	1		-3	63	Eb4	4	58
8	8	47/2	0.25	5/8	5/8	3/4	1	1	1/16		1/16	1		-6	66	Gb4	4	55
8	8	95/4	0.25	11/16	11/16	3/4	1	1	1/16		1/16	1		-2	70	Bb4	4	56
9	9	24	1.0	0	0	3/4	2	1	1/4		1/4	1		-8	52	Fb3	3	74
9	9	24	1.0	0	0	3/4	2	1	1/4		1/4	1		-6	54	Gb3	3	74
9	9	24	1.0	0	0	3/4	2	1	1/4		1/4	1		-2	58	Bb3	3	74
9	9	24	1.0	0	0	3/4	1	2	1/4		1/4	1		-5	61	Db4	4	70
9	9	24	0.5	0	0	3/4	1	1	1/8		1/8	1		-5	73	Db5	5	61
9	9	49/2	0.25	1/8	1/8	3/4	1	1	1/16		1/16	1		-2	70	Bb4	4	62
9	9	99/4	0.25	3/16	3/16	3/4	1	1	1/16		1/16	1		-6	66	Gb4	4	63
9	9	25	1.0	1/4	1/4	3/4	2	1	1/4		1/4	1		-6	54	Gb3	3	75
9	9	25	1.0	1/4	1/4	3/4	2	1	1/4		1/4	1		-4	56	Ab3	3	75
9	9	25	1.0	1/4	1/4	3/4	2	1	1/4		1/4	1		0	60	C4	4	75
9	9	25	0.5	1/4	1/4	3/4	1	1	1/8		1/8	1		-3	63	Eb4	4	64
9	9	25	1.0	1/4	1/4	3/4	1	2	1/4		1/4	1		-3	63	Eb4	4	71
9	9	51/2	0.25	3/8	3/8	3/4	1	1	1/16		1/16	1		-6	66	Gb4	4	65
9	9	103/4	0.25	7/16	7/16	3/4	1	1	1/16		1/16	1		-2	70	Bb4	4	66
9	9	26	1.0	1/2	1/2	3/4	2	1	1/4		1/4	1		-3	51	Eb3	3	76
9	9	26	0.5	1/2	1/2	3/4	1	2	1/8		1/8	1		-2	58	Bb3	3	72
9	9	26	0.5	1/2	1/2	3/4	1	2	1/8		1/8	1		-5	61	Db4	4	72
9	9	26	0.5	1/2	1/2	3/4	1	1	1/8		1/8	1		-6	66	Gb4	4	67
9	9	53/2	0.5	5/8	5/8	3/4	2	2	1/8		1/8	1		-5	37	Db2	2	77
9	9	53/2	0.5	5/8	5/8	3/4	1	2	1/8		1/8	1		-4	56	Ab3	3	73
9	9	53/2	0.5	5/8	5/8	3/4	1	2	1/8		1/8	1		-7	59	Cb4	4	73
9	9	53/2	0.25	5/8	5/8	3/4	1	1	1/16		1/16	1		-6	66	Gb4	4	68
9	9	107/4	0.25	11/16	11/16	3/4	1	1	1/16		1/16	1		-3	63	Eb4	4	69
10	10	27	3.0	0	0	3/4	2	2	3/4		1/2	3/2	1	-6	42	Gb2	2	89
10	10	27	3.0	0	0	3/4	2	1	3/4		1/2	3/2	1	-5	49	Db3	3	88
10	10	27	3.0	0	0	3/4	1	2	3/4		1/2	3/2		-6	54	Gb3	3	82
10	10	27	3.0	0	0	3/4	1	2	3/4		1/2	3/2		-2	58	Bb3	3	82
10	10	27	0.5	0	0	3/4	1	1	1/8		1/8	1		-6	66	Gb4	4	78
10	10	55/2	0.25	1/8	1/8	3/4	1	1	1/16		1/16	1		-1	65	F4	4	79
10	10	111/4	0.25	3/16	3/16	3/4	1	1	1/16		1/16	1		-3	63	Eb4	4	80
10	10	28	1.0	1/4	1/4	3/4	1	3	1/4		1/4	1	1	-5	61	Db4	4	83
10	10	28	2.0	1/4	1/4	3/4	1	1	1/2		1/2	1	1	-5	61	Db4	4	81
10	10	29	0.25	1/2	1/2	3/4	1	3	1/16		1/16	1	-1	-5	61	Db4	4	84
10	10	117/4	0.25	9/16	9/16	3/4	1	3	1/16		1/16	1		-7	59	Cb4	4	85
10	10	59/2	0.25	5/8	5/8	3/4	1	3	1/16		1/16	1	1	-2	58	Bb3	3	86
10	10	119/4	0.25	11/16	11/16	3/4	1	3	1/16		1/16	1		-4	56	Ab3	3	87
11	11	30	3.0	0	0	3/4	2	2	3/4		1/2	3/2	-1	-6	42	Gb2	2	101
11	11	30	3.0	0	0	3/4	2	2	3/4		1/2	3/2	-1	-5	49	Db3	3	101
11	11	30	0.5	0	0	3/4	2	1	1/8		1/8	1		-6	54	Gb3	3	93
11	11	30	2.0	0	0	3/4	1	1	1/2		1/2	1	-1	-2	58	Bb3	3	90
11	11	30	2.0	0	0	3/4	1	1	1/2		1/2	1	-1	-5	61	Db4	4	90
11	11	61/2	0.25	1/8	1/8	3/4	2	1	1/16		1/16	1		-1	53	F3	3	94
11	11	123/4	0.25	3/16	3/16	3/4	2	1	1/16		1/16	1		-3	51	Eb3	3	95
11	11	31	1.0	1/4	1/4	3/4	2	1	1/4		1/4	1	1	-5	49	Db3	3	96
11	11	32	0.25	1/2	1/2	3/4	2	1	1/16		1/16	1	-1	-5	49	Db3	3	97
11	11	129/4	0.25	9/16	9/16	3/4	2	1	1/16		1/16	1		-7	47	Cb3	3	98
11	11	65/2	0.25	5/8	5/8	3/4	2	1	1/16		1/16	1		-2	46	Bb2	2	99
11	11	65/2	0.25	5/8	5/8	3/4	1	1	1/16		1/16	1		-2	58	Bb3	3	91
11	11	131/4	0.25	11/16	11/16	3/4	2	1	1/16		1/16	1		-4	44	Ab2	2	100
11	11	131/4	0.25	11/16	11/16	3/4	1	1	1/16		1/16	1		-5	61	Db4	4	92
12	12	33	3.0	0	0	3/4	2	2	3/4		1/2	3/2	1	-6	30	Gb1	1	110
12	12	33	3.0	0	0	3/4	2	2	3/4		1/2	3/2		-5	37	Db2	2	110
12	12	33	3.0	0	0	3/4	2	2	3/4		1/2	3/2		-6	42	Gb2	2	110
12	12	33	3.0	0	0	3/4	2	1	3/4		1/2	3/2		-5	49	Db3	3	109
12	12	33	3.0	0	0	3/4	2	1	3/4		1/2	3/2		-4	56	Ab3	3	109
12	12	33	3.0	0	0	3/4	2	1	3/4		1/2	3/2		-7	59	Cb4	4	109
12	12	33	3.0	0	0	3/4	2	1	3/4		1/2	3/2		-5	61	Db4	4	109
12	12	33	0.5	0	0	3/4	1	1	1/8		1/8	1		-3	63	Eb4	4	102
12	12	67/2	0.25	1/8	1/8	3/4	1	1	1/16		1/16	1		-6	66	Gb4	4	103
12	12	135/4	0.25	3/16	3/16	3/4	1	1	1/16		1/16	1		-4	68	Ab4	4	104
12	12	34	0.5	1/4	1/4	3/4	1	1	1/8		1/8	1		-7	71	Cb5	5	105
12	12	69/2	0.5	3/8	3/8	3/4	1	1	1/8		1/8	1		-5	73	Db5	5	106
12	12	35	0.5	1/2	1/2	3/4	1	1	1/8		1/8	1		-3	75	Eb5	5	107
12	12	71/2	0.5	5/8	5/8	3/4	1	1	1/8		1/8	1	1	-6	78	Gb5	5	108
13	13	36	2.0	0	0	3/4	2	2	1/2		1/2	1	-1	-6	30	Gb1	1	121
13	13	36	2.0	0	0	3/4	2	1	1/2		1/2	1		-5	49	Db3	3	120
13	13	36	2.0	0	0	3/4	2	1	1/2		1/2	1		-6	54	Gb3	3	120
13	13	36	2.0	0	0	3/4	2	1	1/2		1/2	1		-2	58	Bb3	3	120
13	13	36	2.0	0	0	3/4	2	1	1/2		1/2	1		-5	61	Db4	4	120
13	13	36	2.0	0	0	3/4	1	2	1/2		1/2	1		-6	66	Gb4	4	119
13	13	36	2.0	0	0	3/4	1	2	1/2		1/2	1		-2	70	Bb4	4	119
13	13	36	0.5	0	0	3/4	1	1	1/8		1/8	1	-1	-6	78	Gb5	5	111
13	13	73/2	0.25	1/8	1/8	3/4	1	1	1/16		1/16	1		-1	77	F5	5	112
13	13	147/4	0.25	3/16	3/16	3/4	1	1	1/16		1/16	1		-3	75	Eb5	5	113
13	13	37	1.0	1/4	1/4	3/4	1	1	1/4		1/4	1	1	-5	73	Db5	5	114
13	13	38	1.0	1/2	1/2	3/4	2	2	1/4		1/4	1		-6	30	Gb1	1	122
13	13	38	0.25	1/2	1/2	3/4	1	1	1/16		1/16	1	-1	-5	73	Db5	5	115
13	13	153/4	0.25	9/16	9/16	3/4	1	1	1/16		1/16	1		-7	71	Cb5	5	116
13	13	77/2	0.25	5/8	5/8	3/4	1	1	1/16		1/16	1		-2	70	Bb4	4	117
13	13	155/4	0.25	11/16	11/16	3/4	1	1	1/16		1/16	1		-4	68	Ab4	4	118
14	14	39	0.75	0	0	3/4	2	1	3/16		1/8	3/2		-6	54	Gb3	3	138
14	14	39	0.75	0	0	3/4	2	1	3/16		1/8	3/2		-7	59	Cb4	4	138
14	14	39	0.75	0	0	3/4	1	2	3/16		1/8	3/2		-3	63	Eb4	4	132
14	14	39	0.25	0	0	3/4	1	1	1/16		1/16	1		-6	66	Gb4	4	123
14	14	157/4	0.25	1/16	1/16	3/4	1	1	1/16		1/16	1		-4	68	Ab4	4	124
14	14	79/2	0.5	1/8	1/8	3/4	1	1	1/8		1/8	1	1	-2	70	Bb4	4	125
14	14	159/4	0.25	3/16	3/16	3/4	2	1	1/16		1/16	1		-4	56	Ab3	3	139
14	14	159/4	0.25	3/16	3/16	3/4	2	1	1/16		1/16	1		-5	61	Db4	4	139
14	14	159/4	0.25	3/16	3/16	3/4	1	2	1/16		1/16	1		-1	65	F4	4	133
14	14	40	0.75	1/4	1/4	3/4	2	1	3/16		1/8	3/2		-6	54	Gb3	3	140
14	14	40	0.75	1/4	1/4	3/4	2	1	3/16		1/8	3/2		-7	59	Cb4	4	140
14	14	40	0.75	1/4	1/4	3/4	1	2	3/16		1/8	3/2		-3	63	Eb4	4	134
14	14	40	0.25	1/4	1/4	3/4	1	1	1/16		1/16	1	-1	-2	70	Bb4	4	126
14	14	161/4	0.25	5/16	5/16	3/4	1	1	1/16		1/16	1		-4	68	Ab4	4	127
14	14	81/2	0.5	3/8	3/8	3/4	1	1	1/8		1/8	1	1	-6	66	Gb4	4	128
14	14	163/4	0.25	7/16	7/16	3/4	2	1	1/16		1/16	1		-1	53	F3	3	141
14	14	163/4	0.25	7/16	7/16	3/4	2	1	1/16		1/16	1		-2	58	Bb3	3	141
14	14	163/4	0.25	7/16	7/16	3/4	1	2	1/16		1/16	1		-5	61	Db4	4	135
14	14	41	0.75	1/2	1/2	3/4	2	1	3/16		1/8	3/2		-3	51	Eb3	3	142
14	14	41	0.75	1/2	1/2	3/4	2	1	3/16		1/8	3/2		-4	56	Ab3	3	142
14	14	41	0.75	1/2	1/2	3/4	1	2	3/16		1/8	3/2		-7	59	Cb4	4	136
14	14	41	0.25	1/2	1/2	3/4	1	1	1/16		1/16	1	-1	-6	66	Gb4	4	129
14	14	165/4	0.25	9/16	9/16	3/4	1	1	1/16		1/16	1		-1	65	F4	4	130
14	14	83/2	0.5	5/8	5/8	3/4	1	1	1/8		1/8	1	1	-3	63	Eb4	4	131
14	14	167/4	0.25	11/16	11/16	3/4	2	1	1/16		1/16	1		-5	49	Db3	3	143
14	14	167/4	0.25	11/16	11/16	3/4	2	1	1/16		1/16	1		-6	54	Gb3	3	143
14	14	167/4	0.25	11/16	11/16	3/4	1	2	1/16		1/16	1		-2	58	Bb3	3	137
15	15	42	3.0	0	0	3/4	2	1	3/4		1/2	3/2		-7	47	Cb3	3	156
15	15	42	3.0	0	0	3/4	2	1	3/4		1/2	3/2		-8	52	Fb3	3	156
15	15	42	3.0	0	0	3/4	1	2	3/4		1/2	3/2		-4	56	Ab3	3	155
15	15	42	0.25	0	0	3/4	1	1	1/16		1/16	1	-1	-3	63	Eb4	4	144
15	15	169/4	0.25	1/16	1/16	3/4	1	1	1/16		1/16	1		-5	61	Db4	4	145
15	15	85/2	0.5	1/8	1/8	3/4	1	1	1/8		1/8	1	1	-7	59	Cb4	4	146
15	15	43	2.0	1/4	1/4	3/4	2	2	1/2		1/2	1		-6	30	Gb1	1	157
15	15	43	0.25	1/4	1/4	3/4	1	1	1/16		1/16	1	-1	-7	59	Cb4	4	147
15	15	173/4	0.25	5/16	5/16	3/4	1	1	1/16		1/16	1		-5	61	Db4	4	148
15	15	87/2	0.25	3/8	3/8	3/4	1	1	1/16		1/16	1		-8	64	Fb4	4	149
15	15	175/4	0.25	7/16	7/16	3/4	1	1	1/16		1/16	1		-4	68	Ab4	4	150
15	15	44	0.25	1/2	1/2	3/4	1	1	1/16		1/16	1		-7	71	Cb5	5	151
15	15	177/4	0.25	9/16	9/16	3/4	1	1	1/16		1/16	1		-5	73	Db5	5	152
15	15	89/2	0.25	5/8	5/8	3/4	1	1	1/16		1/16	1		-8	76	Fb5	5	153
15	15	179/4	0.25	11/16	11/16	3/4	1	1	1/16		1/16	1		-4	80	Ab5	5	154
16	16	45	0.0	0	0	3/4	2	2	0	acciaccatura	1/8	1	1	-7	35	Cb2	2	164
16	16	45	3.0	0	0	3/4	2	2	3/4		1/2	3/2	-1	-7	35	Cb2	2	165
16	16	45	3.0	0	0	3/4	2	1	3/4		1/2	3/2		-6	54	Gb3	3	163
16	16	45	3.0	0	0	3/4	2	1	3/4		1/2	3/2		-7	59	Cb4	4	163
16	16	45	3.0	0	0	3/4	2	1	3/4		1/2	3/2		-3	63	Eb4	4	163
16	16	45	3.0	0	0	3/4	2	1	3/4		1/2	3/2		-6	66	Gb4	4	163
16	16	45	3.0	0	0	3/4	1	2	3/4		1/2	3/2		-7	71	Cb5	5	162
16	16	45	3.0	0	0	3/4	1	2	3/4		1/2	3/2		-3	75	Eb5	5	162
16	16	45	0.5	0	0	3/4	1	1	1/8		1/8	1		-7	83	Cb6	6	158
16	16	91/2	0.25	1/8	1/8	3/4	1	1	1/16		1/16	1		-2	82	Bb5	5	159
16	16	183/4	0.25	3/16	3/16	3/4	1	1	1/16		1/16	1		-4	80	Ab5	5	160
16	16	46	2.0	1/4	1/4	3/4	1	1	1/2		1/2	1		-6	78	Gb5	5	161
17	17	48	1.0	0	0	3/4	2	1	1/4		1/4	1		-4	56	Ab3	3	175
17	17	48	1.0	0	0	3/4	2	1	1/4		1/4	1		-3	63	Eb4	4	175
17	17	48	1.0	0	0	3/4	2	1	1/4		1/4	1		-6	66	Gb4	4	175
17	17	48	1.0	0	0	3/4	1	2	1/4		1/4	1		-7	71	Cb5	5	173
17	17	48	0.5	0	0	3/4	1	1	1/8		1/8	1		-2	82	Bb5	5	166
17	17	97/2	0.25	1/8	1/8	3/4	1	1	1/16		1/16	1		-4	80	Ab5	5	167
17	17	195/4	0.25	3/16	3/16	3/4	1	1	1/16		1/16	1		-6	78	Gb5	5	168
17	17	49	2.0	1/4	1/4	3/4	2	1	1/2		1/2	1		-5	49	Db3	3	176
17	17	49	2.0	1/4	1/4	3/4	2	1	1/2		1/2	1		-4	56	Ab3	3	176
17	17	49	2.0	1/4	1/4	3/4	2	1	1/2		1/2	1		-7	59	Cb4	4	176
17	17	49	2.0	1/4	1/4	3/4	1	2	1/2		1/2	1		-1	65	F4	4	174
17	17	49	1.0	1/4	1/4	3/4	1	1	1/4		1/4	1	1	-3	75	Eb5	5	169
17	17	50	0.5	1/2	1/2	3/4	1	1	1/8		1/8	1	-1	-3	75	Eb5	5	170
17	17	101/2	0.25	5/8	5/8	3/4	1	1	1/16		1/16	1		-5	73	Db5	5	171
17	17	203/4	0.25	11/16	11/16	3/4	1	1	1/16		1/16	1		-7	71	Cb5	5	172
18	18	51	1.0	0	0	3/4	2	1	1/4		1/4	1		-4	44	Ab2	2	186
18	18	51	1.0	0	0	3/4	2	1	1/4		1/4	1		-3	51	Eb3	3	186
18	18	51	1.0	0	0	3/4	2	1	1/4		1/4	1		-6	54	Gb3	3	186
18	18	51	1.0	0	0	3/4	1	2	1/4		1/4	1		-7	59	Cb4	4	184
18	18	51	0.5	0	0	3/4	1	1	1/8		1/8	1		-2	70	Bb4	4	177
18	18	103/2	0.25	1/8	1/8	3/4	1	1	1/16		1/16	1		-4	68	Ab4	4	178
18	18	207/4	0.25	3/16	3/16	3/4	1	1	1/16		1/16	1		-6	66	Gb4	4	179
18	18	52	2.0	1/4	1/4	3/4	2	2	1/2		1/2	1		-2	34	Bb1	1	189
18	18	52	0.5	1/4	1/4	3/4	2	1	1/8		1/8	1		-2	46	Bb2	2	187
18	18	52	2.0	1/4	1/4	3/4	1	2	1/2		1/2	1		-1	53	F3	3	185
18	18	52	2.0	1/4	1/4	3/4	1	2	1/2		1/2	1		-4	56	Ab3	3	185
18	18	52	2.0	1/4	1/4	3/4	1	2	1/2		1/2	1		-2	58	Bb3	3	185
18	18	52	1.0	1/4	1/4	3/4	1	1	1/4		1/4	1	1	-3	63	Eb4	4	180
18	18	53	1.0	1/2	1/2	3/4	2	1	1/4		1/4	1	1	-2	46	Bb2	2	188
18	18	53	0.5	1/2	1/2	3/4	1	1	1/8		1/8	1	-1	-3	63	Eb4	4	181
18	18	107/2	0.25	5/8	5/8	3/4	1	1	1/16		1/16	1		-3	63	Eb4	4	182
18	18	215/4	0.25	11/16	11/16	3/4	1	1	1/16		1/16	1		0	60	C4	4	183
19	19	54	3.0	0	0	3/4	2	2	3/4		1/2	3/2		-3	39	Eb2	2	202
19	19	54	0.5	0	0	3/4	2	1	1/8		1/8	1	-1	-2	46	Bb2	2	194
19	19	54	2.0	0	0	3/4	1	1	1/2		1/2	1		1	55	G3	3	190
19	19	54	2.0	0	0	3/4	1	1	1/2		1/2	1		-2	58	Bb3	3	190
19	19	54	2.0	0	0	3/4	1	1	1/2		1/2	1		-3	63	Eb4	4	190
19	19	109/2	0.25	1/8	1/8	3/4	2	1	1/16		1/16	1		-2	46	Bb2	2	195
19	19	109/2	0.5	1/8	1/8	3/4	2	3	1/8		1/8	1	1	-2	46	Bb2	2	203
19	19	219/4	0.25	3/16	3/16	3/4	2	1	1/16		1/16	1		0	48	C3	3	196
19	19	55	2.0	1/4	1/4	3/4	2	3	1/2		1/2	1	0	-2	46	Bb2	2	204
19	19	55	0.25	1/4	1/4	3/4	2	1	1/16		1/16	1		-3	51	Eb3	3	197
19	19	221/4	0.25	5/16	5/16	3/4	2	1	1/16		1/16	1		-1	53	F3	3	198
19	19	111/2	0.25	3/8	3/8	3/4	2	1	1/16		1/16	1		1	55	G3	3	199
19	19	223/4	0.25	7/16	7/16	3/4	2	1	1/16		1/16	1	1	-2	58	Bb3	3	200
19	19	56	1.0	1/2	1/2	3/4	2	1	1/4		1/4	1		-1	53	F3	3	201
19	19	56	1.0	1/2	1/2	3/4	2	1	1/4		1/4	1		-4	56	Ab3	3	201
19	19	56	1.0	1/2	1/2	3/4	2	1	1/4		1/4	1	-1	-2	58	Bb3	3	201
19	19	56	0.5	1/2	1/2	3/4	1	1	1/8		1/8	1		0	60	C4	4	191
19	19	113/2	0.25	5/8	5/8	3/4	1	1	1/16		1/16	1		-3	63	Eb4	4	192
19	19	227/4	0.25	11/16	11/16	3/4	1	1	1/16		1/16	1		0	60	C4	4	193
20	20	57	2.0	0	0	3/4	2	2	1/2		1/2	1		-3	39	Eb2	2	226
20	20	57	0.5	0	0	3/4	2	1	1/8		1/8	1	-1	-2	46	Bb2	2	216
20	20	57	2.0	0	0	3/4	1	2	1/2		1/2	1		1	55	G3	3	214
20	20	57	2.0	0	0	3/4	1	2	1/2		1/2	1		-2	58	Bb3	3	214
20	20	57	2.0	0	0	3/4	1	2	1/2		1/2	1		-3	63	Eb4	4	214
20	20	115/2	0.25	1/8	1/8	3/4	2	1	1/16		1/16	1		-2	46	Bb2	2	217
20	20	115/2	0.25	1/8	1/8	3/4	1	1	1/16		1/16	1		-2	58	Bb3	3	205
20	20	231/4	0.25	3/16	3/16	3/4	2	1	1/16		1/16	1		0	48	C3	3	218
20	20	231/4	0.25	3/16	3/16	3/4	1	1	1/16		1/16	1		0	60	C4	4	206
20	20	58	0.25	1/4	1/4	3/4	2	1	1/16		1/16	1		-3	51	Eb3	3	219
20	20	58	0.25	1/4	1/4	3/4	1	1	1/16		1/16	1		-3	63	Eb4	4	207
20	20	233/4	0.25	5/16	5/16	3/4	2	1	1/16		1/16	1		-1	53	F3	3	220
20	20	233/4	0.25	5/16	5/16	3/4	1	1	1/16		1/16	1		-1	65	F4	4	208
20	20	117/2	0.25	3/8	3/8	3/4	2	1	1/16		1/16	1		1	55	G3	3	221
20	20	117/2	0.25	3/8	3/8	3/4	1	1	1/16		1/16	1		1	67	G4	4	209
20	20	235/4	0.25	7/16	7/16	3/4	2	1	1/16		1/16	1	1	-2	58	Bb3	3	222
20	20	235/4	0.25	7/16	7/16	3/4	1	1	1/16		1/16	1	1	-2	70	Bb4	4	210
20	20	59	1.0	1/2	1/2	3/4	2	2	1/4		1/4	1		-3	51	Eb3	3	227
20	20	59	1.0	1/2	1/2	3/4	2	2	1/4		1/4	1	-1	-2	58	Bb3	3	227
20	20	59	0.5	1/2	1/2	3/4	2	1	1/8		1/8	1		0	60	C4	4	223
20	20	59	1.0	1/2	1/2	3/4	1	2	1/4		1/4	1		-1	65	F4	4	215
20	20	59	1.0	1/2	1/2	3/4	1	2	1/4		1/4	1		-4	68	Ab4	4	215
20	20	59	1.0	1/2	1/2	3/4	1	2	1/4		1/4	1	-1	-2	70	Bb4	4	215
20	20	59	0.5	1/2	1/2	3/4	1	1	1/8		1/8	1		0	72	C5	5	211
20	20	119/2	0.25	5/8	5/8	3/4	2	1	1/16		1/16	1		-3	63	Eb4	4	224
20	20	119/2	0.25	5/8	5/8	3/4	1	1	1/16		1/16	1		-3	75	Eb5	5	212
20	20	239/4	0.25	11/16	11/16	3/4	2	1	1/16		1/16	1		0	60	C4	4	225
20	20	239/4	0.25	11/16	11/16	3/4	1	1	1/16		1/16	1		0	72	C5	5	213
21	21	60	0.5	0	0	3/4	2	2	1/8		1/8	1		-3	51	Eb3	3	246
21	21	60	0.5	0	0	3/4	2	2	1/8		1/8	1		-2	58	Bb3	3	246
21	21	60	0.5	0	0	3/4	2	1	1/8		1/8	1		-3	63	Eb4	4	238
21	21	60	2.0	0	0	3/4	1	2	1/2		1/2	1		1	67	G4	4	236
21	21	60	2.0	0	0	3/4	1	2	1/2		1/2	1		-2	70	Bb4	4	236
21	21	60	0.5	0	0	3/4	1	1	1/8		1/8	1		-3	75	Eb5	5	228
21	21	121/2	0.25	1/8	1/8	3/4	2	1	1/16		1/16	1		-2	58	Bb3	3	239
21	21	121/2	0.25	1/8	1/8	3/4	1	1	1/16		1/16	1		-2	70	Bb4	4	229
21	21	243/4	0.25	3/16	3/16	3/4	2	1	1/16		1/16	1		0	60	C4	4	240
21	21	243/4	0.25	3/16	3/16	3/4	1	1	1/16		1/16	1		0	72	C5	5	230
21	21	61	0.25	1/4	1/4	3/4	2	1	1/16		1/16	1		-3	63	Eb4	4	241
21	21	61	0.25	1/4	1/4	3/4	1	1	1/16		1/16	1		-3	75	Eb5	5	231
21	21	245/4	0.25	5/16	5/16	3/4	2	1	1/16		1/16	1		-1	65	F4	4	242
21	21	245/4	0.25	5/16	5/16	3/4	1	1	1/16		1/16	1		-1	77	F5	5	232
21	21	123/2	0.25	3/8	3/8	3/4	2	1	1/16		1/16	1		1	67	G4	4	243
21	21	123/2	0.25	3/8	3/8	3/4	1	1	1/16		1/16	1		1	79	G5	5	233
21	21	247/4	0.25	7/16	7/16	3/4	2	1	1/16		1/16	1		-2	70	Bb4	4	244
21	21	247/4	0.25	7/16	7/16	3/4	1	1	1/16		1/16	1		-2	82	Bb5	5	234
21	21	62	1.0	1/2	1/2	3/4	2	1	1/4		1/4	1	1	-7	59	Cb4	4	245
21	21	62	1.0	1/2	1/2	3/4	2	1	1/4		1/4	1	1	-3	63	Eb4	4	245
21	21	62	1.0	1/2	1/2	3/4	2	1	1/4		1/4	1	1	-6	66	Gb4	4	245
21	21	62	1.0	1/2	1/2	3/4	2	1	1/4		1/4	1	1	-7	71	Cb5	5	245
21	21	62	1.0	1/2	1/2	3/4	1	2	1/4		1/4	1	1	-3	75	Eb5	5	237
21	21	62	1.0	1/2	1/2	3/4	1	2	1/4		1/4	1	1	-6	78	Gb5	5	237
21	21	62	1.0	1/2	1/2	3/4	1	2	1/4		1/4	1	1	-7	83	Cb6	6	237
21	21	62	1.0	1/2	1/2	3/4	1	1	1/4		1/4	1	1	-3	87	Eb6	6	235
22	22	63	0.5	0	0	3/4	2	1	1/8		1/8	1	-1	-7	59	Cb4	4	261
22	22	63	0.5	0	0	3/4	2	1	1/8		1/8	1	-1	-3	63	Eb4	4	261
22	22	63	0.5	0	0	3/4	2	1	1/8		1/8	1	-1	-6	66	Gb4	4	261
22	22	63	0.5	0	0	3/4	2	1	1/8		1/8	1	-1	-7	71	Cb5	5	261
22	22	63	0.5	0	0	3/4	1	2	1/8		1/8	1	-1	-3	75	Eb5	5	257
22	22	63	0.5	0	0	3/4	1	2	1/8		1/8	1	-1	-6	78	Gb5	5	257
22	22	63	0.5	0	0	3/4	1	2	1/8		1/8	1	-1	-7	83	Cb6	6	257
22	22	63	0.5	0	0	3/4	1	1	1/8		1/8	1	-1	-3	87	Eb6	6	247
22	22	127/2	0.5	1/8	1/8	3/4	2	1	1/8		1/8	1		-5	61	Db4	4	262
22	22	127/2	0.5	1/8	1/8	3/4	2	1	1/8		1/8	1		-1	65	F4	4	262
22	22	127/2	0.5	1/8	1/8	3/4	2	1	1/8		1/8	1		-4	68	Ab4	4	262
22	22	127/2	0.5	1/8	1/8	3/4	2	1	1/8		1/8	1		-5	73	Db5	5	262
22	22	127/2	0.5	1/8	1/8	3/4	1	2	1/8		1/8	1		-1	77	F5	5	258
22	22	127/2	0.5	1/8	1/8	3/4	1	2	1/8		1/8	1		-4	80	Ab5	5	258
22	22	127/2	0.16666666666666666	1/8	1/8	3/4	1	1	1/24		1/16	2/3		-5	85	Db6	6	248
22	22	191/3	0.16666666666666666	1/6	1/6	3/4	1	1	1/24		1/16	2/3		-3	87	Eb6	6	249
22	22	383/6	0.16666666666666666	5/24	5/24	3/4	1	1	1/24		1/16	2/3		-5	85	Db6	6	250
22	22	64	0.5	1/4	1/4	3/4	2	1	1/8		1/8	1		-3	63	Eb4	4	263
22	22	64	0.5	1/4	1/4	3/4	2	1	1/8		1/8	1		-6	66	Gb4	4	263
22	22	64	0.5	1/4	1/4	3/4	2	1	1/8		1/8	1		-2	70	Bb4	4	263
22	22	64	0.5	1/4	1/4	3/4	1	2	1/8		1/8	1		-3	75	Eb5	5	259
22	22	64	0.5	1/4	1/4	3/4	1	2	1/8		1/8	1		-6	78	Gb5	5	259
22	22	64	0.5	1/4	1/4	3/4	1	1	1/8		1/8	1		-2	82	Bb5	5	251
22	22	129/2	1.5	3/8	3/8	3/4	2	1	3/8		1/4	3/2		-3	51	Eb3	3	264
22	22	129/2	1.5	3/8	3/8	3/4	2	1	3/8		1/4	3/2		-4	56	Ab3	3	264
22	22	129/2	1.5	3/8	3/8	3/4	2	1	3/8		1/4	3/2		0	60	C4	4	264
22	22	129/2	1.5	3/8	3/8	3/4	2	1	3/8		1/4	3/2		-3	63	Eb4	4	264
22	22	129/2	1.5	3/8	3/8	3/4	1	2	3/8		1/4	3/2		-4	68	Ab4	4	260
22	22	129/2	1.5	3/8	3/8	3/4	1	2	3/8		1/4	3/2		0	72	C5	5	260
22	22	129/2	1.5	3/8	3/8	3/4	1	2	3/8		1/4	3/2		-3	75	Eb5	5	260
22	22	129/2	0.5	3/8	3/8	3/4	1	1	1/8		1/8	1	1	-4	80	Ab5	5	252
22	22	65	1.0	1/2	1/2	3/4	2	2	1/4		1/4	1		-4	44	Ab2	2	265
22	22	65	0.25	1/2	1/2	3/4	1	1	1/16		1/16	1	-1	-4	80	Ab5	5	253
22	22	261/4	0.25	9/16	9/16	3/4	1	1	1/16		1/16	1		-6	78	Gb5	5	254
22	22	131/2	0.25	5/8	5/8	3/4	1	1	1/16		1/16	1		-1	77	F5	5	255
22	22	263/4	0.25	11/16	11/16	3/4	1	1	1/16		1/16	1		-3	75	Eb5	5	256
23	23	66	0.5	0	0	3/4	2	1	1/8		1/8	1		-7	47	Cb3	3	279
23	23	66	0.5	0	0	3/4	2	1	1/8		1/8	1		-6	54	Gb3	3	279
23	23	66	0.5	0	0	3/4	2	1	1/8		1/8	1		-7	59	Cb4	4	279
23	23	66	0.5	0	0	3/4	1	2	1/8		1/8	1		-3	63	Eb4	4	274
23	23	66	0.5	0	0	3/4	1	2	1/8		1/8	1		-6	66	Gb4	4	274
23	23	66	0.5	0	0	3/4	1	2	1/8		1/8	1		-7	71	Cb5	5	274
23	23	66	0.5	0	0	3/4	1	1	1/8		1/8	1		-3	75	Eb5	5	266
23	23	133/2	0.5	1/8	1/8	3/4	2	1	1/8		1/8	1		-5	49	Db3	3	280
23	23	133/2	0.5	1/8	1/8	3/4	2	1	1/8		1/8	1		-4	56	Ab3	3	280
23	23	133/2	0.5	1/8	1/8	3/4	2	1	1/8		1/8	1		-5	61	Db4	4	280
23	23	133/2	0.5	1/8	1/8	3/4	1	2	1/8		1/8	1		-1	65	F4	4	275
23	23	133/2	0.5	1/8	1/8	3/4	1	2	1/8		1/8	1		-4	68	Ab4	4	275
23	23	133/2	0.16666666666666666	1/8	1/8	3/4	1	1	1/24		1/16	2/3		-5	73	Db5	5	267
23	23	200/3	0.16666666666666666	1/6	1/6	3/4	1	1	1/24		1/16	2/3		-3	75	Eb5	5	268
23	23	401/6	0.16666666666666666	5/24	5/24	3/4	1	1	1/24		1/16	2/3		-5	73	Db5	5	269
23	23	67	0.5	1/4	1/4	3/4	2	1	1/8		1/8	1		-3	51	Eb3	3	281
23	23	67	0.5	1/4	1/4	3/4	2	1	1/8		1/8	1		-2	58	Bb3	3	281
23	23	67	0.5	1/4	1/4	3/4	1	2	1/8		1/8	1		-3	63	Eb4	4	276
23	23	67	0.5	1/4	1/4	3/4	1	2	1/8		1/8	1		-6	66	Gb4	4	276
23	23	67	0.5	1/4	1/4	3/4	1	1	1/8		1/8	1		-2	70	Bb4	4	270
23	23	135/2	1.0	3/8	3/8	3/4	2	1	1/4		1/4	1		-4	56	Ab3	3	282
23	23	135/2	1.0	3/8	3/8	3/4	2	1	1/4		1/4	1		0	60	C4	4	282
23	23	135/2	1.0	3/8	3/8	3/4	1	2	1/4		1/4	1		-3	63	Eb4	4	277
23	23	135/2	1.0	3/8	3/8	3/4	1	1	1/4		1/4	1		-4	68	Ab4	4	271
23	23	137/2	0.5	5/8	5/8	3/4	2	1	1/8		1/8	1	1	-5	49	Db3	3	283
23	23	137/2	0.5	5/8	5/8	3/4	1	2	1/8		1/8	1		-7	59	Cb4	4	278
23	23	137/2	0.25	5/8	5/8	3/4	1	1	1/16		1/16	1		-6	66	Gb4	4	272
23	23	275/4	0.25	11/16	11/16	3/4	1	1	1/16		1/16	1		-1	65	F4	4	273
23	23	275/4	0.25	11/16	11/16	3/4	1	1	1/16		1/16	1		-4	68	Ab4	4	273
24	24	69	0.75	0	0	3/4	2	1	3/16		1/8	3/2		-6	42	Gb2	2	290
24	24	69	0.75	0	0	3/4	2	1	3/16		1/8	3/2	-1	-5	49	Db3	3	290
24	24	69	0.75	0	0	3/4	1	1	3/16		1/8	3/2		-2	58	Bb3	3	284
24	24	69	0.75	0	0	3/4	1	1	3/16		1/8	3/2		-3	63	Eb4	4	284
24	24	69	0.75	0	0	3/4	1	1	3/16		1/8	3/2		-2	70	Bb4	4	284
24	24	279/4	0.25	3/16	3/16	3/4	2	1	1/16		1/16	1		-3	39	Eb2	2	291
24	24	279/4	0.25	3/16	3/16	3/4	2	1	1/16		1/16	1		-2	46	Bb2	2	291
24	24	279/4	0.25	3/16	3/16	3/4	1	1	1/16		1/16	1		-6	54	Gb3	3	285
24	24	279/4	0.25	3/16	3/16	3/4	1	1	1/16		1/16	1		-5	61	Db4	4	285
24	24	279/4	0.25	3/16	3/16	3/4	1	1	1/16		1/16	1		-6	66	Gb4	4	285
24	24	70	0.5	1/4	1/4	3/4	2	1	1/8		1/8	1		-5	37	Db2	2	292
24	24	70	0.5	1/4	1/4	3/4	2	1	1/8		1/8	1		-6	42	Gb2	2	292
24	24	70	0.5	1/4	1/4	3/4	1	1	1/8		1/8	1		-3	51	Eb3	3	286
24	24	70	0.5	1/4	1/4	3/4	1	1	1/8		1/8	1		-2	58	Bb3	3	286
24	24	70	0.5	1/4	1/4	3/4	1	1	1/8		1/8	1		-3	63	Eb4	4	286
24	24	141/2	0.5	3/8	3/8	3/4	2	1	1/8		1/8	1		-3	39	Eb2	2	293
24	24	141/2	0.5	3/8	3/8	3/4	2	1	1/8		1/8	1		-2	46	Bb2	2	293
24	24	141/2	0.5	3/8	3/8	3/4	1	1	1/8		1/8	1		-6	54	Gb3	3	287
24	24	141/2	0.5	3/8	3/8	3/4	1	1	1/8		1/8	1		-5	61	Db4	4	287
24	24	141/2	0.5	3/8	3/8	3/4	1	1	1/8		1/8	1		-6	66	Gb4	4	287
24	24	71	0.5	1/2	1/2	3/4	2	1	1/8		1/8	1		-6	42	Gb2	2	294
24	24	71	0.5	1/2	1/2	3/4	2	1	1/8		1/8	1		-5	49	Db3	3	294
24	24	71	0.5	1/2	1/2	3/4	1	1	1/8		1/8	1		-2	58	Bb3	3	288
24	24	71	0.5	1/2	1/2	3/4	1	1	1/8		1/8	1		-3	63	Eb4	4	288
24	24	71	0.5	1/2	1/2	3/4	1	1	1/8		1/8	1		-2	70	Bb4	4	288
24	24	143/2	0.5	5/8	5/8	3/4	2	1	1/8		1/8	1		-2	46	Bb2	2	295
24	24	143/2	0.5	5/8	5/8	3/4	2	1	1/8		1/8	1		-3	51	Eb3	3	295
24	24	143/2	0.5	5/8	5/8	3/4	1	1	1/8		1/8	1		-5	61	Db4	4	289
24	24	143/2	0.5	5/8	5/8	3/4	1	1	1/8		1/8	1		-6	66	Gb4	4	289
24	24	143/2	0.5	5/8	5/8	3/4	1	1	1/8		1/8	1		-5	73	Db5	5	289
25	25	72	0.5	0	0	3/4	2	1	1/8		1/8	1		-6	42	Gb2	2	300
25	25	72	0.5	0	0	3/4	2	1	1/8		1/8	1		-5	49	Db3	3	300
25	25	72	0.5	0	0	3/4	1	1	1/8		1/8	1		-2	58	Bb3	3	296
25	25	72	0.5	0	0	3/4	1	1	1/8		1/8	1		-3	63	Eb4	4	296
25	25	72	0.5	0	0	3/4	1	1	1/8		1/8	1		-2	70	Bb4	4	296
25	25	145/2	0.5	1/8	1/8	3/4	2	1	1/8		1/8	1		-3	39	Eb2	2	301
25	25	145/2	0.5	1/8	1/8	3/4	2	1	1/8		1/8	1		-2	46	Bb2	2	301
25	25	145/2	0.5	1/8	1/8	3/4	1	1	1/8		1/8	1		-6	54	Gb3	3	297
25	25	145/2	0.5	1/8	1/8	3/4	1	1	1/8		1/8	1		-5	61	Db4	4	297
25	25	145/2	0.5	1/8	1/8	3/4	1	1	1/8		1/8	1		-6	66	Gb4	4	297
25	25	73	1.0	1/4	1/4	3/4	2	1	1/4		1/4	1		-7	35	Cb2	2	302
25	25	73	1.0	1/4	1/4	3/4	2	1	1/4		1/4	1		-6	42	Gb2	2	302
25	25	73	1.0	1/4	1/4	3/4	1	1	1/4		1/4	1		-3	51	Eb3	3	298
25	25	73	1.0	1/4	1/4	3/4	1	1	1/4		1/4	1		-2	58	Bb3	3	298
25	25	73	1.0	1/4	1/4	3/4	1	1	1/4		1/4	1		-3	63	Eb4	4	298
25	25	74	1.0	1/2	1/2	3/4	2	1	1/4		1/4	1		-5	37	Db2	2	303
25	25	74	1.0	1/2	1/2	3/4	2	1	1/4		1/4	1		-4	44	Ab2	2	303
25	25	74	1.0	1/2	1/2	3/4	1	1	1/4		1/4	1		-6	54	Gb3	3	299
25	25	74	1.0	1/2	1/2	3/4	1	1	1/4		1/4	1		-7	59	Cb4	4	299
25	25	74	1.0	1/2	1/2	3/4	1	1	1/4		1/4	1		-6	66	Gb4	4	299
26	26	75	0.75	0	0	3/4	2	1	3/16		1/8	3/2		-6	42	Gb2	2	310
26	26	75	0.75	0	0	3/4	2	1	3/16		1/8	3/2		-5	49	Db3	3	310
26	26	75	0.75	0	0	3/4	1	1	3/16		1/8	3/2		-2	58	Bb3	3	304
26	26	75	0.75	0	0	3/4	1	1	3/16		1/8	3/2		-3	63	Eb4	4	304
26	26	75	0.75	0	0	3/4	1	1	3/16		1/8	3/2		-2	70	Bb4	4	304
26	26	303/4	0.25	3/16	3/16	3/4	2	1	1/16		1/16	1		-2	46	Bb2	2	311
26	26	303/4	0.25	3/16	3/16	3/4	2	1	1/16		1/16	1		-3	51	Eb3	3	311
26	26	303/4	0.25	3/16	3/16	3/4	1	1	1/16		1/16	1		-6	54	Gb3	3	305
26	26	303/4	0.25	3/16	3/16	3/4	1	1	1/16		1/16	1		-5	61	Db4	4	305
26	26	303/4	0.25	3/16	3/16	3/4	1	1	1/16		1/16	1		-6	66	Gb4	4	305
26	26	76	0.5	1/4	1/4	3/4	2	1	1/8		1/8	1		-5	49	Db3	3	312
26	26	76	0.5	1/4	1/4	3/4	2	1	1/8		1/8	1		-6	54	Gb3	3	312
26	26	76	0.5	1/4	1/4	3/4	1	1	1/8		1/8	1		-2	58	Bb3	3	306
26	26	76	0.5	1/4	1/4	3/4	1	1	1/8		1/8	1		-3	63	Eb4	4	306
26	26	76	0.5	1/4	1/4	3/4	1	1	1/8		1/8	1		-2	70	Bb4	4	306
26	26	153/2	0.5	3/8	3/8	3/4	2	1	1/8		1/8	1		-3	51	Eb3	3	313
26	26	153/2	0.5	3/8	3/8	3/4	2	1	1/8		1/8	1		-2	58	Bb3	3	313
26	26	153/2	0.5	3/8	3/8	3/4	1	1	1/8		1/8	1		-5	61	Db4	4	307
26	26	153/2	0.5	3/8	3/8	3/4	1	1	1/8		1/8	1		-6	66	Gb4	4	307
26	26	153/2	0.5	3/8	3/8	3/4	1	1	1/8		1/8	1		-5	73	Db5	5	307
26	26	77	0.5	1/2	1/2	3/4	2	1	1/8		1/8	1		-6	54	Gb3	3	314
26	26	77	0.5	1/2	1/2	3/4	2	1	1/8		1/8	1		-5	61	Db4	4	314
26	26	77	0.5	1/2	1/2	3/4	1	1	1/8		1/8	1		-3	63	Eb4	4	308
26	26	77	0.5	1/2	1/2	3/4	1	1	1/8		1/8	1		-2	70	Bb4	4	308
26	26	77	0.5	1/2	1/2	3/4	1	1	1/8		1/8	1		-3	75	Eb5	5	308
26	26	155/2	0.5	5/8	5/8	3/4	2	1	1/8		1/8	1		-2	58	Bb3	3	315
26	26	155/2	0.5	5/8	5/8	3/4	2	1	1/8		1/8	1		-3	63	Eb4	4	315
26	26	155/2	0.5	5/8	5/8	3/4	1	1	1/8		1/8	1		-6	66	Gb4	4	309
26	26	155/2	0.5	5/8	5/8	3/4	1	1	1/8		1/8	1		-5	73	Db5	5	309
26	26	155/2	0.5	5/8	5/8	3/4	1	1	1/8		1/8	1		-6	78	Gb5	5	309
27	27	78	0.5	0	0	3/4	2	1	1/8		1/8	1		-5	61	Db4	4	320
27	27	78	0.5	0	0	3/4	2	1	1/8		1/8	1		-6	66	Gb4	4	320
27	27	78	0.5	0	0	3/4	1	1	1/8		1/8	1		-2	70	Bb4	4	316
27	27	78	0.5	0	0	3/4	1	1	1/8		1/8	1		-3	75	Eb5	5	316
27	27	78	0.5	0	0	3/4	1	1	1/8		1/8	1		-2	82	Bb5	5	316
27	27	157/2	0.5	1/8	1/8	3/4	2	1	1/8		1/8	1		-2	58	Bb3	3	321
27	27	157/2	0.5	1/8	1/8	3/4	2	1	1/8		1/8	1		-3	63	Eb4	4	321
27	27	157/2	0.5	1/8	1/8	3/4	1	1	1/8		1/8	1		-6	66	Gb4	4	317
27	27	157/2	0.5	1/8	1/8	3/4	1	1	1/8		1/8	1		-5	73	Db5	5	317
27	27	157/2	0.5	1/8	1/8	3/4	1	1	1/8		1/8	1		-6	78	Gb5	5	317
27	27	79	1.0	1/4	1/4	3/4	2	1	1/4		1/4	1		-4	44	Ab2	2	322
27	27	79	1.0	1/4	1/4	3/4	2	1	1/4		1/4	1		-3	51	Eb3	3	322
27	27	79	1.0	1/4	1/4	3/4	2	1	1/4		1/4	1		-6	54	Gb3	3	322
27	27	79	1.0	1/4	1/4	3/4	1	1	1/4		1/4	1		-7	59	Cb4	4	318
27	27	79	1.0	1/4	1/4	3/4	1	1	1/4		1/4	1		-2	70	Bb4	4	318
27	27	80	1.0	1/2	1/2	3/4	2	1	1/4		1/4	1		-5	49	Db3	3	323
27	27	80	1.0	1/2	1/2	3/4	2	1	1/4		1/4	1		-1	53	F3	3	323
27	27	80	1.0	1/2	1/2	3/4	1	1	1/4		1/4	1		-4	56	Ab3	3	319
27	27	80	1.0	1/2	1/2	3/4	1	1	1/4		1/4	1		-5	61	Db4	4	319
28	28	81	3.0	0	0	3/4	2	1	3/4		1/2	3/2	1	-7	35	Cb2	2	326
28	28	81	3.0	0	0	3/4	2	1	3/4		1/2	3/2	1	-6	42	Gb2	2	326
28	28	81	3.0	0	0	3/4	2	1	3/4		1/2	3/2	1	-7	47	Cb3	3	326
28	28	81	3.0	0	0	3/4	1	2	3/4		1/2	3/2	1	-6	54	Gb3	3	325
28	28	81	3.0	0	0	3/4	1	2	3/4		1/2	3/2	1	-7	59	Cb4	4	325
28	28	81	3.0	0	0	3/4	1	2	3/4		1/2	3/2	1	-3	63	Eb4	4	325
28	28	81	3.0	0	0	3/4	1	2	3/4		1/2	3/2	1	-6	66	Gb4	4	325
28	28	83	1.0	1/2	1/2	3/4	1	1	1/4		1/4	1	1	-5	85	Db6	6	324
29	29	84	3.0	0	0	3/4	2	1	3/4		1/2	3/2	0	-7	35	Cb2	2	335
29	29	84	3.0	0	0	3/4	2	1	3/4		1/2	3/2	-1	-6	42	Gb2	2	335
29	29	84	3.0	0	0	3/4	2	1	3/4		1/2	3/2	-1	-7	47	Cb3	3	335
29	29	84	3.0	0	0	3/4	1	2	3/4		1/2	3/2	-1	-6	54	Gb3	3	334
29	29	84	3.0	0	0	3/4	1	2	3/4		1/2	3/2	-1	-7	59	Cb4	4	334
29	29	84	3.0	0	0	3/4	1	2	3/4		1/2	3/2	-1	-3	63	Eb4	4	334
29	29	84	3.0	0	0	3/4	1	2	3/4		1/2	3/2	-1	-6	66	Gb4	4	334
29	29	84	1.0	0	0	3/4	1	1	1/4		1/4	1	0	-5	85	Db6	6	327
29	29	85	0.5	1/4	1/4	3/4	1	1	1/8		1/8	1	-1	-5	85	Db6	6	328
29	29	171/2	0.25	3/8	3/8	3/4	1	1	1/16		1/16	1		-2	82	Bb5	5	329
29	29	343/4	0.25	7/16	7/16	3/4	1	1	1/16		1/16	1		-6	78	Gb5	5	330
29	29	86	0.5	1/2	1/2	3/4	1	1	1/8		1/8	1		-3	75	Eb5	5	331
29	29	173/2	0.25	5/8	5/8	3/4	1	1	1/16		1/16	1		-6	78	Gb5	5	332
29	29	347/4	0.25	11/16	11/16	3/4	1	1	1/16		1/16	1		-2	82	Bb5	5	333
30	30	87	3.0	0	0	3/4	2	2	3/4		1/2	3/2	-1	-7	35	Cb2	2	348
30	30	87	3.0	0	0	3/4	2	1	3/4		1/2	3/2		-6	54	Gb3	3	347
30	30	87	3.0	0	0	3/4	2	1	3/4		1/2	3/2		-7	59	Cb4	4	347
30	30	87	2.0	0	0	3/4	1	2	1/2		1/2	1		-3	63	Eb4	4	345
30	30	87	2.0	0	0	3/4	1	2	1/2		1/2	1		-6	66	Gb4	4	345
30	30	87	0.5	0	0	3/4	1	1	1/8		1/8	1		-5	85	Db6	6	336
30	30	175/2	0.25	1/8	1/8	3/4	1	1	1/16		1/16	1		-2	82	Bb5	5	337
30	30	351/4	0.25	3/16	3/16	3/4	1	1	1/16		1/16	1		-6	78	Gb5	5	338
30	30	88	0.5	1/4	1/4	3/4	1	1	1/8		1/8	1		-3	75	Eb5	5	339
30	30	177/2	0.25	3/8	3/8	3/4	1	1	1/16		1/16	1		-6	78	Gb5	5	340
30	30	355/4	0.25	7/16	7/16	3/4	1	1	1/16		1/16	1		-2	82	Bb5	5	341
30	30	89	1.0	1/2	1/2	3/4	1	2	1/4		1/4	1		-4	68	Ab4	4	346
30	30	89	0.5	1/2	1/2	3/4	1	1	1/8		1/8	1		-6	78	Gb5	5	342
30	30	179/2	0.25	5/8	5/8	3/4	1	1	1/16		1/16	1		-6	78	Gb5	5	343
30	30	359/4	0.25	11/16	11/16	3/4	1	1	1/16		1/16	1		-3	75	Eb5	5	344
31	31	90	3.0	0	0	3/4	2	2	3/4		1/2	3/2		-3	39	Eb2	2	354
31	31	90	3.0	0	0	3/4	2	2	3/4		1/2	3/2		-2	46	Bb2	2	354
31	31	90	3.0	0	0	3/4	2	1	3/4		1/2	3/2		-6	54	Gb3	3	353
31	31	90	3.0	0	0	3/4	2	1	3/4		1/2	3/2		-2	58	Bb3	3	353
31	31	90	3.0	0	0	3/4	2	1	3/4		1/2	3/2		-3	63	Eb4	4	353
31	31	90	3.0	0	0	3/4	1	2	3/4		1/2	3/2		-6	66	Gb4	4	352
31	31	90	3.0	0	0	3/4	1	2	3/4		1/2	3/2		-2	70	Bb4	4	352
31	31	90	1.0	0	0	3/4	1	1	1/4		1/4	1		-6	78	Gb5	5	349
31	31	91	1.0	1/4	1/4	3/4	1	1	1/4		1/4	1		-1	77	F5	5	350
31	31	92	1.0	1/2	1/2	3/4	1	1	1/4		1/4	1		-3	75	Eb5	5	351
32	32	93	3.0	0	0	3/4	2	1	3/4		1/2	3/2		-6	42	Gb2	2	360
32	32	93	3.0	0	0	3/4	2	1	3/4		1/2	3/2		-5	49	Db3	3	360
32	32	93	3.0	0	0	3/4	2	1	3/4		1/2	3/2		-2	58	Bb3	3	360
32	32	93	3.0	0	0	3/4	1	2	3/4		1/2	3/2		-5	61	Db4	4	359
32	32	93	3.0	0	0	3/4	1	2	3/4		1/2	3/2		-6	66	Gb4	4	359
32	32	93	1.5	0	0	3/4	1	1	3/8		1/4	3/2		-5	73	Db5	5	355
32	32	189/2	0.5	3/8	3/8	3/4	1	1	1/8		1/8	1		-7	71	Cb5	5	356
32	32	95	0.5	1/2	1/2	3/4	1	1	1/8		1/8	1		-2	70	Bb4	4	357
32	32	191/2	0.5	5/8	5/8	3/4	1	1	1/8		1/8	1		-4	68	Ab4	4	358
33	33	96	0.75	0	0	3/4	2	1	3/16		1/8	3/2		-6	54	Gb3	3	376
33	33	96	0.75	0	0	3/4	2	1	3/16		1/8	3/2		-7	59	Cb4	4	376
33	33	96	0.75	0	0	3/4	1	2	3/16		1/8	3/2		-3	63	Eb4	4	370
33	33	96	0.25	0	0	3/4	1	1	1/16		1/16	1		-6	66	Gb4	4	361
33	33	385/4	0.25	1/16	1/16	3/4	1	1	1/16		1/16	1		-4	68	Ab4	4	362
33	33	193/2	0.5	1/8	1/8	3/4	1	1	1/8		1/8	1	1	-2	70	Bb4	4	363
33	33	387/4	0.25	3/16	3/16	3/4	2	1	1/16		1/16	1		-4	56	Ab3	3	377
33	33	387/4	0.25	3/16	3/16	3/4	2	1	1/16		1/16	1		-5	61	Db4	4	377
33	33	387/4	0.25	3/16	3/16	3/4	1	2	1/16		1/16	1		-1	65	F4	4	371
33	33	97	0.75	1/4	1/4	3/4	2	1	3/16		1/8	3/2		-6	54	Gb3	3	378
33	33	97	0.75	1/4	1/4	3/4	2	1	3/16		1/8	3/2		-7	59	Cb4	4	378
33	33	97	0.75	1/4	1/4	3/4	1	2	3/16		1/8	3/2		-3	63	Eb4	4	372
33	33	97	0.25	1/4	1/4	3/4	1	1	1/16		1/16	1	-1	-2	70	Bb4	4	364
33	33	389/4	0.25	5/16	5/16	3/4	1	1	1/16		1/16	1		-4	68	Ab4	4	365
33	33	195/2	0.5	3/8	3/8	3/4	1	1	1/8		1/8	1	1	-6	66	Gb4	4	366
33	33	391/4	0.25	7/16	7/16	3/4	2	1	1/16		1/16	1		-1	53	F3	3	379
33	33	391/4	0.25	7/16	7/16	3/4	2	1	1/16		1/16	1		-2	58	Bb3	3	379
33	33	391/4	0.25	7/16	7/16	3/4	1	2	1/16		1/16	1		-5	61	Db4	4	373
33	33	98	0.75	1/2	1/2	3/4	2	1	3/16		1/8	3/2		-3	51	Eb3	3	380
33	33	98	0.75	1/2	1/2	3/4	2	1	3/16		1/8	3/2		-4	56	Ab3	3	380
33	33	98	0.75	1/2	1/2	3/4	1	2	3/16		1/8	3/2		-7	59	Cb4	4	374
33	33	98	0.25	1/2	1/2	3/4	1	1	1/16		1/16	1	-1	-6	66	Gb4	4	367
33	33	393/4	0.25	9/16	9/16	3/4	1	1	1/16		1/16	1		-1	65	F4	4	368
33	33	197/2	0.5	5/8	5/8	3/4	1	1	1/8		1/8	1	1	-3	63	Eb4	4	369
33	33	395/4	0.25	11/16	11/16	3/4	2	1	1/16		1/16	1		-5	49	Db3	3	381
33	33	395/4	0.25	11/16	11/16	3/4	2	1	1/16		1/16	1		-6	54	Gb3	3	381
33	33	395/4	0.25	11/16	11/16	3/4	1	2	1/16		1/16	1		-2	58	Bb3	3	375
34	34	99	0.75	0	0	3/4	2	1	3/16		1/8	3/2		-7	47	Cb3	3	397
34	34	99	0.75	0	0	3/4	2	1	3/16		1/8	3/2		-1	53	F3	3	397
34	34	99	0.75	0	0	3/4	1	2	3/16		1/8	3/2		-4	56	Ab3	3	391
34	34	99	0.25	0	0	3/4	1	1	1/16		1/16	1	-1	-3	63	Eb4	4	382
34	34	397/4	0.25	1/16	1/16	3/4	1	1	1/16		1/16	1		-5	61	Db4	4	383
34	34	199/2	0.5	1/8	1/8	3/4	1	1	1/8		1/8	1	1	-3	63	Eb4	4	384
34	34	399/4	0.25	3/16	3/16	3/4	2	1	1/16		1/16	1		-5	49	Db3	3	398
34	34	399/4	0.25	3/16	3/16	3/4	2	1	1/16		1/16	1		-6	54	Gb3	3	398
34	34	399/4	0.25	3/16	3/16	3/4	1	2	1/16		1/16	1		-2	58	Bb3	3	392
34	34	100	0.75	1/4	1/4	3/4	2	1	3/16		1/8	3/2		-3	51	Eb3	3	399
34	34	100	0.75	1/4	1/4	3/4	2	1	3/16		1/8	3/2		-4	56	Ab3	3	399
34	34	100	0.75	1/4	1/4	3/4	1	2	3/16		1/8	3/2		-7	59	Cb4	4	393
34	34	100	0.25	1/4	1/4	3/4	1	1	1/16		1/16	1	-1	-3	63	Eb4	4	385
34	34	401/4	0.25	5/16	5/16	3/4	1	1	1/16		1/16	1		-5	61	Db4	4	386
34	34	201/2	0.5	3/8	3/8	3/4	1	1	1/8		1/8	1	1	-3	63	Eb4	4	387
34	34	403/4	0.25	7/16	7/16	3/4	2	1	1/16		1/16	1		-5	49	Db3	3	400
34	34	403/4	0.25	7/16	7/16	3/4	2	1	1/16		1/16	1		-6	54	Gb3	3	400
34	34	403/4	0.25	7/16	7/16	3/4	1	2	1/16		1/16	1		-2	58	Bb3	3	394
34	34	101	0.75	1/2	1/2	3/4	2	1	3/16		1/8	3/2		-7	47	Cb3	3	401
34	34	101	0.75	1/2	1/2	3/4	2	1	3/16		1/8	3/2		-1	53	F3	3	401
34	34	101	0.75	1/2	1/2	3/4	1	2	3/16		1/8	3/2		-4	56	Ab3	3	395
34	34	101	0.25	1/2	1/2	3/4	1	1	1/16		1/16	1	-1	-3	63	Eb4	4	388
34	34	405/4	0.25	9/16	9/16	3/4	1	1	1/16		1/16	1		-5	61	Db4	4	389
34	34	203/2	0.5	5/8	5/8	3/4	1	1	1/8		1/8	1		-3	63	Eb4	4	390
34	34	407/4	0.25	11/16	11/16	3/4	2	1	1/16		1/16	1		-5	49	Db3	3	402
34	34	407/4	0.25	11/16	11/16	3/4	2	1	1/16		1/16	1		-6	54	Gb3	3	402
34	34	407/4	0.25	11/16	11/16	3/4	1	2	1/16		1/16	1		-2	58	Bb3	3	396
35	35	102	3.0	0	0	3/4	2	1	3/4		1/2	3/2		-3	51	Eb3	3	415
35	35	102	3.0	0	0	3/4	2	1	3/4		1/2	3/2		-4	56	Ab3	3	415
35	35	102	3.0	0	0	3/4	1	2	3/4		1/2	3/2		-7	59	Cb4	4	414
35	35	102	0.25	0	0	3/4	1	1	1/16		1/16	1		-3	63	Eb4	4	403
35	35	409/4	0.25	1/16	1/16	3/4	1	1	1/16		1/16	1		-5	61	Db4	4	404
35	35	409/4	0.25	1/16	1/16	3/4	1	1	1/16		1/16	1		-6	66	Gb4	4	404
35	35	205/2	0.25	1/8	1/8	3/4	1	1	1/16		1/16	1		-3	63	Eb4	4	405
35	35	205/2	0.25	1/8	1/8	3/4	1	1	1/16		1/16	1		-4	68	Ab4	4	405
35	35	411/4	0.25	3/16	3/16	3/4	1	1	1/16		1/16	1		-6	66	Gb4	4	406
35	35	411/4	0.25	3/16	3/16	3/4	1	1	1/16		1/16	1		-7	71	Cb5	5	406
35	35	103	0.25	1/4	1/4	3/4	1	1	1/16		1/16	1		-4	68	Ab4	4	407
35	35	103	0.25	1/4	1/4	3/4	1	1	1/16		1/16	1		-5	73	Db5	5	407
35	35	413/4	0.25	5/16	5/16	3/4	1	1	1/16		1/16	1		-7	71	Cb5	5	408
35	35	413/4	0.25	5/16	5/16	3/4	1	1	1/16		1/16	1		-3	75	Eb5	5	408
35	35	207/2	0.25	3/8	3/8	3/4	1	1	1/16		1/16	1		-5	73	Db5	5	409
35	35	207/2	0.25	3/8	3/8	3/4	1	1	1/16		1/16	1		-6	78	Gb5	5	409
35	35	415/4	0.25	7/16	7/16	3/4	1	1	1/16		1/16	1		-3	75	Eb5	5	410
35	35	415/4	0.25	7/16	7/16	3/4	1	1	1/16		1/16	1		-4	80	Ab5	5	410
35	35	104	0.3333333333333333	1/2	1/2	3/4	1	1	1/12		1/8	2/3		-6	78	Gb5	5	411
35	35	104	0.3333333333333333	1/2	1/2	3/4	1	1	1/12		1/8	2/3		-7	83	Cb6	6	411
35	35	313/3	0.3333333333333333	7/12	7/12	3/4	1	1	1/12		1/8	2/3		-4	80	Ab5	5	412
35	35	313/3	0.3333333333333333	7/12	7/12	3/4	1	1	1/12		1/8	2/3		-5	85	Db6	6	412
35	35	314/3	0.3333333333333333	2/3	2/3	3/4	1	1	1/12		1/8	2/3		-7	83	Cb6	6	413
35	35	314/3	0.3333333333333333	2/3	2/3	3/4	1	1	1/12		1/8	2/3		-3	87	Eb6	6	413
36	36	105	3.0	0	0	3/4	2	2	3/4		1/2	3/2	1	-6	54	Gb3	3	418
36	36	105	3.0	0	0	3/4	2	2	3/4		1/2	3/2	1	-5	61	Db4	4	418
36	36	105	3.0	0	0	3/4	2	1	3/4		1/2	3/2	1	-6	66	Gb4	4	417
36	36	105	3.0	0	0	3/4	2	2	3/4		1/2	3/2	1	-6	66	Gb4	4	418
36	36	105	3.0	0	0	3/4	2	1	3/4		1/2	3/2	1	-2	70	Bb4	4	417
36	36	105	3.0	0	0	3/4	2	2	3/4		1/2	3/2	1	-2	70	Bb4	4	418
36	36	105	3.0	0	0	3/4	2	1	3/4		1/2	3/2	1	-5	73	Db5	5	417
36	36	105	3.0	0	0	3/4	2	2	3/4		1/2	3/2	1	-5	73	Db5	5	418
36	36	105	3.0	0	0	3/4	1	1	3/4		1/2	3/2	1	-6	78	Gb5	5	416
36	36	105	3.0	0	0	3/4	1	1	3/4		1/2	3/2	1	-2	82	Bb5	5	416
36	36	105	3.0	0	0	3/4	1	1	3/4		1/2	3/2	1	-5	85	Db6	6	416
36	36	105	3.0	0	0	3/4	1	1	3/4		1/2	3/2	1	-6	90	Gb6	6	416
37	37	108	3.0	0	0	3/4	2	2	3/4		1/2	3/2	0	-6	54	Gb3	3	421
37	37	108	1.0	0	0	3/4	2	3	1/4		1/4	1		-5	61	Db4	4	422
37	37	108	3.0	0	0	3/4	2	2	3/4		1/2	3/2	0	-5	61	Db4	4	421
37	37	108	3.0	0	0	3/4	2	1	3/4		1/2	3/2	-1	-6	66	Gb4	4	420
37	37	108	3.0	0	0	3/4	2	2	3/4		1/2	3/2	0	-6	66	Gb4	4	421
37	37	108	3.0	0	0	3/4	2	1	3/4		1/2	3/2	-1	-2	70	Bb4	4	420
37	37	108	3.0	0	0	3/4	2	2	3/4		1/2	3/2	0	-2	70	Bb4	4	421
37	37	108	1.0	0	0	3/4	2	3	1/4		1/4	1		-5	73	Db5	5	422
37	37	108	3.0	0	0	3/4	2	1	3/4		1/2	3/2	-1	-5	73	Db5	5	420
37	37	108	3.0	0	0	3/4	2	2	3/4		1/2	3/2	0	-5	73	Db5	5	421
37	37	108	3.0	0	0	3/4	1	1	3/4		1/2	3/2	-1	-6	78	Gb5	5	419
37	37	108	3.0	0	0	3/4	1	1	3/4		1/2	3/2	0	-2	82	Bb5	5	419
37	37	108	3.0	0	0	3/4	1	1	3/4		1/2	3/2	0	-5	85	Db6	6	419
37	37	108	3.0	0	0	3/4	1	1	3/4		1/2	3/2	-1	-6	90	Gb6	6	419
38	38	111	3.0	0	0	3/4	2	2	3/4		1/2	3/2	0	-6	54	Gb3	3	426
38	38	111	3.0	0	0	3/4	2	2	3/4		1/2	3/2	0	-5	61	Db4	4	426
38	38	111	3.0	0	0	3/4	2	1	3/4		1/2	3/2	0	-6	66	Gb4	4	425
38	38	111	3.0	0	0	3/4	2	1	3/4		1/2	3/2	0	-2	70	Bb4	4	425
38	38	111	3.0	0	0	3/4	2	1	3/4		1/2	3/2	0	-5	73	Db5	5	425
38	38	111	1.0	0	0	3/4	1	1	1/4		1/4	1		-6	78	Gb5	5	423
38	38	111	3.0	0	0	3/4	1	2	3/4		1/2	3/2	0	-2	82	Bb5	5	424
38	38	111	3.0	0	0	3/4	1	2	3/4		1/2	3/2	0	-5	85	Db6	6	424
38	38	111	1.0	0	0	3/4	1	1	1/4		1/4	1		-6	90	Gb6	6	423
39	39	114	1.0	0	0	3/4	2	2	1/4		1/4	1	-1	-6	54	Gb3	3	429
39	39	114	1.0	0	0	3/4	2	2	1/4		1/4	1	-1	-5	61	Db4	4	429
39	39	114	1.0	0	0	3/4	2	1	1/4		1/4	1	-1	-6	66	Gb4	4	428
39	39	114	1.0	0	0	3/4	2	1	1/4		1/4	1	-1	-2	70	Bb4	4	428
39	39	114	1.0	0	0	3/4	2	1	1/4		1/4	1	-1	-5	73	Db5	5	428
39	39	114	1.0	0	0	3/4	1	1	1/4		1/4	1	-1	-2	82	Bb5	5	427
39	39	114	1.0	0	0	3/4	1	1	1/4		1/4	1	-1	-5	85	Db6	6	427
