quarterbeats	duration_qb	mc	mn	mc_onset	mn_onset	timesig	staff	voice	duration	nominal_duration	scalar	tied	tpc	midi	chord_id
0	1.0	1	1	0	0	3/4	2	2	1/4	1/4	1		-2	34	10
0	1.0	1	1	0	0	3/4	2	2	1/4	1/4	1		-2	46	10
0	1.0	1	1	0	0	3/4	2	1	1/4	1/4	1		-1	53	7
0	1.0	1	1	0	0	3/4	1	2	1/4	1/4	1		-2	58	3
0	1.0	1	1	0	0	3/4	1	1	1/4	1/4	1		2	62	0
0	1.0	1	1	0	0	3/4	1	1	1/4	1/4	1		-1	65	0
1	1.0	1	1	1/4	1/4	3/4	2	2	1/4	1/4	1		3	33	11
1	1.0	1	1	1/4	1/4	3/4	2	2	1/4	1/4	1		3	45	11
1	1.0	1	1	1/4	1/4	3/4	2	1	1/4	1/4	1		1	55	8
1	0.75	1	1	1/4	1/4	3/4	1	2	3/16	1/8	3/2		5	59	4
1	1.0	1	1	1/4	1/4	3/4	1	1	1/4	1/4	1		-3	63	1
1	1.0	1	1	1/4	1/4	3/4	1	1	1/4	1/4	1		1	67	1
7/4	0.25	1	1	7/16	7/16	3/4	1	2	1/16	1/16	1		0	60	5
2	1.0	1	1	1/2	1/2	3/4	2	2	1/4	1/4	1		-1	29	12
2	1.0	1	1	1/2	1/2	3/4	2	2	1/4	1/4	1		-1	41	12
2	1.0	1	1	1/2	1/2	3/4	2	1	1/4	1/4	1		3	57	9
2	1.0	1	1	1/2	1/2	3/4	1	2	1/4	1/4	1		0	60	6
2	1.0	1	1	1/2	1/2	3/4	1	1	1/4	1/4	1		-1	65	2
2	1.0	1	1	1/2	1/2	3/4	1	1	1/4	1/4	1		3	69	2
3	1.0	2	2	0	0	3/4	2	2	1/4	1/4	1		-2	34	24
3	1.0	2	2	0	0	3/4	2	2	1/4	1/4	1		-2	46	24
3	1.0	2	2	0	0	3/4	2	1	1/4	1/4	1		-1	53	21
3	1.0	2	2	0	0	3/4	1	2	1/4	1/4	1		-2	58	16
3	1.0	2	2	0	0	3/4	1	1	1/4	1/4	1		2	62	13
3	1.0	2	2	0	0	3/4	1	1	1/4	1/4	1		-1	65	13
4	1.0	2	2	1/4	1/4	3/4	2	2	1/4	1/4	1		3	33	25
4	1.0	2	2	1/4	1/4	3/4	2	2	1/4	1/4	1		3	45	25
4	1.0	2	2	1/4	1/4	3/4	2	1	1/4	1/4	1		1	55	22
4	0.75	2	2	1/4	1/4	3/4	1	2	3/16	1/8	3/2		5	59	17
4	1.0	2	2	1/4	1/4	3/4	1	1	1/4	1/4	1		-3	63	14
4	1.0	2	2	1/4	1/4	3/4	1	1	1/4	1/4	1		1	67	14
19/4	0.25	2	2	7/16	7/16	3/4	1	2	1/16	1/16	1		0	60	18
5	1.0	2	2	1/2	1/2	3/4	2	2	1/4	1/4	1		-1	29	26
5	1.0	2	2	1/2	1/2	3/4	2	2	1/4	1/4	1		-1	41	26
5	1.0	2	2	1/2	1/2	3/4	2	1	1/4	1/4	1		3	57	23
5	0.75	2	2	1/2	1/2	3/4	1	2	3/16	1/8	3/2		0	60	19
5	1.0	2	2	1/2	1/2	3/4	1	1	1/4	1/4	1		-1	65	15
5	1.0	2	2	1/2	1/2	3/4	1	1	1/4	1/4	1		3	69	15
23/4	0.25	2	2	11/16	11/16	3/4	1	2	1/16	1/16	1		-1	65	20
6	1.0	3	3	0	0	3/4	2	2	1/4	1/4	1		-2	34	42
6	1.0	3	3	0	0	3/4	2	2	1/4	1/4	1		-2	46	42
6	1.0	3	3	0	0	3/4	2	1	1/4	1/4	1		-1	53	39
6	1.0	3	3	0	0	3/4	2	1	1/4	1/4	1		1	55	39
6	1.0	3	3	0	0	3/4	1	2	1/4	1/4	1		2	62	33
6	0.75	3	3	0	0	3/4	1	1	3/16	1/8	3/2		1	67	27
6	1.0	3	3	0	0	3/4	1	3	1/4	1/4	1		1	67	36
27/4	0.25	3	3	3/16	3/16	3/4	1	1	1/16	1/16	1		3	69	28
7	1.0	3	3	1/4	1/4	3/4	2	2	1/4	1/4	1		5	35	43
7	1.0	3	3	1/4	1/4	3/4	2	2	1/4	1/4	1		5	47	43
7	1.0	3	3	1/4	1/4	3/4	2	1	1/4	1/4	1		-1	53	40
7	1.0	3	3	1/4	1/4	3/4	2	1	1/4	1/4	1		1	55	40
7	1.0	3	3	1/4	1/4	3/4	1	2	1/4	1/4	1		2	62	34
7	0.75	3	3	1/4	1/4	3/4	1	1	3/16	1/8	3/2		1	67	29
7	1.0	3	3	1/4	1/4	3/4	1	3	1/4	1/4	1		1	67	37
31/4	0.25	3	3	7/16	7/16	3/4	1	1	1/16	1/16	1		3	69	30
8	1.0	3	3	1/2	1/2	3/4	2	2	1/4	1/4	1		0	36	44
8	1.0	3	3	1/2	1/2	3/4	2	2	1/4	1/4	1		0	48	44
8	1.0	3	3	1/2	1/2	3/4	2	1	1/4	1/4	1		-1	53	41
8	1.0	3	3	1/2	1/2	3/4	2	1	1/4	1/4	1		1	55	41
8	1.0	3	3	1/2	1/2	3/4	1	2	1/4	1/4	1		-3	63	35
8	0.75	3	3	1/2	1/2	3/4	1	1	3/16	1/8	3/2		1	67	31
8	1.0	3	3	1/2	1/2	3/4	1	3	1/4	1/4	1		1	67	38
35/4	0.25	3	3	11/16	11/16	3/4	1	1	1/16	1/16	1		3	69	32
9	1.0	4	4	0	0	3/4	2	2	1/4	1/4	1		7	37	57
9	1.0	4	4	0	0	3/4	2	2	1/4	1/4	1		7	49	57
9	1.0	4	4	0	0	3/4	2	1	1/4	1/4	1		-1	53	55
9	1.0	4	4	0	0	3/4	2	1	1/4	1/4	1		1	55	55
9	1.0	4	4	0	0	3/4	1	2	1/4	1/4	1		4	64	53
9	0.75	4	4	0	0	3/4	1	1	3/16	1/8	3/2		1	67	45
9	1.0	4	4	0	0	3/4	1	3	1/4	1/4	1		1	67	54
39/4	0.25	4	4	3/16	3/16	3/4	1	1	1/16	1/16	1		-2	70	46
10	2.0	4	4	1/4	1/4	3/4	2	2	1/2	1/2	1		2	38	58
10	2.0	4	4	1/4	1/4	3/4	2	2	1/2	1/2	1		2	50	58
10	1.0	4	4	1/4	1/4	3/4	2	1	1/4	1/4	1		-1	53	56
10	1.0	4	4	1/4	1/4	3/4	2	1	1/4	1/4	1		-2	58	56
10	0.5	4	4	1/4	1/4	3/4	1	1	1/8	1/8	1		-1	65	47
21/2	0.5	4	4	3/8	3/8	3/4	2	3	1/8	1/8	1		2	62	59
21/2	0.5	4	4	3/8	3/8	3/4	2	3	1/8	1/8	1		-1	65	59
21/2	0.5	4	4	3/8	3/8	3/4	2	3	1/8	1/8	1		-2	70	59
21/2	0.5	4	4	3/8	3/8	3/4	2	3	1/8	1/8	1		2	74	59
21/2	0.5	4	4	3/8	3/8	3/4	1	1	1/8	1/8	1		-1	77	48
21/2	0.5	4	4	3/8	3/8	3/4	1	1	1/8	1/8	1		-2	82	48
21/2	0.5	4	4	3/8	3/8	3/4	1	1	1/8	1/8	1		-1	89	48
11	0.5	4	4	1/2	1/2	3/4	2	3	1/8	1/8	1		3	57	60
11	0.5	4	4	1/2	1/2	3/4	2	3	1/8	1/8	1		2	62	60
11	0.5	4	4	1/2	1/2	3/4	2	3	1/8	1/8	1		-1	65	60
11	0.5	4	4	1/2	1/2	3/4	2	3	1/8	1/8	1		3	69	60
11	0.5	4	4	1/2	1/2	3/4	1	1	1/8	1/8	1		2	74	49
11	0.5	4	4	1/2	1/2	3/4	1	1	1/8	1/8	1		3	81	49
11	0.5	4	4	1/2	1/2	3/4	1	1	1/8	1/8	1		2	86	49
23/2	0.5	4	4	5/8	5/8	3/4	2	3	1/8	1/8	1		-1	53	61
23/2	0.5	4	4	5/8	5/8	3/4	2	3	1/8	1/8	1		3	57	61
23/2	0.5	4	4	5/8	5/8	3/4	2	3	1/8	1/8	1		2	62	61
23/2	0.5	4	4	5/8	5/8	3/4	2	3	1/8	1/8	1		-1	65	61
23/2	0.5	4	4	5/8	5/8	3/4	1	1	1/8	1/8	1		3	69	50
23/2	0.5	4	4	5/8	5/8	3/4	1	1	1/8	1/8	1		2	74	50
23/2	0.5	4	4	5/8	5/8	3/4	1	1	1/8	1/8	1		3	81	50
12	0.5	4	4	3/4	3/4	3/4	2	3	1/8	1/8	1		2	50	62
12	0.5	4	4	3/4	3/4	3/4	2	3	1/8	1/8	1		3	57	62
12	0.5	4	4	3/4	3/4	3/4	2	3	1/8	1/8	1		2	62	62
12	0.5	4	4	3/4	3/4	3/4	1	1	1/8	1/8	1		-1	65	51
12	0.5	4	4	3/4	3/4	3/4	1	1	1/8	1/8	1		3	69	51
12	0.5	4	4	3/4	3/4	3/4	1	1	1/8	1/8	1		2	74	51
12	0.5	4	4	3/4	3/4	3/4	1	1	1/8	1/8	1		-1	77	51
25/2	0.5	4	4	7/8	7/8	3/4	2	3	1/8	1/8	1		1	55	63
25/2	0.5	4	4	7/8	7/8	3/4	2	3	1/8	1/8	1		-2	58	63
25/2	0.5	4	4	7/8	7/8	3/4	2	3	1/8	1/8	1		2	62	63
25/2	0.5	4	4	7/8	7/8	3/4	1	1	1/8	1/8	1		1	67	52
25/2	0.5	4	4	7/8	7/8	3/4	1	1	1/8	1/8	1		-2	70	52
25/2	0.5	4	4	7/8	7/8	3/4	1	1	1/8	1/8	1		2	74	52
25/2	0.5	4	4	7/8	7/8	3/4	1	1	1/8	1/8	1		1	79	52
13	0.5	5	5	0	0	3/4	2	1	1/8	1/8	1		0	48	69
13	0.5	5	5	0	0	3/4	2	1	1/8	1/8	1		1	55	69
13	0.5	5	5	0	0	3/4	2	1	1/8	1/8	1		0	60	69
13	0.5	5	5	0	0	3/4	1	1	1/8	1/8	1		4	64	64
13	0.5	5	5	0	0	3/4	1	1	1/8	1/8	1		1	67	64
13	0.5	5	5	0	0	3/4	1	1	1/8	1/8	1		0	72	64
13	0.5	5	5	0	0	3/4	1	1	1/8	1/8	1		4	76	64
27/2	0.5	5	5	1/8	1/8	3/4	2	1	1/8	1/8	1		2	50	70
27/2	0.5	5	5	1/8	1/8	3/4	2	1	1/8	1/8	1		3	57	70
27/2	0.5	5	5	1/8	1/8	3/4	1	1	1/8	1/8	1		2	62	65
27/2	0.5	5	5	1/8	1/8	3/4	1	1	1/8	1/8	1		-1	65	65
27/2	0.5	5	5	1/8	1/8	3/4	1	1	1/8	1/8	1		3	69	65
27/2	0.5	5	5	1/8	1/8	3/4	1	1	1/8	1/8	1		2	74	65
14	0.5	5	5	1/4	1/4	3/4	2	1	1/8	1/8	1		-2	46	71
14	0.5	5	5	1/4	1/4	3/4	2	1	1/8	1/8	1		-1	53	71
14	0.5	5	5	1/4	1/4	3/4	2	1	1/8	1/8	1		-2	58	71
14	0.5	5	5	1/4	1/4	3/4	1	1	1/8	1/8	1		2	62	66
14	0.5	5	5	1/4	1/4	3/4	1	1	1/8	1/8	1		-1	65	66
14	0.5	5	5	1/4	1/4	3/4	1	1	1/8	1/8	1		-2	70	66
14	0.5	5	5	1/4	1/4	3/4	1	1	1/8	1/8	1		2	74	66
29/2	0.5	5	5	3/8	3/8	3/4	2	1	1/8	1/8	1		0	48	72
29/2	0.5	5	5	3/8	3/8	3/4	2	1	1/8	1/8	1		1	55	72
29/2	0.5	5	5	3/8	3/8	3/4	1	1	1/8	1/8	1		0	60	67
29/2	0.5	5	5	3/8	3/8	3/4	1	1	1/8	1/8	1		4	64	67
29/2	0.5	5	5	3/8	3/8	3/4	1	1	1/8	1/8	1		1	67	67
29/2	0.5	5	5	3/8	3/8	3/4	1	1	1/8	1/8	1		0	72	67
15	1.0	5	5	1/2	1/2	3/4	2	1	1/4	1/4	1		-1	41	73
15	1.0	5	5	1/2	1/2	3/4	2	1	1/4	1/4	1		0	48	73
15	1.0	5	5	1/2	1/2	3/4	2	1	1/4	1/4	1		3	57	73
15	1.0	5	5	1/2	1/2	3/4	1	1	1/4	1/4	1		-1	65	68
15	1.0	5	5	1/2	1/2	3/4	1	1	1/4	1/4	1		3	69	68
15	1.0	5	5	1/2	1/2	3/4	1	1	1/4	1/4	1		0	72	68
15	1.0	5	5	1/2	1/2	3/4	1	1	1/4	1/4	1		-1	77	68
16	1.0	6	6	0	0	3/4	2	2	1/4	1/4	1		-2	34	86
16	1.0	6	6	0	0	3/4	2	3	1/4	1/4	1		-2	46	89
16	1.0	6	6	0	0	3/4	1	2	1/4	1/4	1		-2	58	77
33/2	1.0	6	6	1/8	1/8	3/4	2	1	1/4	1/4	1		-1	53	83
33/2	1.0	6	6	1/8	1/8	3/4	2	1	1/4	1/4	1		-2	58	83
33/2	1.0	6	6	1/8	1/8	3/4	2	1	1/4	1/4	1		2	62	83
33/2	1.0	6	6	1/8	1/8	3/4	1	1	1/4	1/4	1		-1	65	74
33/2	1.0	6	6	1/8	1/8	3/4	1	1	1/4	1/4	1		-2	70	74
33/2	1.0	6	6	1/8	1/8	3/4	1	1	1/4	1/4	1		2	74	74
33/2	1.0	6	6	1/8	1/8	3/4	1	1	1/4	1/4	1		-1	77	74
17	1.0	6	6	1/4	1/4	3/4	2	2	1/4	1/4	1		3	33	87
17	1.0	6	6	1/4	1/4	3/4	2	2	1/4	1/4	1		3	45	87
17	0.75	6	6	1/4	1/4	3/4	2	3	3/16	1/8	3/2		5	47	90
17	0.75	6	6	1/4	1/4	3/4	1	4	3/16	1/8	3/2		1	55	81
17	0.5	6	6	1/4	1/4	3/4	1	2	1/8	1/8	1		5	59	78
35/2	1.0	6	6	3/8	3/8	3/4	2	1	1/4	1/4	1		1	55	84
35/2	1.0	6	6	3/8	3/8	3/4	2	1	1/4	1/4	1		5	59	84
35/2	0.5	6	6	3/8	3/8	3/4	1	2	1/8	1/8	1		0	60	79
35/2	1.0	6	6	3/8	3/8	3/4	2	1	1/4	1/4	1		-3	63	84
35/2	1.0	6	6	3/8	3/8	3/4	1	1	1/4	1/4	1		1	67	75
35/2	1.0	6	6	3/8	3/8	3/4	1	1	1/4	1/4	1		5	71	75
35/2	1.0	6	6	3/8	3/8	3/4	1	1	1/4	1/4	1		-3	75	75
35/2	1.0	6	6	3/8	3/8	3/4	1	1	1/4	1/4	1		1	79	75
71/4	0.25	6	6	7/16	7/16	3/4	2	3	1/16	1/16	1		0	48	91
71/4	0.25	6	6	7/16	7/16	3/4	1	4	1/16	1/16	1		0	60	82
18	1.0	6	6	1/2	1/2	3/4	2	2	1/4	1/4	1		-1	29	88
18	1.0	6	6	1/2	1/2	3/4	2	2	1/4	1/4	1		-1	41	88
18	1.0	6	6	1/2	1/2	3/4	2	3	1/4	1/4	1		7	49	92
18	1.0	6	6	1/2	1/2	3/4	1	2	1/4	1/4	1		7	61	80
37/2	0.5	6	6	5/8	5/8	3/4	2	1	1/8	1/8	1		3	57	85
37/2	0.5	6	6	5/8	5/8	3/4	2	1	1/8	1/8	1		7	61	85
37/2	0.5	6	6	5/8	5/8	3/4	2	1	1/8	1/8	1		-1	65	85
37/2	0.5	6	6	5/8	5/8	3/4	1	1	1/8	1/8	1		3	69	76
37/2	0.5	6	6	5/8	5/8	3/4	1	1	1/8	1/8	1		7	73	76
37/2	0.5	6	6	5/8	5/8	3/4	1	1	1/8	1/8	1		-1	77	76
37/2	0.5	6	6	5/8	5/8	3/4	1	1	1/8	1/8	1		3	81	76
19	1.0	7	7	0	0	3/4	2	2	1/4	1/4	1		-2	34	108
19	1.0	7	7	0	0	3/4	2	3	1/4	1/4	1		-2	46	111
19	1.0	7	7	0	0	3/4	1	2	1/4	1/4	1		-2	58	96
39/2	1.0	7	7	1/8	1/8	3/4	2	1	1/4	1/4	1		-1	53	105
39/2	1.0	7	7	1/8	1/8	3/4	2	1	1/4	1/4	1		-2	58	105
39/2	1.0	7	7	1/8	1/8	3/4	2	1	1/4	1/4	1		2	62	105
39/2	1.0	7	7	1/8	1/8	3/4	1	1	1/4	1/4	1		-1	65	93
39/2	1.0	7	7	1/8	1/8	3/4	1	1	1/4	1/4	1		-2	70	93
39/2	1.0	7	7	1/8	1/8	3/4	1	1	1/4	1/4	1		2	74	93
39/2	1.0	7	7	1/8	1/8	3/4	1	1	1/4	1/4	1		-1	77	93
20	1.0	7	7	1/4	1/4	3/4	2	2	1/4	1/4	1		3	33	109
20	1.0	7	7	1/4	1/4	3/4	2	2	1/4	1/4	1		3	45	109
20	0.75	7	7	1/4	1/4	3/4	2	3	3/16	1/8	3/2		5	47	112
20	0.5	7	7	1/4	1/4	3/4	1	2	1/8	1/8	1		5	59	97
20	0.75	7	7	1/4	1/4	3/4	1	4	3/16	1/8	3/2		2	62	101
41/2	1.0	7	7	3/8	3/8	3/4	2	1	1/4	1/4	1		1	55	106
41/2	0.5	7	7	3/8	3/8	3/4	1	2	1/8	1/8	1		3	57	98
41/2	1.0	7	7	3/8	3/8	3/4	2	1	1/4	1/4	1		5	59	106
41/2	1.0	7	7	3/8	3/8	3/4	2	1	1/4	1/4	1		-3	63	106
41/2	1.0	7	7	3/8	3/8	3/4	1	1	1/4	1/4	1		1	67	94
41/2	1.0	7	7	3/8	3/8	3/4	1	1	1/4	1/4	1		5	71	94
41/2	1.0	7	7	3/8	3/8	3/4	1	1	1/4	1/4	1		-3	75	94
41/2	1.0	7	7	3/8	3/8	3/4	1	1	1/4	1/4	1		1	79	94
83/4	0.25	7	7	7/16	7/16	3/4	2	3	1/16	1/16	1		0	48	113
83/4	0.25	7	7	7/16	7/16	3/4	1	4	1/16	1/16	1		0	60	102
21	1.0	7	7	1/2	1/2	3/4	2	2	1/4	1/4	1		-1	29	110
21	1.0	7	7	1/2	1/2	3/4	2	2	1/4	1/4	1		-1	41	110
21	0.75	7	7	1/2	1/2	3/4	2	3	3/16	1/8	3/2		7	49	114
21	0.5	7	7	1/2	1/2	3/4	1	2	1/8	1/8	1		7	61	99
21	0.75	7	7	1/2	1/2	3/4	1	4	3/16	1/8	3/2		-1	65	103
43/2	0.5	7	7	5/8	5/8	3/4	2	1	1/8	1/8	1		3	57	107
43/2	0.5	7	7	5/8	5/8	3/4	1	2	1/8	1/8	1		7	61	100
43/2	0.5	7	7	5/8	5/8	3/4	2	1	1/8	1/8	1		7	61	107
43/2	0.5	7	7	5/8	5/8	3/4	2	1	1/8	1/8	1		-1	65	107
43/2	0.5	7	7	5/8	5/8	3/4	1	1	1/8	1/8	1		3	69	95
43/2	0.5	7	7	5/8	5/8	3/4	1	1	1/8	1/8	1		7	73	95
43/2	0.5	7	7	5/8	5/8	3/4	1	1	1/8	1/8	1		-1	77	95
43/2	0.5	7	7	5/8	5/8	3/4	1	1	1/8	1/8	1		3	81	95
87/4	0.25	7	7	11/16	11/16	3/4	2	3	1/16	1/16	1		-1	53	115
87/4	0.25	7	7	11/16	11/16	3/4	1	4	1/16	1/16	1		-1	65	104
22	1.0	8	8	0	0	3/4	2	2	1/4	1/4	1		-2	34	131
22	1.0	8	8	0	0	3/4	2	2	1/4	1/4	1		-2	46	131
22	0.75	8	8	0	0	3/4	2	3	3/16	1/8	3/2		-1	53	134
22	0.75	8	8	0	0	3/4	2	3	3/16	1/8	3/2		1	55	134
22	0.75	8	8	0	0	3/4	1	4	3/16	1/8	3/2		-2	58	125
22	0.5	8	8	0	0	3/4	1	2	1/8	1/8	1		2	62	119
22	0.5	8	8	0	0	3/4	1	2	1/8	1/8	1		1	67	119
45/2	0.5	8	8	1/8	1/8	3/4	1	2	1/8	1/8	1		2	62	120
45/2	1.0	8	8	1/8	1/8	3/4	1	1	1/4	1/4	1		-1	77	116
45/2	1.0	8	8	1/8	1/8	3/4	1	1	1/4	1/4	1		1	79	116
45/2	1.0	8	8	1/8	1/8	3/4	1	1	1/4	1/4	1		1	91	116
91/4	0.25	8	8	3/16	3/16	3/4	2	3	1/16	1/16	1		3	57	135
91/4	0.25	8	8	3/16	3/16	3/4	1	4	1/16	1/16	1		3	69	126
23	1.0	8	8	1/4	1/4	3/4	2	2	1/4	1/4	1		5	35	132
23	1.0	8	8	1/4	1/4	3/4	2	2	1/4	1/4	1		5	47	132
23	0.75	8	8	1/4	1/4	3/4	2	3	3/16	1/8	3/2		-1	53	136
23	0.75	8	8	1/4	1/4	3/4	2	3	3/16	1/8	3/2		1	55	136
23	0.75	8	8	1/4	1/4	3/4	1	4	3/16	1/8	3/2		-2	58	127
23	0.5	8	8	1/4	1/4	3/4	1	2	1/8	1/8	1		2	62	121
23	0.5	8	8	1/4	1/4	3/4	1	2	1/8	1/8	1		1	67	121
47/2	0.5	8	8	3/8	3/8	3/4	1	2	1/8	1/8	1		2	62	122
47/2	1.0	8	8	3/8	3/8	3/4	1	1	1/4	1/4	1		-1	77	117
47/2	1.0	8	8	3/8	3/8	3/4	1	1	1/4	1/4	1		1	79	117
47/2	1.0	8	8	3/8	3/8	3/4	1	1	1/4	1/4	1		1	91	117
95/4	0.25	8	8	7/16	7/16	3/4	2	3	1/16	1/16	1		3	57	137
95/4	0.25	8	8	7/16	7/16	3/4	1	4	1/16	1/16	1		3	69	128
24	1.0	8	8	1/2	1/2	3/4	2	2	1/4	1/4	1		0	36	133
24	1.0	8	8	1/2	1/2	3/4	2	2	1/4	1/4	1		0	48	133
24	0.75	8	8	1/2	1/2	3/4	2	3	3/16	1/8	3/2		-1	53	138
24	0.75	8	8	1/2	1/2	3/4	2	3	3/16	1/8	3/2		1	55	138
24	0.75	8	8	1/2	1/2	3/4	1	4	3/16	1/8	3/2		-2	58	129
24	0.5	8	8	1/2	1/2	3/4	1	2	1/8	1/8	1		-3	63	123
24	0.5	8	8	1/2	1/2	3/4	1	2	1/8	1/8	1		1	67	123
49/2	0.5	8	8	5/8	5/8	3/4	1	2	1/8	1/8	1		-3	63	124
49/2	0.5	8	8	5/8	5/8	3/4	1	1	1/8	1/8	1		-1	77	118
49/2	0.5	8	8	5/8	5/8	3/4	1	1	1/8	1/8	1		1	79	118
49/2	0.5	8	8	5/8	5/8	3/4	1	1	1/8	1/8	1		1	91	118
99/4	0.25	8	8	11/16	11/16	3/4	2	3	1/16	1/16	1		3	57	139
99/4	0.25	8	8	11/16	11/16	3/4	1	4	1/16	1/16	1		3	69	130
25	1.0	9	9	0	0	3/4	2	2	1/4	1/4	1		0	36	153
25	1.0	9	9	0	0	3/4	2	2	1/4	1/4	1		0	48	153
25	0.75	9	9	0	0	3/4	2	3	3/16	1/8	3/2		-1	53	155
25	0.75	9	9	0	0	3/4	1	4	3/16	1/8	3/2		1	55	151
25	0.75	9	9	0	0	3/4	2	3	3/16	1/8	3/2		1	55	155
25	0.5	9	9	0	0	3/4	1	2	1/8	1/8	1		4	64	146
25	0.5	9	9	0	0	3/4	1	2	1/8	1/8	1		1	67	146
51/2	0.5	9	9	1/8	1/8	3/4	1	2	1/8	1/8	1		4	64	147
51/2	1.0	9	9	1/8	1/8	3/4	1	1	1/4	1/4	1		-1	77	140
51/2	1.0	9	9	1/8	1/8	3/4	1	1	1/4	1/4	1		1	79	140
51/2	1.0	9	9	1/8	1/8	3/4	1	1	1/4	1/4	1		1	91	140
103/4	0.25	9	9	3/16	3/16	3/4	2	3	1/16	1/16	1		-2	58	156
103/4	0.25	9	9	3/16	3/16	3/4	1	4	1/16	1/16	1		-2	70	152
26	2.0	9	9	1/4	1/4	3/4	2	2	1/2	1/2	1		2	38	154
26	2.0	9	9	1/4	1/4	3/4	2	2	1/2	1/2	1		2	50	154
26	1.0	9	9	1/4	1/4	3/4	2	3	1/4	1/4	1		-1	53	157
26	1.0	9	9	1/4	1/4	3/4	2	3	1/4	1/4	1		-2	58	157
26	0.5	9	9	1/4	1/4	3/4	1	2	1/8	1/8	1		-1	65	148
53/2	0.5	9	9	3/8	3/8	3/4	2	4	1/8	1/8	1		3	57	158
53/2	0.5	9	9	3/8	3/8	3/4	1	2	1/8	1/8	1		2	62	149
53/2	0.5	9	9	3/8	3/8	3/4	1	2	1/8	1/8	1		-1	65	149
53/2	0.5	9	9	3/8	3/8	3/4	1	2	1/8	1/8	1		-2	70	149
53/2	0.5	9	9	3/8	3/8	3/4	1	2	1/8	1/8	1		2	74	149
53/2	0.5	9	9	3/8	3/8	3/4	1	1	1/8	1/8	1		-1	77	141
53/2	0.5	9	9	3/8	3/8	3/4	1	1	1/8	1/8	1		-2	82	141
53/2	0.5	9	9	3/8	3/8	3/4	1	1	1/8	1/8	1		-1	89	141
27	0.5	9	9	1/2	1/2	3/4	2	4	1/8	1/8	1		3	57	159
27	0.5	9	9	1/2	1/2	3/4	1	2	1/8	1/8	1		2	62	150
27	0.5	9	9	1/2	1/2	3/4	1	2	1/8	1/8	1		-1	65	150
27	0.5	9	9	1/2	1/2	3/4	1	2	1/8	1/8	1		3	69	150
27	0.5	9	9	1/2	1/2	3/4	1	1	1/8	1/8	1		2	74	142
27	0.5	9	9	1/2	1/2	3/4	1	1	1/8	1/8	1		3	81	142
27	0.5	9	9	1/2	1/2	3/4	1	1	1/8	1/8	1		2	86	142
55/2	0.5	9	9	5/8	5/8	3/4	2	4	1/8	1/8	1		-1	53	160
55/2	0.5	9	9	5/8	5/8	3/4	2	4	1/8	1/8	1		3	57	160
55/2	0.5	9	9	5/8	5/8	3/4	2	4	1/8	1/8	1		2	62	160
55/2	0.5	9	9	5/8	5/8	3/4	2	4	1/8	1/8	1		-1	65	160
55/2	0.5	9	9	5/8	5/8	3/4	1	1	1/8	1/8	1		3	69	143
55/2	0.5	9	9	5/8	5/8	3/4	1	1	1/8	1/8	1		2	74	143
55/2	0.5	9	9	5/8	5/8	3/4	1	1	1/8	1/8	1		3	81	143
28	0.5	9	9	3/4	3/4	3/4	2	4	1/8	1/8	1		2	50	161
28	0.5	9	9	3/4	3/4	3/4	2	4	1/8	1/8	1		-1	53	161
28	0.5	9	9	3/4	3/4	3/4	2	4	1/8	1/8	1		3	57	161
28	0.5	9	9	3/4	3/4	3/4	2	4	1/8	1/8	1		2	62	161
28	0.5	9	9	3/4	3/4	3/4	1	1	1/8	1/8	1		-1	65	144
28	0.5	9	9	3/4	3/4	3/4	1	1	1/8	1/8	1		3	69	144
28	0.5	9	9	3/4	3/4	3/4	1	1	1/8	1/8	1		2	74	144
28	0.5	9	9	3/4	3/4	3/4	1	1	1/8	1/8	1		-1	77	144
57/2	0.5	9	9	7/8	7/8	3/4	2	4	1/8	1/8	1		1	55	162
57/2	0.5	9	9	7/8	7/8	3/4	2	4	1/8	1/8	1		-2	58	162
57/2	0.5	9	9	7/8	7/8	3/4	2	4	1/8	1/8	1		2	62	162
57/2	0.5	9	9	7/8	7/8	3/4	1	1	1/8	1/8	1		1	67	145
57/2	0.5	9	9	7/8	7/8	3/4	1	1	1/8	1/8	1		-2	70	145
57/2	0.5	9	9	7/8	7/8	3/4	1	1	1/8	1/8	1		2	74	145
57/2	0.5	9	9	7/8	7/8	3/4	1	1	1/8	1/8	1		1	79	145
29	0.5	10	10	0	0	3/4	2	1	1/8	1/8	1		0	48	168
29	0.5	10	10	0	0	3/4	2	1	1/8	1/8	1		1	55	168
29	0.5	10	10	0	0	3/4	2	1	1/8	1/8	1		0	60	168
29	0.5	10	10	0	0	3/4	1	1	1/8	1/8	1		4	64	163
29	0.5	10	10	0	0	3/4	1	1	1/8	1/8	1		1	67	163
29	0.5	10	10	0	0	3/4	1	1	1/8	1/8	1		0	72	163
29	0.5	10	10	0	0	3/4	1	1	1/8	1/8	1		4	76	163
59/2	0.5	10	10	1/8	1/8	3/4	2	1	1/8	1/8	1		2	50	169
59/2	0.5	10	10	1/8	1/8	3/4	2	1	1/8	1/8	1		3	57	169
59/2	0.5	10	10	1/8	1/8	3/4	1	1	1/8	1/8	1		2	62	164
59/2	0.5	10	10	1/8	1/8	3/4	1	1	1/8	1/8	1		-1	65	164
59/2	0.5	10	10	1/8	1/8	3/4	1	1	1/8	1/8	1		3	69	164
59/2	0.5	10	10	1/8	1/8	3/4	1	1	1/8	1/8	1		2	74	164
30	0.5	10	10	1/4	1/4	3/4	2	1	1/8	1/8	1		-2	46	170
30	0.5	10	10	1/4	1/4	3/4	2	1	1/8	1/8	1		-1	53	170
30	0.5	10	10	1/4	1/4	3/4	2	1	1/8	1/8	1		-2	58	170
30	0.5	10	10	1/4	1/4	3/4	1	1	1/8	1/8	1		2	62	165
30	0.5	10	10	1/4	1/4	3/4	1	1	1/8	1/8	1		-1	65	165
30	0.5	10	10	1/4	1/4	3/4	1	1	1/8	1/8	1		-2	70	165
30	0.5	10	10	1/4	1/4	3/4	1	1	1/8	1/8	1		2	74	165
61/2	0.5	10	10	3/8	3/8	3/4	2	1	1/8	1/8	1		0	48	171
61/2	0.5	10	10	3/8	3/8	3/4	2	1	1/8	1/8	1		1	55	171
61/2	0.5	10	10	3/8	3/8	3/4	1	1	1/8	1/8	1		0	60	166
61/2	0.5	10	10	3/8	3/8	3/4	1	1	1/8	1/8	1		4	64	166
61/2	0.5	10	10	3/8	3/8	3/4	1	1	1/8	1/8	1		1	67	166
61/2	0.5	10	10	3/8	3/8	3/4	1	1	1/8	1/8	1		0	72	166
31	2.0	10	10	1/2	1/2	3/4	2	1	1/2	1/2	1		-1	41	172
31	2.0	10	10	1/2	1/2	3/4	2	1	1/2	1/2	1		0	48	172
31	2.0	10	10	1/2	1/2	3/4	2	1	1/2	1/2	1		3	57	172
31	2.0	10	10	1/2	1/2	3/4	1	1	1/2	1/2	1		-1	65	167
31	2.0	10	10	1/2	1/2	3/4	1	1	1/2	1/2	1		3	69	167
31	2.0	10	10	1/2	1/2	3/4	1	1	1/2	1/2	1		0	72	167
31	2.0	10	10	1/2	1/2	3/4	1	1	1/2	1/2	1		-1	77	167
33	3.0	11	11	0	0	3/4	2	2	3/4	1/2	3/2	1	-1	29	184
33	3.0	11	11	0	0	3/4	2	2	3/4	1/2	3/2	1	-1	41	184
33	1.0	11	11	0	0	3/4	1	1	1/4	1/4	1		1	79	173
33	1.0	11	11	0	0	3/4	1	1	1/4	1/4	1		1	91	173
67/2	1.0	11	11	1/8	1/8	3/4	2	1	1/4	1/4	1		0	48	181
67/2	1.0	11	11	1/8	1/8	3/4	2	1	1/4	1/4	1		-3	51	181
67/2	1.0	11	11	1/8	1/8	3/4	2	1	1/4	1/4	1		1	55	181
67/2	1.0	11	11	1/8	1/8	3/4	1	2	1/4	1/4	1		0	60	178
67/2	1.0	11	11	1/8	1/8	3/4	1	2	1/4	1/4	1		-3	63	178
67/2	1.0	11	11	1/8	1/8	3/4	1	2	1/4	1/4	1		1	67	178
67/2	1.0	11	11	1/8	1/8	3/4	1	2	1/4	1/4	1		0	72	178
34	0.75	11	11	1/4	1/4	3/4	1	1	3/16	1/8	3/2		-1	77	174
34	0.75	11	11	1/4	1/4	3/4	1	1	3/16	1/8	3/2		-1	89	174
69/2	1.0	11	11	3/8	3/8	3/4	2	1	1/4	1/4	1		2	50	182
69/2	1.0	11	11	3/8	3/8	3/4	2	1	1/4	1/4	1		-1	53	182
69/2	1.0	11	11	3/8	3/8	3/4	2	1	1/4	1/4	1		3	57	182
69/2	1.0	11	11	3/8	3/8	3/4	1	2	1/4	1/4	1		2	62	179
69/2	1.0	11	11	3/8	3/8	3/4	1	2	1/4	1/4	1		-1	65	179
69/2	1.0	11	11	3/8	3/8	3/4	1	2	1/4	1/4	1		3	69	179
69/2	1.0	11	11	3/8	3/8	3/4	1	2	1/4	1/4	1		2	74	179
139/4	0.25	11	11	7/16	7/16	3/4	1	1	1/16	1/16	1		2	74	175
139/4	0.25	11	11	7/16	7/16	3/4	1	1	1/16	1/16	1		2	86	175
35	0.75	11	11	1/2	1/2	3/4	1	1	3/16	1/8	3/2		0	72	176
35	0.75	11	11	1/2	1/2	3/4	1	1	3/16	1/8	3/2		0	84	176
71/2	0.5	11	11	5/8	5/8	3/4	2	1	1/8	1/8	1	1	-3	51	183
71/2	0.5	11	11	5/8	5/8	3/4	2	1	1/8	1/8	1	1	1	55	183
71/2	0.5	11	11	5/8	5/8	3/4	2	1	1/8	1/8	1	1	-2	58	183
71/2	0.5	11	11	5/8	5/8	3/4	1	2	1/8	1/8	1		-3	63	180
71/2	0.5	11	11	5/8	5/8	3/4	1	2	1/8	1/8	1		1	67	180
71/2	0.5	11	11	5/8	5/8	3/4	1	2	1/8	1/8	1		-2	70	180
71/2	0.5	11	11	5/8	5/8	3/4	1	2	1/8	1/8	1		-3	75	180
143/4	0.25	11	11	11/16	11/16	3/4	1	1	1/16	1/16	1		-2	70	177
143/4	0.25	11	11	11/16	11/16	3/4	1	1	1/16	1/16	1		-2	82	177
36	3.0	12	12	0	0	3/4	2	2	3/4	1/2	3/2	-1	-1	29	200
36	3.0	12	12	0	0	3/4	2	2	3/4	1/2	3/2	-1	-1	41	200
36	0.5	12	12	0	0	3/4	2	1	1/8	1/8	1	-1	-3	51	194
36	0.5	12	12	0	0	3/4	2	1	1/8	1/8	1	-1	1	55	194
36	0.5	12	12	0	0	3/4	2	1	1/8	1/8	1	-1	-2	58	194
36	0.5	12	12	0	0	3/4	1	2	1/8	1/8	1		-3	63	188
36	0.5	12	12	0	0	3/4	1	2	1/8	1/8	1		1	67	188
36	0.75	12	12	0	0	3/4	1	1	3/16	1/8	3/2		1	67	185
36	0.5	12	12	0	0	3/4	1	2	1/8	1/8	1		-2	70	188
36	0.5	12	12	0	0	3/4	1	2	1/8	1/8	1		-3	75	188
36	0.75	12	12	0	0	3/4	1	1	3/16	1/8	3/2		1	79	185
73/2	0.5	12	12	1/8	1/8	3/4	2	1	1/8	1/8	1		-1	53	195
73/2	0.5	12	12	1/8	1/8	3/4	2	1	1/8	1/8	1		3	57	195
73/2	0.5	12	12	1/8	1/8	3/4	2	1	1/8	1/8	1		0	60	195
73/2	0.5	12	12	1/8	1/8	3/4	1	2	1/8	1/8	1		-1	65	189
73/2	0.5	12	12	1/8	1/8	3/4	1	2	1/8	1/8	1		3	69	189
73/2	0.5	12	12	1/8	1/8	3/4	1	2	1/8	1/8	1		0	72	189
73/2	0.5	12	12	1/8	1/8	3/4	1	2	1/8	1/8	1		-1	77	189
147/4	0.25	12	12	3/16	3/16	3/4	1	1	1/16	1/16	1		-1	65	186
147/4	0.25	12	12	3/16	3/16	3/4	1	1	1/16	1/16	1		-1	77	186
37	0.5	12	12	1/4	1/4	3/4	2	1	1/8	1/8	1		1	55	196
37	0.5	12	12	1/4	1/4	3/4	2	1	1/8	1/8	1		-2	58	196
37	0.5	12	12	1/4	1/4	3/4	2	1	1/8	1/8	1		2	62	196
37	2.0	12	12	1/4	1/4	3/4	1	1	1/2	1/2	1		2	62	187
37	0.5	12	12	1/4	1/4	3/4	1	2	1/8	1/8	1		1	67	190
37	0.5	12	12	1/4	1/4	3/4	1	2	1/8	1/8	1		-2	70	190
37	0.5	12	12	1/4	1/4	3/4	1	2	1/8	1/8	1		2	74	190
37	2.0	12	12	1/4	1/4	3/4	1	1	1/2	1/2	1		2	74	187
37	0.5	12	12	1/4	1/4	3/4	1	2	1/8	1/8	1		1	79	190
75/2	0.5	12	12	3/8	3/8	3/4	2	1	1/8	1/8	1		3	57	197
75/2	0.5	12	12	3/8	3/8	3/4	2	1	1/8	1/8	1		0	60	197
75/2	0.5	12	12	3/8	3/8	3/4	2	1	1/8	1/8	1		4	64	197
75/2	0.5	12	12	3/8	3/8	3/4	1	2	1/8	1/8	1		3	69	191
75/2	0.5	12	12	3/8	3/8	3/4	1	2	1/8	1/8	1		0	72	191
75/2	0.5	12	12	3/8	3/8	3/4	1	2	1/8	1/8	1		4	76	191
75/2	0.5	12	12	3/8	3/8	3/4	1	2	1/8	1/8	1		3	81	191
38	0.5	12	12	1/2	1/2	3/4	2	1	1/8	1/8	1		-2	58	198
38	0.5	12	12	1/2	1/2	3/4	2	1	1/8	1/8	1		2	62	198
38	0.5	12	12	1/2	1/2	3/4	2	1	1/8	1/8	1		-1	65	198
38	0.5	12	12	1/2	1/2	3/4	1	2	1/8	1/8	1		-2	70	192
38	0.5	12	12	1/2	1/2	3/4	1	2	1/8	1/8	1		2	74	192
38	0.5	12	12	1/2	1/2	3/4	1	2	1/8	1/8	1		-1	77	192
38	0.5	12	12	1/2	1/2	3/4	1	2	1/8	1/8	1		-2	82	192
77/2	0.5	12	12	5/8	5/8	3/4	2	1	1/8	1/8	1		0	60	199
77/2	0.5	12	12	5/8	5/8	3/4	2	1	1/8	1/8	1		-3	63	199
77/2	0.5	12	12	5/8	5/8	3/4	2	1	1/8	1/8	1		1	67	199
77/2	0.5	12	12	5/8	5/8	3/4	1	2	1/8	1/8	1		0	72	193
77/2	0.5	12	12	5/8	5/8	3/4	1	2	1/8	1/8	1		-3	75	193
77/2	0.5	12	12	5/8	5/8	3/4	1	2	1/8	1/8	1		1	79	193
77/2	0.5	12	12	5/8	5/8	3/4	1	2	1/8	1/8	1		0	84	193
39	3.0	13	13	0	0	3/4	2	2	3/4	1/2	3/2	1	-1	29	212
39	3.0	13	13	0	0	3/4	2	2	3/4	1/2	3/2	1	-1	41	212
39	1.0	13	13	0	0	3/4	1	1	1/4	1/4	1		0	84	201
39	1.0	13	13	0	0	3/4	1	1	1/4	1/4	1		0	96	201
79/2	1.0	13	13	1/8	1/8	3/4	2	1	1/4	1/4	1		-4	44	209
79/2	1.0	13	13	1/8	1/8	3/4	2	1	1/4	1/4	1		0	48	209
79/2	1.0	13	13	1/8	1/8	3/4	2	1	1/4	1/4	1		-3	51	209
79/2	1.0	13	13	1/8	1/8	3/4	1	2	1/4	1/4	1		-4	56	206
79/2	1.0	13	13	1/8	1/8	3/4	1	2	1/4	1/4	1		0	60	206
79/2	1.0	13	13	1/8	1/8	3/4	1	2	1/4	1/4	1		-3	63	206
79/2	1.0	13	13	1/8	1/8	3/4	1	2	1/4	1/4	1		-4	68	206
40	0.75	13	13	1/4	1/4	3/4	1	1	3/16	1/8	3/2		-2	82	202
40	0.75	13	13	1/4	1/4	3/4	1	1	3/16	1/8	3/2		-2	94	202
81/2	1.0	13	13	3/8	3/8	3/4	2	1	1/4	1/4	1		-2	46	210
81/2	1.0	13	13	3/8	3/8	3/4	2	1	1/4	1/4	1		2	50	210
81/2	1.0	13	13	3/8	3/8	3/4	2	1	1/4	1/4	1		-1	53	210
81/2	1.0	13	13	3/8	3/8	3/4	1	2	1/4	1/4	1		-2	58	207
81/2	1.0	13	13	3/8	3/8	3/4	1	2	1/4	1/4	1		2	62	207
81/2	1.0	13	13	3/8	3/8	3/4	1	2	1/4	1/4	1		-1	65	207
81/2	1.0	13	13	3/8	3/8	3/4	1	2	1/4	1/4	1		-2	70	207
163/4	0.25	13	13	7/16	7/16	3/4	1	1	1/16	1/16	1		1	79	203
163/4	0.25	13	13	7/16	7/16	3/4	1	1	1/16	1/16	1		1	91	203
41	0.75	13	13	1/2	1/2	3/4	1	1	3/16	1/8	3/2		-1	77	204
41	0.75	13	13	1/2	1/2	3/4	1	1	3/16	1/8	3/2		-1	89	204
83/2	0.5	13	13	5/8	5/8	3/4	2	1	1/8	1/8	1	1	0	48	211
83/2	0.5	13	13	5/8	5/8	3/4	2	1	1/8	1/8	1	1	-3	51	211
83/2	0.5	13	13	5/8	5/8	3/4	2	1	1/8	1/8	1	1	1	55	211
83/2	0.5	13	13	5/8	5/8	3/4	1	2	1/8	1/8	1	1	0	60	208
83/2	0.5	13	13	5/8	5/8	3/4	1	2	1/8	1/8	1	1	-3	63	208
83/2	0.5	13	13	5/8	5/8	3/4	1	2	1/8	1/8	1	1	1	67	208
83/2	0.5	13	13	5/8	5/8	3/4	1	2	1/8	1/8	1	1	0	72	208
167/4	0.25	13	13	11/16	11/16	3/4	1	1	1/16	1/16	1		-3	75	205
167/4	0.25	13	13	11/16	11/16	3/4	1	1	1/16	1/16	1		-3	87	205
42	3.0	14	14	0	0	3/4	2	2	3/4	1/2	3/2	-1	-1	29	228
42	3.0	14	14	0	0	3/4	2	2	3/4	1/2	3/2	-1	-1	41	228
42	0.5	14	14	0	0	3/4	2	1	1/8	1/8	1	-1	0	48	222
42	0.5	14	14	0	0	3/4	2	1	1/8	1/8	1	-1	-3	51	222
42	0.5	14	14	0	0	3/4	2	1	1/8	1/8	1	-1	1	55	222
42	0.5	14	14	0	0	3/4	1	2	1/8	1/8	1	-1	0	60	216
42	0.5	14	14	0	0	3/4	1	2	1/8	1/8	1	-1	-3	63	216
42	0.5	14	14	0	0	3/4	1	2	1/8	1/8	1	-1	1	67	216
42	0.5	14	14	0	0	3/4	1	2	1/8	1/8	1	-1	0	72	216
42	0.75	14	14	0	0	3/4	1	1	3/16	1/8	3/2		-3	75	213
42	0.75	14	14	0	0	3/4	1	1	3/16	1/8	3/2		0	84	213
85/2	0.5	14	14	1/8	1/8	3/4	2	1	1/8	1/8	1		-5	49	223
85/2	0.5	14	14	1/8	1/8	3/4	2	1	1/8	1/8	1		-1	53	223
85/2	0.5	14	14	1/8	1/8	3/4	2	1	1/8	1/8	1		-4	56	223
85/2	0.5	14	14	1/8	1/8	3/4	1	2	1/8	1/8	1		-5	61	217
85/2	0.5	14	14	1/8	1/8	3/4	1	2	1/8	1/8	1		-1	65	217
85/2	0.5	14	14	1/8	1/8	3/4	1	2	1/8	1/8	1		-4	68	217
85/2	0.5	14	14	1/8	1/8	3/4	1	2	1/8	1/8	1		-5	73	217
171/4	0.25	14	14	3/16	3/16	3/4	1	1	1/16	1/16	1		-2	70	214
171/4	0.25	14	14	3/16	3/16	3/4	1	1	1/16	1/16	1		-2	82	214
43	0.5	14	14	1/4	1/4	3/4	2	1	1/8	1/8	1		-3	51	224
43	0.5	14	14	1/4	1/4	3/4	2	1	1/8	1/8	1		1	55	224
43	0.5	14	14	1/4	1/4	3/4	2	1	1/8	1/8	1		-2	58	224
43	0.5	14	14	1/4	1/4	3/4	2	1	1/8	1/8	1		-3	63	224
43	0.5	14	14	1/4	1/4	3/4	1	2	1/8	1/8	1		1	67	218
43	2.0	14	14	1/4	1/4	3/4	1	1	1/2	1/2	1		1	67	215
43	0.5	14	14	1/4	1/4	3/4	1	2	1/8	1/8	1		-2	70	218
43	0.5	14	14	1/4	1/4	3/4	1	2	1/8	1/8	1		-3	75	218
43	2.0	14	14	1/4	1/4	3/4	1	1	1/2	1/2	1		1	79	215
87/2	0.5	14	14	3/8	3/8	3/4	2	1	1/8	1/8	1		-1	53	225
87/2	0.5	14	14	3/8	3/8	3/4	2	1	1/8	1/8	1		-4	56	225
87/2	0.5	14	14	3/8	3/8	3/4	2	1	1/8	1/8	1		0	60	225
87/2	0.5	14	14	3/8	3/8	3/4	2	1	1/8	1/8	1		-1	65	225
87/2	0.5	14	14	3/8	3/8	3/4	1	2	1/8	1/8	1		-4	68	219
87/2	0.5	14	14	3/8	3/8	3/4	1	2	1/8	1/8	1		0	72	219
87/2	0.5	14	14	3/8	3/8	3/4	1	2	1/8	1/8	1		-1	77	219
44	0.5	14	14	1/2	1/2	3/4	2	1	1/8	1/8	1		1	55	226
44	0.5	14	14	1/2	1/2	3/4	2	1	1/8	1/8	1		5	59	226
44	0.5	14	14	1/2	1/2	3/4	2	1	1/8	1/8	1		2	62	226
44	0.5	14	14	1/2	1/2	3/4	1	2	1/8	1/8	1		1	67	220
44	0.5	14	14	1/2	1/2	3/4	1	2	1/8	1/8	1		5	71	220
44	0.5	14	14	1/2	1/2	3/4	1	2	1/8	1/8	1		2	74	220
44	0.5	14	14	1/2	1/2	3/4	1	2	1/8	1/8	1		1	79	220
89/2	0.5	14	14	5/8	5/8	3/4	2	1	1/8	1/8	1		-2	58	227
89/2	0.5	14	14	5/8	5/8	3/4	2	1	1/8	1/8	1		-5	61	227
89/2	0.5	14	14	5/8	5/8	3/4	2	1	1/8	1/8	1		-1	65	227
89/2	0.5	14	14	5/8	5/8	3/4	1	2	1/8	1/8	1		-2	70	221
89/2	0.5	14	14	5/8	5/8	3/4	1	2	1/8	1/8	1		-5	73	221
89/2	0.5	14	14	5/8	5/8	3/4	1	2	1/8	1/8	1		-1	77	221
89/2	0.5	14	14	5/8	5/8	3/4	1	2	1/8	1/8	1		-2	82	221
45	1.0	15	15	0	0	3/4	2	1	1/4	1/4	1		1	43	237
45	1.0	15	15	0	0	3/4	1	2	1/4	1/4	1		1	55	232
45	1.0	15	15	0	0	3/4	1	2	1/4	1/4	1		1	67	232
91/2	1.0	15	15	1/8	1/8	3/4	2	2	1/4	1/4	1		0	36	242
91/2	1.0	15	15	1/8	1/8	3/4	2	2	1/4	1/4	1		0	48	242
91/2	1.0	15	15	1/8	1/8	3/4	1	1	1/4	1/4	1		4	76	229
91/2	1.0	15	15	1/8	1/8	3/4	1	1	1/4	1/4	1		0	84	229
91/2	1.0	15	15	1/8	1/8	3/4	1	1	1/4	1/4	1		4	88	229
46	0.75	15	15	1/4	1/4	3/4	2	1	3/16	1/8	3/2		4	40	238
46	0.75	15	15	1/4	1/4	3/4	1	2	3/16	1/8	3/2		4	52	233
46	0.75	15	15	1/4	1/4	3/4	1	2	3/16	1/8	3/2		4	64	233
93/2	1.0	15	15	3/8	3/8	3/4	2	2	1/4	1/4	1		3	33	243
93/2	1.0	15	15	3/8	3/8	3/4	2	2	1/4	1/4	1		3	45	243
93/2	1.0	15	15	3/8	3/8	3/4	1	1	1/4	1/4	1		7	73	230
93/2	1.0	15	15	3/8	3/8	3/4	1	1	1/4	1/4	1		3	81	230
93/2	1.0	15	15	3/8	3/8	3/4	1	1	1/4	1/4	1		7	85	230
187/4	0.25	15	15	7/16	7/16	3/4	2	1	1/16	1/16	1		-1	41	239
187/4	0.25	15	15	7/16	7/16	3/4	1	2	1/16	1/16	1		-1	53	234
187/4	0.25	15	15	7/16	7/16	3/4	1	2	1/16	1/16	1		-1	65	234
47	0.75	15	15	1/2	1/2	3/4	2	1	3/16	1/8	3/2		6	42	240
47	0.75	15	15	1/2	1/2	3/4	1	2	3/16	1/8	3/2		6	54	235
47	0.75	15	15	1/2	1/2	3/4	1	2	3/16	1/8	3/2		6	66	235
95/2	0.5	15	15	5/8	5/8	3/4	2	2	1/8	1/8	1		5	35	244
95/2	0.5	15	15	5/8	5/8	3/4	2	2	1/8	1/8	1		5	47	244
95/2	0.5	15	15	5/8	5/8	3/4	1	1	1/8	1/8	1		9	75	231
95/2	0.5	15	15	5/8	5/8	3/4	1	1	1/8	1/8	1		5	83	231
95/2	0.5	15	15	5/8	5/8	3/4	1	1	1/8	1/8	1		9	87	231
191/4	0.25	15	15	11/16	11/16	3/4	2	1	1/16	1/16	1		5	47	241
191/4	0.25	15	15	11/16	11/16	3/4	1	2	1/16	1/16	1		5	59	236
191/4	0.25	15	15	11/16	11/16	3/4	1	2	1/16	1/16	1		5	71	236
48	0.75	16	16	0	0	3/4	2	1	3/16	1/8	3/2		1	43	257
48	0.75	16	16	0	0	3/4	1	2	3/16	1/8	3/2		1	55	248
48	0.75	16	16	0	0	3/4	1	2	3/16	1/8	3/2		1	67	248
97/2	0.5	16	16	1/8	1/8	3/4	2	2	1/8	1/8	1		0	36	263
97/2	0.5	16	16	1/8	1/8	3/4	1	1	1/8	1/8	1		4	76	245
97/2	0.5	16	16	1/8	1/8	3/4	1	1	1/8	1/8	1		0	84	245
97/2	0.5	16	16	1/8	1/8	3/4	1	1	1/8	1/8	1		4	88	245
195/4	0.25	16	16	3/16	3/16	3/4	2	1	1/16	1/16	1		0	48	258
195/4	0.25	16	16	3/16	3/16	3/4	1	2	1/16	1/16	1		0	60	249
195/4	0.25	16	16	3/16	3/16	3/4	1	2	1/16	1/16	1		0	72	249
49	2.0	16	16	1/4	1/4	3/4	2	2	1/2	1/2	1		-1	41	264
49	1.5	16	16	1/4	1/4	3/4	2	1	3/8	1/4	3/2		0	48	259
49	1.5	16	16	1/4	1/4	3/4	2	1	3/8	1/4	3/2		2	50	259
49	1.5	16	16	1/4	1/4	3/4	1	2	3/8	1/4	3/2		0	60	250
49	1.5	16	16	1/4	1/4	3/4	1	2	3/8	1/4	3/2		2	62	250
49	1.5	16	16	1/4	1/4	3/4	1	2	3/8	1/4	3/2		0	72	250
49	1.5	16	16	1/4	1/4	3/4	1	2	3/8	1/4	3/2		2	74	250
99/2	1.0	16	16	3/8	3/8	3/4	1	3	1/4	1/4	1		1	67	254
99/2	1.0	16	16	3/8	3/8	3/4	1	3	1/4	1/4	1		3	69	254
99/2	1.5	16	16	3/8	3/8	3/4	1	1	3/8	1/4	3/2		1	79	246
99/2	1.5	16	16	3/8	3/8	3/4	1	1	3/8	1/4	3/2		3	81	246
99/2	1.5	16	16	3/8	3/8	3/4	1	1	3/8	1/4	3/2		3	93	246
101/2	0.5	16	16	5/8	5/8	3/4	2	1	1/8	1/8	1		4	52	260
101/2	0.5	16	16	5/8	5/8	3/4	1	2	1/8	1/8	1		4	64	251
101/2	0.5	16	16	5/8	5/8	3/4	1	2	1/8	1/8	1		4	76	251
51	1.0	16	16	3/4	3/4	3/4	2	2	1/4	1/4	1		4	40	265
51	0.75	16	16	3/4	3/4	3/4	2	1	3/16	1/8	3/2		1	43	261
51	1.0	16	16	3/4	3/4	3/4	2	2	1/4	1/4	1		3	45	265
51	0.75	16	16	3/4	3/4	3/4	1	2	3/16	1/8	3/2		1	55	252
51	0.5	16	16	3/4	3/4	3/4	1	3	1/8	1/8	1		3	57	255
51	0.75	16	16	3/4	3/4	3/4	1	2	3/16	1/8	3/2		1	67	252
103/2	0.5	16	16	7/8	7/8	3/4	1	3	1/8	1/8	1		0	60	256
103/2	0.5	16	16	7/8	7/8	3/4	1	3	1/8	1/8	1		2	62	256
103/2	0.5	16	16	7/8	7/8	3/4	1	1	1/8	1/8	1		0	72	247
103/2	0.5	16	16	7/8	7/8	3/4	1	1	1/8	1/8	1		0	84	247
207/4	0.25	16	16	15/16	15/16	3/4	2	1	1/16	1/16	1		0	48	262
207/4	0.25	16	16	15/16	15/16	3/4	1	2	1/16	1/16	1		0	60	253
207/4	0.25	16	16	15/16	15/16	3/4	1	2	1/16	1/16	1		0	72	253
52	1.0	17	17	0	0	3/4	2	2	1/4	1/4	1		-1	41	280
52	0.75	17	17	0	0	3/4	2	1	3/16	1/8	3/2		0	48	276
52	0.75	17	17	0	0	3/4	2	1	3/16	1/8	3/2		2	50	276
52	0.75	17	17	0	0	3/4	1	4	3/16	1/8	3/2		-2	58	274
52	0.5	17	17	0	0	3/4	1	3	1/8	1/8	1		0	60	270
52	0.5	17	17	0	0	3/4	1	3	1/8	1/8	1		2	62	270
52	0.5	17	17	0	0	3/4	1	3	1/8	1/8	1		0	72	270
52	0.5	17	17	0	0	3/4	1	3	1/8	1/8	1		2	74	270
105/2	0.5	17	17	1/8	1/8	3/4	1	3	1/8	1/8	1		2	62	271
105/2	1.0	17	17	1/8	1/8	3/4	1	2	1/4	1/4	1		1	67	268
105/2	1.0	17	17	1/8	1/8	3/4	1	2	1/4	1/4	1		3	69	268
105/2	1.0	17	17	1/8	1/8	3/4	1	2	1/4	1/4	1		7	73	268
105/2	1.0	17	17	1/8	1/8	3/4	1	1	1/4	1/4	1		1	79	266
105/2	1.0	17	17	1/8	1/8	3/4	1	1	1/4	1/4	1		3	81	266
105/2	1.0	17	17	1/8	1/8	3/4	1	1	1/4	1/4	1		3	93	266
211/4	0.25	17	17	3/16	3/16	3/4	2	1	1/16	1/16	1		4	52	277
211/4	0.25	17	17	3/16	3/16	3/4	1	4	1/16	1/16	1		4	64	275
211/4	0.25	17	17	3/16	3/16	3/4	1	4	1/16	1/16	1		4	76	275
53	1.0	17	17	1/4	1/4	3/4	2	2	1/4	1/4	1		4	40	281
53	1.0	17	17	1/4	1/4	3/4	2	1	1/4	1/4	1		1	43	278
53	1.0	17	17	1/4	1/4	3/4	2	1	1/4	1/4	1		3	45	278
53	1.0	17	17	1/4	1/4	3/4	1	3	1/4	1/4	1		1	55	272
53	1.0	17	17	1/4	1/4	3/4	1	3	1/4	1/4	1		3	57	272
53	1.0	17	17	1/4	1/4	3/4	1	3	1/4	1/4	1		1	67	272
107/2	1.0	17	17	3/8	3/8	3/4	1	2	1/4	1/4	1		0	60	269
107/2	1.0	17	17	3/8	3/8	3/4	1	2	1/4	1/4	1		2	62	269
107/2	1.0	17	17	3/8	3/8	3/4	1	1	1/4	1/4	1		0	72	267
107/2	1.0	17	17	3/8	3/8	3/4	1	1	1/4	1/4	1		2	74	267
107/2	1.0	17	17	3/8	3/8	3/4	1	1	1/4	1/4	1		0	84	267
54	1.0	17	17	1/2	1/2	3/4	2	1	1/4	1/4	1	1	0	48	279
54	1.0	17	17	1/2	1/2	3/4	1	3	1/4	1/4	1	1	0	60	273
54	1.0	17	17	1/2	1/2	3/4	1	3	1/4	1/4	1	1	0	72	273
55	1.5	18	18	0	0	3/4	2	1	3/8	1/4	3/2	-1	0	48	287
55	1.5	18	18	0	0	3/4	1	3	3/8	1/4	3/2	-1	0	60	284
55	1.5	18	18	0	0	3/4	1	3	3/8	1/4	3/2	-1	0	72	284
111/2	0.5	18	18	1/8	1/8	3/4	2	2	1/8	1/8	1	1	-4	32	290
111/2	0.5	18	18	1/8	1/8	3/4	2	2	1/8	1/8	1	1	-3	39	290
111/2	0.5	18	18	1/8	1/8	3/4	2	2	1/8	1/8	1	1	-4	44	290
111/2	0.5	18	18	1/8	1/8	3/4	1	1	1/8	1/8	1	1	-4	80	282
111/2	0.5	18	18	1/8	1/8	3/4	1	1	1/8	1/8	1	1	0	84	282
111/2	0.5	18	18	1/8	1/8	3/4	1	1	1/8	1/8	1	1	-3	87	282
111/2	0.5	18	18	1/8	1/8	3/4	1	1	1/8	1/8	1	1	-4	92	282
56	2.0	18	18	1/4	1/4	3/4	2	2	1/2	1/2	1	-1	-4	32	291
56	2.0	18	18	1/4	1/4	3/4	2	2	1/2	1/2	1	-1	-3	39	291
56	2.0	18	18	1/4	1/4	3/4	2	2	1/2	1/2	1	-1	-4	44	291
56	2.0	18	18	1/4	1/4	3/4	1	1	1/2	1/2	1	-1	-4	80	283
56	2.0	18	18	1/4	1/4	3/4	1	1	1/2	1/2	1	-1	0	84	283
56	2.0	18	18	1/4	1/4	3/4	1	1	1/2	1/2	1	-1	-3	87	283
56	2.0	18	18	1/4	1/4	3/4	1	1	1/2	1/2	1	-1	-4	92	283
113/2	1.0	18	18	3/8	3/8	3/4	2	1	1/4	1/4	1		2	50	288
113/2	1.0	18	18	3/8	3/8	3/4	1	3	1/4	1/4	1		2	62	285
113/2	1.0	18	18	3/8	3/8	3/4	1	3	1/4	1/4	1		2	74	285
115/2	0.5	18	18	5/8	5/8	3/4	2	1	1/8	1/8	1		-1	53	289
115/2	0.5	18	18	5/8	5/8	3/4	1	3	1/8	1/8	1		-1	65	286
115/2	0.5	18	18	5/8	5/8	3/4	1	3	1/8	1/8	1		-1	77	286
58	1.5	19	19	0	0	3/4	2	1	3/8	1/4	3/2		0	48	297
58	1.5	19	19	0	0	3/4	1	2	3/8	1/4	3/2		0	60	294
58	1.5	19	19	0	0	3/4	1	2	3/8	1/4	3/2		0	72	294
117/2	0.5	19	19	1/8	1/8	3/4	2	2	1/8	1/8	1	1	1	31	300
117/2	0.5	19	19	1/8	1/8	3/4	2	2	1/8	1/8	1	1	2	38	300
117/2	0.5	19	19	1/8	1/8	3/4	2	2	1/8	1/8	1	1	1	43	300
117/2	0.5	19	19	1/8	1/8	3/4	1	1	1/8	1/8	1	1	1	79	292
117/2	0.5	19	19	1/8	1/8	3/4	1	1	1/8	1/8	1	1	-2	82	292
117/2	0.5	19	19	1/8	1/8	3/4	1	1	1/8	1/8	1	1	2	86	292
117/2	0.5	19	19	1/8	1/8	3/4	1	1	1/8	1/8	1	1	1	91	292
59	2.0	19	19	1/4	1/4	3/4	2	2	1/2	1/2	1	-1	1	31	301
59	2.0	19	19	1/4	1/4	3/4	2	2	1/2	1/2	1	-1	2	38	301
59	2.0	19	19	1/4	1/4	3/4	2	2	1/2	1/2	1	-1	1	43	301
59	2.0	19	19	1/4	1/4	3/4	1	1	1/2	1/2	1	-1	1	79	293
59	2.0	19	19	1/4	1/4	3/4	1	1	1/2	1/2	1	-1	-2	82	293
59	2.0	19	19	1/4	1/4	3/4	1	1	1/2	1/2	1	-1	2	86	293
59	2.0	19	19	1/4	1/4	3/4	1	1	1/2	1/2	1	-1	1	91	293
119/2	1.0	19	19	3/8	3/8	3/4	2	1	1/4	1/4	1		2	50	298
119/2	1.0	19	19	3/8	3/8	3/4	1	2	1/4	1/4	1		2	62	295
119/2	1.0	19	19	3/8	3/8	3/4	1	2	1/4	1/4	1		2	74	295
121/2	0.5	19	19	5/8	5/8	3/4	2	1	1/8	1/8	1		-1	53	299
121/2	0.5	19	19	5/8	5/8	3/4	1	2	1/8	1/8	1		-1	65	296
121/2	0.5	19	19	5/8	5/8	3/4	1	2	1/8	1/8	1		-1	77	296
61	3.0	20	20	0	0	3/4	2	1	3/4	1/2	3/2		0	48	305
61	3.0	20	20	0	0	3/4	1	2	3/4	1/2	3/2		0	60	304
61	3.0	20	20	0	0	3/4	1	2	3/4	1/2	3/2		0	72	304
123/2	0.5	20	20	1/8	1/8	3/4	2	2	1/8	1/8	1	1	-1	29	306
123/2	0.5	20	20	1/8	1/8	3/4	2	2	1/8	1/8	1	1	0	36	306
123/2	0.5	20	20	1/8	1/8	3/4	2	2	1/8	1/8	1	1	-1	41	306
123/2	0.5	20	20	1/8	1/8	3/4	1	1	1/8	1/8	1	1	-1	77	302
123/2	0.5	20	20	1/8	1/8	3/4	1	1	1/8	1/8	1	1	3	81	302
123/2	0.5	20	20	1/8	1/8	3/4	1	1	1/8	1/8	1	1	0	84	302
123/2	0.5	20	20	1/8	1/8	3/4	1	1	1/8	1/8	1	1	-1	89	302
62	2.0	20	20	1/4	1/4	3/4	2	2	1/2	1/2	1	-1	-1	29	307
62	2.0	20	20	1/4	1/4	3/4	2	2	1/2	1/2	1	-1	0	36	307
62	2.0	20	20	1/4	1/4	3/4	2	2	1/2	1/2	1	-1	-1	41	307
62	2.0	20	20	1/4	1/4	3/4	1	1	1/2	1/2	1	-1	-1	77	303
62	2.0	20	20	1/4	1/4	3/4	1	1	1/2	1/2	1	-1	3	81	303
62	2.0	20	20	1/4	1/4	3/4	1	1	1/2	1/2	1	-1	0	84	303
62	2.0	20	20	1/4	1/4	3/4	1	1	1/2	1/2	1	-1	-1	89	303
64	1.0	21	21	0	0	3/4	2	1	1/4	1/4	1		2	50	311
64	1.0	21	21	0	0	3/4	1	1	1/4	1/4	1		2	62	308
129/2	1.0	21	21	1/8	1/8	3/4	2	2	1/4	1/4	1		-2	46	314
129/2	1.0	21	21	1/8	1/8	3/4	2	2	1/4	1/4	1		-1	53	314
129/2	1.0	21	21	1/8	1/8	3/4	2	2	1/4	1/4	1		-2	58	314
65	1.0	21	21	1/4	1/4	3/4	2	1	1/4	1/4	1		-1	53	312
65	1.0	21	21	1/4	1/4	3/4	1	1	1/4	1/4	1		-1	65	309
131/2	1.0	21	21	3/8	3/8	3/4	2	2	1/4	1/4	1		-5	49	315
131/2	1.0	21	21	3/8	3/8	3/4	2	2	1/4	1/4	1		-4	56	315
131/2	1.0	21	21	3/8	3/8	3/4	2	2	1/4	1/4	1		-5	61	315
66	1.0	21	21	1/2	1/2	3/4	2	1	1/4	1/4	1		0	48	313
66	1.0	21	21	1/2	1/2	3/4	1	1	1/4	1/4	1		0	60	310
133/2	0.5	21	21	5/8	5/8	3/4	2	2	1/8	1/8	1		-4	44	316
133/2	0.5	21	21	5/8	5/8	3/4	2	2	1/8	1/8	1		-3	51	316
133/2	0.5	21	21	5/8	5/8	3/4	2	2	1/8	1/8	1		-4	56	316
67	2.0	22	22	0	0	3/4	2	1	1/2	1/2	1		-3	51	319
67	2.0	22	22	0	0	3/4	1	1	1/2	1/2	1		-3	63	317
135/2	1.5	22	22	1/8	1/8	3/4	2	2	3/8	1/4	3/2		-7	47	321
135/2	1.5	22	22	1/8	1/8	3/4	2	2	3/8	1/4	3/2		-6	54	321
135/2	1.5	22	22	1/8	1/8	3/4	2	2	3/8	1/4	3/2		-7	59	321
69	1.0	22	22	1/2	1/2	3/4	2	1	1/4	1/4	1		1	55	320
69	1.0	22	22	1/2	1/2	3/4	1	1	1/4	1/4	1		1	67	318
139/2	0.5	22	22	5/8	5/8	3/4	2	2	1/8	1/8	1		-3	51	322
139/2	0.5	22	22	5/8	5/8	3/4	2	2	1/8	1/8	1		-2	58	322
139/2	0.5	22	22	5/8	5/8	3/4	2	2	1/8	1/8	1		-3	63	322
70	1.0	23	23	0	0	3/4	2	1	1/4	1/4	1		2	50	329
70	1.0	23	23	0	0	3/4	1	1	1/4	1/4	1		2	62	323
70	1.0	23	23	0	0	3/4	1	1	1/4	1/4	1		2	74	323
141/2	1.0	23	23	1/8	1/8	3/4	2	2	1/4	1/4	1		-2	46	332
141/2	1.0	23	23	1/8	1/8	3/4	2	2	1/4	1/4	1		-1	53	332
141/2	1.0	23	23	1/8	1/8	3/4	2	2	1/4	1/4	1		-2	58	332
141/2	1.0	23	23	1/8	1/8	3/4	1	2	1/4	1/4	1		-1	65	326
141/2	1.0	23	23	1/8	1/8	3/4	1	2	1/4	1/4	1		-2	70	326
71	1.0	23	23	1/4	1/4	3/4	2	1	1/4	1/4	1		-1	53	330
71	1.0	23	23	1/4	1/4	3/4	1	1	1/4	1/4	1		-1	65	324
71	1.0	23	23	1/4	1/4	3/4	1	1	1/4	1/4	1		-1	77	324
143/2	1.0	23	23	3/8	3/8	3/4	2	2	1/4	1/4	1		-5	49	333
143/2	1.0	23	23	3/8	3/8	3/4	2	2	1/4	1/4	1		-4	56	333
143/2	1.0	23	23	3/8	3/8	3/4	2	2	1/4	1/4	1		-5	61	333
143/2	1.0	23	23	3/8	3/8	3/4	1	2	1/4	1/4	1		-4	68	327
143/2	1.0	23	23	3/8	3/8	3/4	1	2	1/4	1/4	1		-5	73	327
72	1.0	23	23	1/2	1/2	3/4	2	1	1/4	1/4	1		3	57	331
72	1.0	23	23	1/2	1/2	3/4	1	1	1/4	1/4	1		3	69	325
72	1.0	23	23	1/2	1/2	3/4	1	1	1/4	1/4	1		3	81	325
145/2	0.5	23	23	5/8	5/8	3/4	2	2	1/8	1/8	1		-1	53	334
145/2	0.5	23	23	5/8	5/8	3/4	2	2	1/8	1/8	1		0	60	334
145/2	0.5	23	23	5/8	5/8	3/4	2	2	1/8	1/8	1		-1	65	334
145/2	0.5	23	23	5/8	5/8	3/4	1	2	1/8	1/8	1		0	72	328
145/2	0.5	23	23	5/8	5/8	3/4	1	2	1/8	1/8	1		-1	77	328
73	1.0	24	24	0	0	3/4	2	1	1/4	1/4	1		7	61	341
73	1.0	24	24	0	0	3/4	1	1	1/4	1/4	1		7	73	335
73	1.0	24	24	0	0	3/4	1	1	1/4	1/4	1		7	85	335
147/2	1.0	24	24	1/8	1/8	3/4	2	2	1/4	1/4	1		3	57	344
147/2	1.0	24	24	1/8	1/8	3/4	2	2	1/4	1/4	1		4	64	344
147/2	1.0	24	24	1/8	1/8	3/4	2	2	1/4	1/4	1		3	69	344
147/2	1.0	24	24	1/8	1/8	3/4	1	2	1/4	1/4	1		4	76	338
147/2	1.0	24	24	1/8	1/8	3/4	1	2	1/4	1/4	1		3	81	338
74	1.0	24	24	1/4	1/4	3/4	2	1	1/4	1/4	1		4	64	342
74	1.0	24	24	1/4	1/4	3/4	1	1	1/4	1/4	1		4	76	336
74	1.0	24	24	1/4	1/4	3/4	1	1	1/4	1/4	1		4	88	336
149/2	1.0	24	24	3/8	3/8	3/4	2	2	1/4	1/4	1		0	60	345
149/2	1.0	24	24	3/8	3/8	3/4	2	2	1/4	1/4	1		1	67	345
149/2	1.0	24	24	3/8	3/8	3/4	2	2	1/4	1/4	1		0	72	345
149/2	1.0	24	24	3/8	3/8	3/4	1	2	1/4	1/4	1		1	79	339
149/2	1.0	24	24	3/8	3/8	3/4	1	2	1/4	1/4	1		0	84	339
75	1.0	24	24	1/2	1/2	3/4	2	1	1/4	1/4	1		8	68	343
75	1.0	24	24	1/2	1/2	3/4	1	1	1/4	1/4	1		8	80	337
75	1.0	24	24	1/2	1/2	3/4	1	1	1/4	1/4	1		8	92	337
151/2	0.5	24	24	5/8	5/8	3/4	2	2	1/8	1/8	1		4	64	346
151/2	0.5	24	24	5/8	5/8	3/4	2	2	1/8	1/8	1		5	71	346
151/2	0.5	24	24	5/8	5/8	3/4	2	2	1/8	1/8	1		4	76	346
151/2	0.5	24	24	5/8	5/8	3/4	1	2	1/8	1/8	1		5	83	340
151/2	0.5	24	24	5/8	5/8	3/4	1	2	1/8	1/8	1		4	88	340
76	1.0	25	25	0	0	3/4	2	2	1/4	1/4	1		-2	22	352
76	1.0	25	25	0	0	3/4	2	2	1/4	1/4	1		-2	34	352
153/2	0.5	25	25	1/8	1/8	3/4	2	4	1/8	1/8	1		-1	53	354
153/2	0.5	25	25	1/8	1/8	3/4	2	4	1/8	1/8	1		-2	58	354
153/2	0.5	25	25	1/8	1/8	3/4	2	4	1/8	1/8	1		2	62	354
153/2	0.5	25	25	1/8	1/8	3/4	1	2	1/8	1/8	1		-1	65	348
153/2	0.5	25	25	1/8	1/8	3/4	1	2	1/8	1/8	1		-2	70	348
153/2	0.5	25	25	1/8	1/8	3/4	1	2	1/8	1/8	1		2	74	348
153/2	0.5	25	25	1/8	1/8	3/4	1	2	1/8	1/8	1		-1	77	348
77	0.75	25	25	1/4	1/4	3/4	2	4	3/16	1/8	3/2		1	55	355
77	0.75	25	25	1/4	1/4	3/4	2	4	3/16	1/8	3/2		5	59	355
77	0.75	25	25	1/4	1/4	3/4	2	4	3/16	1/8	3/2		-3	63	355
77	0.75	25	25	1/4	1/4	3/4	1	2	3/16	1/8	3/2		1	67	349
77	0.75	25	25	1/4	1/4	3/4	1	2	3/16	1/8	3/2		5	71	349
77	0.75	25	25	1/4	1/4	3/4	1	2	3/16	1/8	3/2		-3	75	349
77	0.75	25	25	1/4	1/4	3/4	1	2	3/16	1/8	3/2		1	79	349
311/4	0.25	25	25	7/16	7/16	3/4	2	4	1/16	1/16	1		-4	56	356
311/4	0.25	25	25	7/16	7/16	3/4	2	4	1/16	1/16	1		0	60	356
311/4	0.25	25	25	7/16	7/16	3/4	2	4	1/16	1/16	1		4	64	356
311/4	0.25	25	25	7/16	7/16	3/4	1	2	1/16	1/16	1		-4	68	350
311/4	0.25	25	25	7/16	7/16	3/4	1	2	1/16	1/16	1		0	72	350
311/4	0.25	25	25	7/16	7/16	3/4	1	2	1/16	1/16	1		4	76	350
311/4	0.25	25	25	7/16	7/16	3/4	1	2	1/16	1/16	1		-4	80	350
78	1.0	25	25	1/2	1/2	3/4	2	4	1/4	1/4	1		3	57	357
78	1.0	25	25	1/2	1/2	3/4	2	4	1/4	1/4	1		7	61	357
78	1.0	25	25	1/2	1/2	3/4	2	4	1/4	1/4	1		-1	65	357
78	1.0	25	25	1/2	1/2	3/4	1	2	1/4	1/4	1		3	69	351
78	1.0	25	25	1/2	1/2	3/4	1	2	1/4	1/4	1		7	73	351
78	1.0	25	25	1/2	1/2	3/4	1	2	1/4	1/4	1		-1	77	351
78	1.0	25	25	1/2	1/2	3/4	1	2	1/4	1/4	1		3	81	351
157/2	0.5	25	25	5/8	5/8	3/4	2	2	1/8	1/8	1		-1	29	353
157/2	0.5	25	25	5/8	5/8	3/4	2	2	1/8	1/8	1		-1	41	353
157/2	0.5	25	25	5/8	5/8	3/4	1	1	1/8	1/8	1		-1	77	347
157/2	0.5	25	25	5/8	5/8	3/4	1	1	1/8	1/8	1		3	81	347
157/2	0.5	25	25	5/8	5/8	3/4	1	1	1/8	1/8	1		7	85	347
157/2	0.5	25	25	5/8	5/8	3/4	1	1	1/8	1/8	1		-1	89	347
79	1.0	26	26	0	0	3/4	2	2	1/4	1/4	1		-2	34	363
79	1.0	26	26	0	0	3/4	2	2	1/4	1/4	1		-2	46	363
159/2	0.5	26	26	1/8	1/8	3/4	2	4	1/8	1/8	1		-1	53	365
159/2	0.5	26	26	1/8	1/8	3/4	2	4	1/8	1/8	1		-2	58	365
159/2	0.5	26	26	1/8	1/8	3/4	2	4	1/8	1/8	1		2	62	365
159/2	0.5	26	26	1/8	1/8	3/4	1	2	1/8	1/8	1		-1	65	359
159/2	0.5	26	26	1/8	1/8	3/4	1	2	1/8	1/8	1		-2	70	359
159/2	0.5	26	26	1/8	1/8	3/4	1	2	1/8	1/8	1		2	74	359
159/2	0.5	26	26	1/8	1/8	3/4	1	2	1/8	1/8	1		-1	77	359
80	0.75	26	26	1/4	1/4	3/4	2	4	3/16	1/8	3/2		1	55	366
80	0.75	26	26	1/4	1/4	3/4	2	4	3/16	1/8	3/2		5	59	366
80	0.75	26	26	1/4	1/4	3/4	2	4	3/16	1/8	3/2		-3	63	366
80	0.75	26	26	1/4	1/4	3/4	1	2	3/16	1/8	3/2		1	67	360
80	0.75	26	26	1/4	1/4	3/4	1	2	3/16	1/8	3/2		5	71	360
80	0.75	26	26	1/4	1/4	3/4	1	2	3/16	1/8	3/2		-3	75	360
80	0.75	26	26	1/4	1/4	3/4	1	2	3/16	1/8	3/2		1	79	360
323/4	0.25	26	26	7/16	7/16	3/4	2	4	1/16	1/16	1		-4	56	367
323/4	0.25	26	26	7/16	7/16	3/4	2	4	1/16	1/16	1		0	60	367
323/4	0.25	26	26	7/16	7/16	3/4	2	4	1/16	1/16	1		4	64	367
323/4	0.25	26	26	7/16	7/16	3/4	1	2	1/16	1/16	1		-4	68	361
323/4	0.25	26	26	7/16	7/16	3/4	1	2	1/16	1/16	1		0	72	361
323/4	0.25	26	26	7/16	7/16	3/4	1	2	1/16	1/16	1		4	76	361
323/4	0.25	26	26	7/16	7/16	3/4	1	2	1/16	1/16	1		-4	80	361
81	1.0	26	26	1/2	1/2	3/4	2	4	1/4	1/4	1		3	57	368
81	1.0	26	26	1/2	1/2	3/4	2	4	1/4	1/4	1		7	61	368
81	1.0	26	26	1/2	1/2	3/4	2	4	1/4	1/4	1		-1	65	368
81	1.0	26	26	1/2	1/2	3/4	1	2	1/4	1/4	1		3	69	362
81	1.0	26	26	1/2	1/2	3/4	1	2	1/4	1/4	1		7	73	362
81	1.0	26	26	1/2	1/2	3/4	1	2	1/4	1/4	1		-1	77	362
81	1.0	26	26	1/2	1/2	3/4	1	2	1/4	1/4	1		3	81	362
163/2	0.5	26	26	5/8	5/8	3/4	2	2	1/8	1/8	1		-1	29	364
163/2	0.5	26	26	5/8	5/8	3/4	2	2	1/8	1/8	1		-1	41	364
163/2	0.5	26	26	5/8	5/8	3/4	1	1	1/8	1/8	1		-1	77	358
163/2	0.5	26	26	5/8	5/8	3/4	1	1	1/8	1/8	1		3	81	358
163/2	0.5	26	26	5/8	5/8	3/4	1	1	1/8	1/8	1		7	85	358
163/2	0.5	26	26	5/8	5/8	3/4	1	1	1/8	1/8	1		-1	89	358
82	2.0	27	27	0	0	3/4	2	2	1/2	1/2	1		-2	34	374
82	2.0	27	27	0	0	3/4	2	2	1/2	1/2	1		-2	46	374
165/2	0.5	27	27	1/8	1/8	3/4	2	1	1/8	1/8	1	1	1	55	372
165/2	0.5	27	27	1/8	1/8	3/4	2	1	1/8	1/8	1	1	7	61	372
165/2	0.5	27	27	1/8	1/8	3/4	2	1	1/8	1/8	1	1	-1	65	372
165/2	0.5	27	27	1/8	1/8	3/4	1	2	1/8	1/8	1	1	1	67	370
165/2	0.5	27	27	1/8	1/8	3/4	1	2	1/8	1/8	1	1	3	69	370
165/2	0.5	27	27	1/8	1/8	3/4	1	2	1/8	1/8	1	1	3	81	370
83	2.0	27	27	1/4	1/4	3/4	2	1	1/2	1/2	1	-1	1	55	373
83	2.0	27	27	1/4	1/4	3/4	2	1	1/2	1/2	1	-1	7	61	373
83	2.0	27	27	1/4	1/4	3/4	2	1	1/2	1/2	1	-1	-1	65	373
83	2.0	27	27	1/4	1/4	3/4	1	2	1/2	1/2	1	-1	1	67	371
83	2.0	27	27	1/4	1/4	3/4	1	2	1/2	1/2	1	-1	3	69	371
83	2.0	27	27	1/4	1/4	3/4	1	2	1/2	1/2	1	-1	3	81	371
84	1.0	27	27	1/2	1/2	3/4	2	2	1/4	1/4	1		-1	29	375
84	1.0	27	27	1/2	1/2	3/4	2	2	1/4	1/4	1		-1	41	375
84	1.0	27	27	1/2	1/2	3/4	1	1	1/4	1/4	1		-1	77	369
84	1.0	27	27	1/2	1/2	3/4	1	1	1/4	1/4	1		-1	89	369
85	2.0	28	28	0	0	3/4	2	2	1/2	1/2	1		-2	34	381
85	2.0	28	28	0	0	3/4	2	2	1/2	1/2	1		-2	46	381
171/2	0.5	28	28	1/8	1/8	3/4	2	1	1/8	1/8	1	1	1	55	379
171/2	0.5	28	28	1/8	1/8	3/4	2	1	1/8	1/8	1	1	7	61	379
171/2	0.5	28	28	1/8	1/8	3/4	2	1	1/8	1/8	1	1	-1	65	379
171/2	0.5	28	28	1/8	1/8	3/4	1	2	1/8	1/8	1	1	1	67	377
171/2	0.5	28	28	1/8	1/8	3/4	1	2	1/8	1/8	1	1	3	69	377
171/2	0.5	28	28	1/8	1/8	3/4	1	2	1/8	1/8	1	1	3	81	377
86	2.0	28	28	1/4	1/4	3/4	2	1	1/2	1/2	1	-1	1	55	380
86	2.0	28	28	1/4	1/4	3/4	2	1	1/2	1/2	1	-1	7	61	380
86	2.0	28	28	1/4	1/4	3/4	2	1	1/2	1/2	1	-1	-1	65	380
86	2.0	28	28	1/4	1/4	3/4	1	2	1/2	1/2	1	-1	1	67	378
86	2.0	28	28	1/4	1/4	3/4	1	2	1/2	1/2	1	-1	3	69	378
86	2.0	28	28	1/4	1/4	3/4	1	2	1/2	1/2	1	-1	3	81	378
87	1.0	28	28	1/2	1/2	3/4	2	2	1/4	1/4	1		-1	29	382
87	1.0	28	28	1/2	1/2	3/4	2	2	1/4	1/4	1		-1	41	382
87	1.0	28	28	1/2	1/2	3/4	1	1	1/4	1/4	1		-1	77	376
87	1.0	28	28	1/2	1/2	3/4	1	1	1/4	1/4	1		-1	89	376
88	3.0	29	29	0	0	3/4	2	2	3/4	1/2	3/2		-2	34	384
88	3.0	29	29	0	0	3/4	2	2	3/4	1/2	3/2		-1	41	384
88	3.0	29	29	0	0	3/4	2	2	3/4	1/2	3/2		-2	46	384
88	3.0	29	29	0	0	3/4	1	1	3/4	1/2	3/2		2	50	383
88	3.0	29	29	0	0	3/4	1	1	3/4	1/2	3/2		-1	53	383
88	3.0	29	29	0	0	3/4	1	1	3/4	1/2	3/2		-2	58	383
88	3.0	29	29	0	0	3/4	1	1	3/4	1/2	3/2		2	62	383
91	3.0	30	30	0	0	3/4	2	1	3/4	1/2	3/2	1	-2	34	386
91	3.0	30	30	0	0	3/4	2	1	3/4	1/2	3/2	1	-1	41	386
91	3.0	30	30	0	0	3/4	2	1	3/4	1/2	3/2	1	-2	46	386
91	3.0	30	30	0	0	3/4	1	1	3/4	1/2	3/2	1	2	50	385
91	3.0	30	30	0	0	3/4	1	1	3/4	1/2	3/2	1	-1	53	385
91	3.0	30	30	0	0	3/4	1	1	3/4	1/2	3/2	1	-2	58	385
91	3.0	30	30	0	0	3/4	1	1	3/4	1/2	3/2	1	2	62	385
94	1.0	31	31	0	0	3/4	2	2	1/4	1/4	1		-2	22	389
94	2.0	31	31	0	0	3/4	2	1	1/2	1/2	1	-1	-2	34	388
94	2.0	31	31	0	0	3/4	2	1	1/2	1/2	1	-1	-1	41	388
94	2.0	31	31	0	0	3/4	2	1	1/2	1/2	1	-1	-2	46	388
94	2.0	31	31	0	0	3/4	1	1	1/2	1/2	1	-1	2	50	387
94	2.0	31	31	0	0	3/4	1	1	1/2	1/2	1	-1	-1	53	387
94	2.0	31	31	0	0	3/4	1	1	1/2	1/2	1	-1	-2	58	387
94	2.0	31	31	0	0	3/4	1	1	1/2	1/2	1	-1	2	62	387
