quarterbeats	duration_qb	mc	mn	mc_onset	mn_onset	timesig	staff	voice	duration	tremolo	nominal_duration	scalar	tied	tpc	midi	chord_id
0	1.0	1	1	0	0	3/4	3	1	1/4		1/4	1		-1	29	0
0	1.0	1	1	0	0	3/4	3	1	1/4		1/4	1		-1	41	0
1	1.0	1	1	1/4	1/4	3/4	3	1	1/4		1/4	1		-1	29	1
1	1.0	1	1	1/4	1/4	3/4	3	1	1/4		1/4	1		-1	41	1
2	1.0	1	1	1/2	1/2	3/4	3	1	1/4		1/4	1		1	31	2
2	1.0	1	1	1/2	1/2	3/4	3	1	1/4		1/4	1		1	43	2
3	1.5	2	2	0	0	3/4	3	1	3/8		1/4	3/2		4	28	5
3	1.5	2	2	0	0	3/4	3	1	3/8		1/4	3/2		4	40	5
3	2.0	2	2	0	0	3/4	1	1	1/2		1/2	1		1	67	3
3	2.0	2	2	0	0	3/4	1	1	1/2		1/2	1		-2	70	3
3	2.0	2	2	0	0	3/4	1	1	1/2		1/2	1		2	74	3
3	2.0	2	2	0	0	3/4	1	1	1/2		1/2	1		1	79	3
9/2	0.5	2	2	3/8	3/8	3/4	3	1	1/8		1/8	1		-1	29	6
9/2	0.5	2	2	3/8	3/8	3/4	3	1	1/8		1/8	1		-1	41	6
5	1.0	2	2	1/2	1/2	3/4	3	1	1/4		1/4	1		1	31	7
5	1.0	2	2	1/2	1/2	3/4	3	1	1/4		1/4	1		1	43	7
5	1.0	2	2	1/2	1/2	3/4	1	1	1/4		1/4	1		2	62	4
5	1.0	2	2	1/2	1/2	3/4	1	1	1/4		1/4	1		1	67	4
5	1.0	2	2	1/2	1/2	3/4	1	1	1/4		1/4	1		-2	70	4
5	1.0	2	2	1/2	1/2	3/4	1	1	1/4		1/4	1		2	74	4
6	1.0	3	3	0	0	3/4	3	1	1/4		1/4	1		3	33	11
6	1.0	3	3	0	0	3/4	3	1	1/4		1/4	1		3	45	11
6	1.0	3	3	0	0	3/4	1	1	1/4		1/4	1		0	60	8
6	1.0	3	3	0	0	3/4	1	1	1/4		1/4	1		4	64	8
6	1.0	3	3	0	0	3/4	1	1	1/4		1/4	1		3	69	8
6	1.0	3	3	0	0	3/4	1	1	1/4		1/4	1		0	72	8
7	1.0	3	3	1/4	1/4	3/4	3	1	1/4		1/4	1		3	33	12
7	1.0	3	3	1/4	1/4	3/4	3	1	1/4		1/4	1		3	45	12
7	1.0	3	3	1/4	1/4	3/4	1	1	1/4		1/4	1		3	57	9
7	1.0	3	3	1/4	1/4	3/4	1	1	1/4		1/4	1		7	61	9
7	1.0	3	3	1/4	1/4	3/4	1	1	1/4		1/4	1		-1	65	9
7	1.0	3	3	1/4	1/4	3/4	1	1	1/4		1/4	1		3	69	9
8	1.0	3	3	1/2	1/2	3/4	3	1	1/4		1/4	1		-2	34	13
8	1.0	3	3	1/2	1/2	3/4	3	1	1/4		1/4	1		-2	46	13
8	1.0	3	3	1/2	1/2	3/4	1	1	1/4		1/4	1		1	55	10
8	1.0	3	3	1/2	1/2	3/4	1	1	1/4		1/4	1		2	62	10
8	1.0	3	3	1/2	1/2	3/4	1	1	1/4		1/4	1		-1	65	10
8	1.0	3	3	1/2	1/2	3/4	1	1	1/4		1/4	1		1	67	10
9	1.5	4	4	0	0	3/4	3	1	3/8		1/4	3/2		3	33	18
9	1.5	4	4	0	0	3/4	3	1	3/8		1/4	3/2		3	45	18
9	1.0	4	4	0	0	3/4	1	1	1/4		1/4	1		4	52	14
9	1.0	4	4	0	0	3/4	1	1	1/4		1/4	1		-2	58	14
9	1.0	4	4	0	0	3/4	1	1	1/4		1/4	1		0	60	14
10	0.75	4	4	1/4	1/4	3/4	1	1	3/16		1/8	3/2		-2	58	15
10	0.75	4	4	1/4	1/4	3/4	1	1	3/16		1/8	3/2		0	60	15
10	0.75	4	4	1/4	1/4	3/4	1	1	3/16		1/8	3/2		2	62	15
21/2	0.5	4	4	3/8	3/8	3/4	3	1	1/8		1/8	1		1	31	19
21/2	0.5	4	4	3/8	3/8	3/4	3	1	1/8		1/8	1		1	43	19
43/4	0.25	4	4	7/16	7/16	3/4	1	1	1/16		1/16	1		4	64	16
11	1.0	4	4	1/2	1/2	3/4	3	1	1/4		1/4	1		-1	29	20
11	1.0	4	4	1/2	1/2	3/4	3	1	1/4		1/4	1		-1	41	20
11	1.0	4	4	1/2	1/2	3/4	1	1	1/4		1/4	1		3	57	17
11	1.0	4	4	1/2	1/2	3/4	1	1	1/4		1/4	1		0	60	17
11	1.0	4	4	1/2	1/2	3/4	1	1	1/4		1/4	1		-1	65	17
12	0.5	5	5	0	0	3/4	3	1	1/8		1/8	1		3	33	29
12	0.5	5	5	0	0	3/4	3	1	1/8		1/8	1		3	45	29
25/2	0.5	5	5	1/8	1/8	3/4	3	1	1/8		1/8	1		1	31	30
25/2	0.5	5	5	1/8	1/8	3/4	3	1	1/8		1/8	1		1	43	30
25/2	0.25	5	5	1/8	1/8	3/4	2	1	1/16		1/16	1		4	52	24
25/2	0.5	5	5	1/8	1/8	3/4	1	1	1/8		1/8	1	1	-2	58	21
25/2	0.5	5	5	1/8	1/8	3/4	1	1	1/8		1/8	1	1	2	62	21
51/4	0.25	5	5	3/16	3/16	3/4	2	1	1/16		1/16	1		-1	53	25
13	1.0	5	5	1/4	1/4	3/4	3	1	1/4		1/4	1		-1	29	31
13	1.0	5	5	1/4	1/4	3/4	3	1	1/4		1/4	1		-1	41	31
13	1.5	5	5	1/4	1/4	3/4	2	1	3/8		1/4	3/2		1	55	26
13	1.0	5	5	1/4	1/4	3/4	1	1	1/4		1/4	1	-1	-2	58	22
13	1.0	5	5	1/4	1/4	3/4	1	1	1/4		1/4	1	-1	2	62	22
14	1.0	5	5	1/2	1/2	3/4	3	1	1/4		1/4	1		4	28	32
14	1.0	5	5	1/2	1/2	3/4	3	1	1/4		1/4	1		4	40	32
14	1.0	5	5	1/2	1/2	3/4	1	1	1/4		1/4	1		3	57	23
14	1.0	5	5	1/2	1/2	3/4	1	1	1/4		1/4	1		7	61	23
29/2	0.25	5	5	5/8	5/8	3/4	2	1	1/16		1/16	1		-1	53	27
59/4	0.25	5	5	11/16	11/16	3/4	2	1	1/16		1/16	1		4	52	28
15	2.0	6	6	0	0	3/4	3	1	1/2		1/2	1		-1	29	38
15	2.0	6	6	0	0	3/4	3	1	1/2		1/2	1		-1	41	38
15	1.0	6	6	0	0	3/4	1	1	1/4		1/4	1		2	50	33
15	2.0	6	6	0	0	3/4	2	1	1/2		1/2	1		3	57	36
15	1.0	6	6	0	0	3/4	1	1	1/4		1/4	1		2	62	33
16	1.0	6	6	1/4	1/4	3/4	1	1	1/4		1/4	1		3	57	34
16	1.0	6	6	1/4	1/4	3/4	1	1	1/4		1/4	1		3	69	34
17	1.0	6	6	1/2	1/2	3/4	3	2	1/4		1/4	1	1	1	31	40
17	1.0	6	6	1/2	1/2	3/4	3	2	1/4		1/4	1	1	1	43	40
17	1.0	6	6	1/2	1/2	3/4	3	1	1/4		1/4	1	1	2	50	39
17	1.0	6	6	1/2	1/2	3/4	3	1	1/4		1/4	1	1	-1	53	39
17	1.0	6	6	1/2	1/2	3/4	1	1	1/4		1/4	1		3	57	35
17	1.0	6	6	1/2	1/2	3/4	2	1	1/4		1/4	1	1	-2	58	37
17	1.0	6	6	1/2	1/2	3/4	2	1	1/4		1/4	1	1	2	62	37
17	1.0	6	6	1/2	1/2	3/4	1	1	1/4		1/4	1		3	69	35
18	1.0	7	7	0	0	3/4	3	2	1/4		1/4	1	-1	1	31	48
18	1.0	7	7	0	0	3/4	3	2	1/4		1/4	1	-1	1	43	48
18	1.0	7	7	0	0	3/4	3	1	1/4		1/4	1	-1	2	50	46
18	1.0	7	7	0	0	3/4	3	1	1/4		1/4	1	-1	-1	53	46
18	1.0	7	7	0	0	3/4	2	1	1/4		1/4	1	-1	-2	58	44
18	1.0	7	7	0	0	3/4	1	1	1/4		1/4	1		2	62	41
18	1.0	7	7	0	0	3/4	2	1	1/4		1/4	1	-1	2	62	44
18	1.0	7	7	0	0	3/4	1	1	1/4		1/4	1		2	74	41
19	2.0	7	7	1/4	1/4	3/4	3	2	1/2		1/2	1		3	33	49
19	2.0	7	7	1/4	1/4	3/4	3	2	1/2		1/2	1		3	45	49
19	2.0	7	7	1/4	1/4	3/4	3	1	1/2		1/2	1		-1	53	47
19	2.0	7	7	1/4	1/4	3/4	3	1	1/2		1/2	1		3	57	47
19	2.0	7	7	1/4	1/4	3/4	3	1	1/2		1/2	1		0	60	47
19	1.0	7	7	1/4	1/4	3/4	1	1	1/4		1/4	1		2	62	42
19	2.0	7	7	1/4	1/4	3/4	2	1	1/2		1/2	1		3	69	45
19	1.0	7	7	1/4	1/4	3/4	1	1	1/4		1/4	1		2	74	42
20	1.0	7	7	1/2	1/2	3/4	1	1	1/4		1/4	1	1	3	69	43
20	1.0	7	7	1/2	1/2	3/4	1	1	1/4		1/4	1	1	3	81	43
21	1.0	8	8	0	0	3/4	3	2	1/4		1/4	1	1	5	35	56
21	1.0	8	8	0	0	3/4	3	2	1/4		1/4	1	1	5	47	56
21	1.0	8	8	0	0	3/4	3	1	1/4		1/4	1	1	3	57	54
21	1.0	8	8	0	0	3/4	3	1	1/4		1/4	1	1	2	62	54
21	1.0	8	8	0	0	3/4	3	1	1/4		1/4	1	1	-1	65	54
21	1.0	8	8	0	0	3/4	1	1	1/4		1/4	1	-1	3	69	50
21	2.0	8	8	0	0	3/4	2	1	1/2		1/2	1		2	74	53
21	1.0	8	8	0	0	3/4	1	1	1/4		1/4	1	-1	3	81	50
22	0.5	8	8	1/4	1/4	3/4	3	2	1/8		1/8	1	-1	5	35	57
22	0.5	8	8	1/4	1/4	3/4	3	2	1/8		1/8	1	-1	5	47	57
22	0.5	8	8	1/4	1/4	3/4	3	1	1/8		1/8	1	-1	3	57	55
22	0.5	8	8	1/4	1/4	3/4	3	1	1/8		1/8	1	-1	2	62	55
22	0.5	8	8	1/4	1/4	3/4	3	1	1/8		1/8	1	-1	-1	65	55
22	1.0	8	8	1/4	1/4	3/4	1	1	1/4		1/4	1		2	74	51
22	1.0	8	8	1/4	1/4	3/4	1	1	1/4		1/4	1		2	86	51
23	1.0	8	8	1/2	1/2	3/4	1	1	1/4		1/4	1	1	4	76	52
23	1.0	8	8	1/2	1/2	3/4	1	1	1/4		1/4	1	1	4	88	52
24	0.5	9	9	0	0	3/4	1	1	1/8		1/8	1	-1	4	76	58
24	0.5	9	9	0	0	3/4	1	1	1/8		1/8	1	-1	4	88	58
51/2	0.5	9	9	3/8	3/8	3/4	3	1	1/8		1/8	1		0	60	62
51/2	0.5	9	9	3/8	3/8	3/4	1	1	1/8		1/8	1		4	64	59
51/2	0.5	9	9	3/8	3/8	3/4	1	1	1/8		1/8	1		8	68	59
51/2	0.5	9	9	3/8	3/8	3/4	1	1	1/8		1/8	1		0	72	59
26	0.5	9	9	1/2	1/2	3/4	3	1	1/8		1/8	1		3	57	63
26	0.5	9	9	1/2	1/2	3/4	1	1	1/8		1/8	1		7	61	60
26	0.5	9	9	1/2	1/2	3/4	1	1	1/8		1/8	1		-1	65	60
26	0.5	9	9	1/2	1/2	3/4	1	1	1/8		1/8	1		3	69	60
53/2	0.5	9	9	5/8	5/8	3/4	3	1	1/8		1/8	1		-1	53	64
53/2	0.5	9	9	5/8	5/8	3/4	1	1	1/8		1/8	1		-2	58	61
53/2	0.5	9	9	5/8	5/8	3/4	1	1	1/8		1/8	1		2	62	61
53/2	0.5	9	9	5/8	5/8	3/4	1	1	1/8		1/8	1		-1	65	61
27	0.5	10	10	0	0	3/4	3	2	1/8		1/8	1		3	45	75
27	3.0	10	10	0	0	3/4	3	1	3/4		1/2	3/2		0	48	74
27	1.0	10	10	0	0	3/4	2	1	1/4		1/4	1		4	52	71
27	2.0	10	10	0	0	3/4	1	2	1/2		1/2	1		-2	58	70
27	1.0	10	10	0	0	3/4	1	1	1/4		1/4	1	1	0	60	65
55/2	0.5	10	10	1/8	1/8	3/4	3	2	1/8		1/8	1		1	43	76
28	1.0	10	10	1/4	1/4	3/4	3	2	1/4		1/4	1		-1	41	77
28	1.0	10	10	1/4	1/4	3/4	2	1	1/4		1/4	1		-1	53	72
28	0.75	10	10	1/4	1/4	3/4	1	1	3/16		1/8	3/2	-1	0	60	66
115/4	0.25	10	10	7/16	7/16	3/4	1	1	1/16		1/16	1		2	62	67
29	1.0	10	10	1/2	1/2	3/4	3	2	1/4		1/4	1		4	40	78
29	1.0	10	10	1/2	1/2	3/4	2	1	1/4		1/4	1		1	55	73
29	1.0	10	10	1/2	1/2	3/4	2	1	1/4		1/4	1		-2	58	73
29	0.75	10	10	1/2	1/2	3/4	1	1	3/16		1/8	3/2		2	62	68
119/4	0.25	10	10	11/16	11/16	3/4	1	1	1/16		1/16	1		1	67	69
30	0.5	11	11	0	0	3/4	3	2	1/8		1/8	1		3	45	89
30	3.0	11	11	0	0	3/4	3	1	3/4		1/2	3/2	1	0	48	88
30	1.0	11	11	0	0	3/4	2	1	1/4		1/4	1		4	52	85
30	2.0	11	11	0	0	3/4	1	2	1/2		1/2	1		-2	58	84
30	1.0	11	11	0	0	3/4	1	1	1/4		1/4	1	1	0	60	79
61/2	0.5	11	11	1/8	1/8	3/4	3	2	1/8		1/8	1		1	43	90
31	1.0	11	11	1/4	1/4	3/4	3	2	1/4		1/4	1		-1	41	91
31	1.0	11	11	1/4	1/4	3/4	2	1	1/4		1/4	1		-1	53	86
31	0.75	11	11	1/4	1/4	3/4	1	1	3/16		1/8	3/2	-1	0	60	80
127/4	0.25	11	11	7/16	7/16	3/4	1	1	1/16		1/16	1		2	62	81
32	1.0	11	11	1/2	1/2	3/4	3	2	1/4		1/4	1	1	4	40	92
32	1.0	11	11	1/2	1/2	3/4	2	1	1/4		1/4	1		1	55	87
32	1.0	11	11	1/2	1/2	3/4	2	1	1/4		1/4	1		-2	58	87
32	0.75	11	11	1/2	1/2	3/4	1	1	3/16		1/8	3/2		2	62	82
131/4	0.25	11	11	11/16	11/16	3/4	1	1	1/16		1/16	1		1	67	83
33	1.0	12	12	0	0	3/4	3	2	1/4		1/4	1	0	4	40	111
33	1.0	12	12	0	0	3/4	3	1	1/4		1/4	1	0	0	48	109
33	1.0	12	12	0	0	3/4	2	1	1/4		1/4	1	1	-2	58	107
33	0.375	12	12	0	0	3/4	1	2	3/32		1/16	3/2		2	62	95
33	1.0	12	12	0	0	3/4	1	1	1/4		1/4	1	1	1	67	93
267/8	0.125	12	12	3/32	3/32	3/4	1	2	1/32		1/32	1		0	60	96
67/2	0.375	12	12	1/8	1/8	3/4	1	2	3/32		1/16	3/2		2	62	97
271/8	0.125	12	12	7/32	7/32	3/4	1	2	1/32		1/32	1		0	60	98
34	0.5	12	12	1/4	1/4	3/4	3	2	1/8		1/8	1	-1	4	40	112
34	0.5	12	12	1/4	1/4	3/4	3	1	1/8		1/8	1	-1	0	48	110
34	0.5	12	12	1/4	1/4	3/4	2	1	1/8		1/8	1	-1	-2	58	108
34	0.375	12	12	1/4	1/4	3/4	1	2	3/32		1/16	3/2		2	62	99
34	0.5	12	12	1/4	1/4	3/4	1	1	1/8		1/8	1	-1	1	67	94
275/8	0.125	12	12	11/32	11/32	3/4	1	2	1/32		1/32	1		0	60	100
69/2	0.375	12	12	3/8	3/8	3/4	1	2	3/32		1/16	3/2		2	62	101
279/8	0.125	12	12	15/32	15/32	3/4	1	2	1/32		1/32	1		0	60	102
35	0.375	12	12	1/2	1/2	3/4	1	2	3/32		1/16	3/2		2	62	103
283/8	0.125	12	12	19/32	19/32	3/4	1	2	1/32		1/32	1		0	60	104
71/2	0.375	12	12	5/8	5/8	3/4	1	2	3/32		1/16	3/2		2	62	105
287/8	0.125	12	12	23/32	23/32	3/4	1	2	1/32		1/32	1		0	60	106
36	0.375	13	13	0	0	3/4	2	1	3/32		1/16	3/2		2	62	113
36	0.5	13	13	0	0	3/4	3	1	1/8		1/8	1		2	62	125
291/8	0.125	13	13	3/32	3/32	3/4	2	1	1/32		1/32	1		0	60	114
73/2	0.5	13	13	1/8	1/8	3/4	3	1	1/8		1/8	1		0	60	126
73/2	0.375	13	13	1/8	1/8	3/4	2	1	3/32		1/16	3/2		2	62	115
295/8	0.125	13	13	7/32	7/32	3/4	2	1	1/32		1/32	1		0	60	116
37	0.5	13	13	1/4	1/4	3/4	3	1	1/8		1/8	1		-2	58	127
37	0.375	13	13	1/4	1/4	3/4	2	1	3/32		1/16	3/2		2	62	117
299/8	0.125	13	13	11/32	11/32	3/4	2	1	1/32		1/32	1		0	60	118
75/2	0.5	13	13	3/8	3/8	3/4	3	1	1/8		1/8	1		3	57	128
75/2	0.375	13	13	3/8	3/8	3/4	2	1	3/32		1/16	3/2		2	62	119
303/8	0.125	13	13	15/32	15/32	3/4	2	1	1/32		1/32	1		0	60	120
38	0.5	13	13	1/2	1/2	3/4	3	1	1/8		1/8	1		1	55	129
38	0.375	13	13	1/2	1/2	3/4	2	1	3/32		1/16	3/2		-2	58	121
307/8	0.125	13	13	19/32	19/32	3/4	2	1	1/32		1/32	1		3	57	122
77/2	0.5	13	13	5/8	5/8	3/4	3	1	1/8		1/8	1		-1	53	130
77/2	0.375	13	13	5/8	5/8	3/4	2	1	3/32		1/16	3/2		1	55	123
311/8	0.125	13	13	23/32	23/32	3/4	2	1	1/32		1/32	1		-1	53	124
39	0.5	14	14	0	0	3/4	3	1	1/8		1/8	1		4	52	143
39	0.375	14	14	0	0	3/4	2	1	3/32		1/16	3/2		1	55	131
315/8	0.125	14	14	3/32	3/32	3/4	2	1	1/32		1/32	1		-1	53	132
79/2	0.5	14	14	1/8	1/8	3/4	3	1	1/8		1/8	1		2	50	144
79/2	0.375	14	14	1/8	1/8	3/4	2	1	3/32		1/16	3/2		1	55	133
319/8	0.125	14	14	7/32	7/32	3/4	2	1	1/32		1/32	1		-1	53	134
40	0.5	14	14	1/4	1/4	3/4	3	1	1/8		1/8	1		0	48	145
40	0.375	14	14	1/4	1/4	3/4	2	1	3/32		1/16	3/2		1	55	135
323/8	0.125	14	14	11/32	11/32	3/4	2	1	1/32		1/32	1		-1	53	136
81/2	0.5	14	14	3/8	3/8	3/4	3	1	1/8		1/8	1		-2	46	146
81/2	0.375	14	14	3/8	3/8	3/4	2	1	3/32		1/16	3/2		1	55	137
327/8	0.125	14	14	15/32	15/32	3/4	2	1	1/32		1/32	1		-1	53	138
41	0.5	14	14	1/2	1/2	3/4	3	1	1/8		1/8	1		3	45	147
41	0.375	14	14	1/2	1/2	3/4	2	1	3/32		1/16	3/2		1	55	139
331/8	0.125	14	14	19/32	19/32	3/4	2	1	1/32		1/32	1		3	57	140
83/2	0.5	14	14	5/8	5/8	3/4	3	1	1/8		1/8	1		1	43	148
83/2	0.375	14	14	5/8	5/8	3/4	2	1	3/32		1/16	3/2		-2	58	141
335/8	0.125	14	14	23/32	23/32	3/4	2	1	1/32		1/32	1		0	60	142
42	3.0	15	15	0	0	3/4	3	2	3/4		1/2	3/2	1	-1	41	166
42	2.0	15	15	0	0	3/4	3	1	1/2		1/2	1		0	48	164
42	2.0	15	15	0	0	3/4	2	2	1/2		1/2	1		3	57	163
42	0.375	15	15	0	0	3/4	2	1	3/32		1/16	3/2		2	62	151
42	2.0	15	15	0	0	3/4	1	1	1/2		1/2	1		1	67	149
339/8	0.125	15	15	3/32	3/32	3/4	2	1	1/32		1/32	1		0	60	152
85/2	0.375	15	15	1/8	1/8	3/4	2	1	3/32		1/16	3/2		2	62	153
343/8	0.125	15	15	7/32	7/32	3/4	2	1	1/32		1/32	1		0	60	154
43	0.375	15	15	1/4	1/4	3/4	2	1	3/32		1/16	3/2		2	62	155
347/8	0.125	15	15	11/32	11/32	3/4	2	1	1/32		1/32	1		0	60	156
87/2	0.375	15	15	3/8	3/8	3/4	2	1	3/32		1/16	3/2		2	62	157
351/8	0.125	15	15	15/32	15/32	3/4	2	1	1/32		1/32	1		0	60	158
44	1.0	15	15	1/2	1/2	3/4	3	1	1/4		1/4	1		7	49	165
44	0.375	15	15	1/2	1/2	3/4	2	1	3/32		1/16	3/2		-2	58	159
44	1.0	15	15	1/2	1/2	3/4	1	1	1/4		1/4	1		-1	65	150
355/8	0.125	15	15	19/32	19/32	3/4	2	1	1/32		1/32	1		3	57	160
89/2	0.375	15	15	5/8	5/8	3/4	2	1	3/32		1/16	3/2		1	55	161
359/8	0.125	15	15	23/32	23/32	3/4	2	1	1/32		1/32	1		-1	53	162
45	3.0	16	16	0	0	3/4	3	2	3/4		1/2	3/2	-1	-1	41	183
45	1.0	16	16	0	0	3/4	3	1	1/4		1/4	1		2	50	180
45	0.375	16	16	0	0	3/4	2	1	3/32		1/16	3/2		1	55	168
45	3.0	16	16	0	0	3/4	1	1	3/4		1/2	3/2		-2	58	167
45	3.0	16	16	0	0	3/4	1	1	3/4		1/2	3/2		0	60	167
363/8	0.125	16	16	3/32	3/32	3/4	2	1	1/32		1/32	1		-1	53	169
91/2	0.375	16	16	1/8	1/8	3/4	2	1	3/32		1/16	3/2		1	55	170
367/8	0.125	16	16	7/32	7/32	3/4	2	1	1/32		1/32	1		-1	53	171
46	1.0	16	16	1/4	1/4	3/4	3	1	1/4		1/4	1		4	52	181
46	0.375	16	16	1/4	1/4	3/4	2	1	3/32		1/16	3/2		1	55	172
371/8	0.125	16	16	11/32	11/32	3/4	2	1	1/32		1/32	1		-1	53	173
93/2	0.375	16	16	3/8	3/8	3/4	2	1	3/32		1/16	3/2		1	55	174
375/8	0.125	16	16	15/32	15/32	3/4	2	1	1/32		1/32	1		-1	53	175
47	1.0	16	16	1/2	1/2	3/4	3	1	1/4		1/4	1		2	50	182
47	0.375	16	16	1/2	1/2	3/4	2	1	3/32		1/16	3/2		1	55	176
379/8	0.125	16	16	19/32	19/32	3/4	2	1	1/32		1/32	1		3	57	177
95/2	0.375	16	16	5/8	5/8	3/4	2	1	3/32		1/16	3/2		-2	58	178
383/8	0.125	16	16	23/32	23/32	3/4	2	1	1/32		1/32	1		0	60	179
48	3.0	17	17	0	0	3/4	3	2	3/4		1/2	3/2	1	-1	41	201
48	2.0	17	17	0	0	3/4	3	1	1/2		1/2	1		0	48	199
48	2.0	17	17	0	0	3/4	2	2	1/2		1/2	1		3	57	198
48	0.375	17	17	0	0	3/4	2	1	3/32		1/16	3/2		2	62	186
48	2.0	17	17	0	0	3/4	1	1	1/2		1/2	1		1	67	184
387/8	0.125	17	17	3/32	3/32	3/4	2	1	1/32		1/32	1		0	60	187
97/2	0.375	17	17	1/8	1/8	3/4	2	1	3/32		1/16	3/2		2	62	188
391/8	0.125	17	17	7/32	7/32	3/4	2	1	1/32		1/32	1		0	60	189
49	0.375	17	17	1/4	1/4	3/4	2	1	3/32		1/16	3/2		2	62	190
395/8	0.125	17	17	11/32	11/32	3/4	2	1	1/32		1/32	1		0	60	191
99/2	0.375	17	17	3/8	3/8	3/4	2	1	3/32		1/16	3/2		2	62	192
399/8	0.125	17	17	15/32	15/32	3/4	2	1	1/32		1/32	1		0	60	193
50	1.0	17	17	1/2	1/2	3/4	3	1	1/4		1/4	1		7	49	200
50	0.375	17	17	1/2	1/2	3/4	2	1	3/32		1/16	3/2		-2	58	194
50	1.0	17	17	1/2	1/2	3/4	1	1	1/4		1/4	1		-1	65	185
403/8	0.125	17	17	19/32	19/32	3/4	2	1	1/32		1/32	1		3	57	195
101/2	0.375	17	17	5/8	5/8	3/4	2	1	3/32		1/16	3/2		1	55	196
407/8	0.125	17	17	23/32	23/32	3/4	2	1	1/32		1/32	1		-1	53	197
51	3.0	18	18	0	0	3/4	3	2	3/4		1/2	3/2	0	-1	41	218
51	1.0	18	18	0	0	3/4	3	1	1/4		1/4	1		2	50	215
51	0.375	18	18	0	0	3/4	2	1	3/32		1/16	3/2		1	55	203
51	3.0	18	18	0	0	3/4	1	1	3/4		1/2	3/2		-2	58	202
51	3.0	18	18	0	0	3/4	1	1	3/4		1/2	3/2		0	60	202
411/8	0.125	18	18	3/32	3/32	3/4	2	1	1/32		1/32	1		-1	53	204
103/2	0.375	18	18	1/8	1/8	3/4	2	1	3/32		1/16	3/2		1	55	205
415/8	0.125	18	18	7/32	7/32	3/4	2	1	1/32		1/32	1		-1	53	206
52	1.0	18	18	1/4	1/4	3/4	3	1	1/4		1/4	1		9	51	216
52	0.375	18	18	1/4	1/4	3/4	2	1	3/32		1/16	3/2		1	55	207
419/8	0.125	18	18	11/32	11/32	3/4	2	1	1/32		1/32	1		-1	53	208
105/2	0.375	18	18	3/8	3/8	3/4	2	1	3/32		1/16	3/2		1	55	209
423/8	0.125	18	18	15/32	15/32	3/4	2	1	1/32		1/32	1		-1	53	210
53	1.0	18	18	1/2	1/2	3/4	3	1	1/4		1/4	1		4	52	217
53	0.375	18	18	1/2	1/2	3/4	2	1	3/32		1/16	3/2		1	55	211
427/8	0.125	18	18	19/32	19/32	3/4	2	1	1/32		1/32	1		3	57	212
107/2	0.375	18	18	5/8	5/8	3/4	2	1	3/32		1/16	3/2		-2	58	213
431/8	0.125	18	18	23/32	23/32	3/4	2	1	1/32		1/32	1		0	60	214
54	0.5	19	19	0	0	3/4	3	2	1/8		1/8	1	-1	-1	41	233
54	0.5	19	19	0	0	3/4	3	1	1/8		1/8	1		-1	53	232
54	0.5	19	19	0	0	3/4	2	1	1/8		1/8	1		3	57	231
54	0.375	19	19	0	0	3/4	1	1	3/32		1/16	3/2		2	62	219
435/8	0.125	19	19	3/32	3/32	3/4	1	1	1/32		1/32	1		0	60	220
109/2	0.375	19	19	1/8	1/8	3/4	1	1	3/32		1/16	3/2		2	62	221
439/8	0.125	19	19	7/32	7/32	3/4	1	1	1/32		1/32	1		4	64	222
55	0.375	19	19	1/4	1/4	3/4	1	1	3/32		1/16	3/2		2	62	223
55	0.375	19	19	1/4	1/4	3/4	1	1	3/32		1/16	3/2		-1	65	223
443/8	0.125	19	19	11/32	11/32	3/4	1	1	1/32		1/32	1		0	60	224
443/8	0.125	19	19	11/32	11/32	3/4	1	1	1/32		1/32	1		4	64	224
111/2	0.375	19	19	3/8	3/8	3/4	1	1	3/32		1/16	3/2		2	62	225
111/2	0.375	19	19	3/8	3/8	3/4	1	1	3/32		1/16	3/2		-1	65	225
447/8	0.125	19	19	15/32	15/32	3/4	1	1	1/32		1/32	1		4	64	226
447/8	0.125	19	19	15/32	15/32	3/4	1	1	1/32		1/32	1		1	67	226
56	0.375	19	19	1/2	1/2	3/4	1	1	3/32		1/16	3/2		-1	65	227
56	0.375	19	19	1/2	1/2	3/4	1	1	3/32		1/16	3/2		3	69	227
451/8	0.125	19	19	19/32	19/32	3/4	1	1	1/32		1/32	1		4	64	228
451/8	0.125	19	19	19/32	19/32	3/4	1	1	1/32		1/32	1		1	67	228
113/2	0.375	19	19	5/8	5/8	3/4	1	1	3/32		1/16	3/2		-1	65	229
113/2	0.375	19	19	5/8	5/8	3/4	1	1	3/32		1/16	3/2		3	69	229
455/8	0.125	19	19	23/32	23/32	3/4	1	1	1/32		1/32	1		1	67	230
455/8	0.125	19	19	23/32	23/32	3/4	1	1	1/32		1/32	1		5	71	230
57	0.375	20	20	0	0	3/4	1	1	3/32		1/16	3/2		3	69	234
57	0.375	20	20	0	0	3/4	1	1	3/32		1/16	3/2		0	72	234
459/8	0.125	20	20	3/32	3/32	3/4	1	1	1/32		1/32	1		1	67	235
459/8	0.125	20	20	3/32	3/32	3/4	1	1	1/32		1/32	1		5	71	235
115/2	0.25	20	20	1/8	1/8	3/4	1	1	1/16		1/16	1		-1	65	236
115/2	0.25	20	20	1/8	1/8	3/4	1	1	1/16		1/16	1		3	69	236
231/4	0.25	20	20	3/16	3/16	3/4	1	1	1/16		1/16	1		3	69	237
231/4	0.25	20	20	3/16	3/16	3/4	1	1	1/16		1/16	1		0	72	237
58	0.375	20	20	1/4	1/4	3/4	1	1	3/32		1/16	3/2		2	74	238
58	0.375	20	20	1/4	1/4	3/4	1	1	3/32		1/16	3/2		-1	77	238
467/8	0.125	20	20	11/32	11/32	3/4	1	1	1/32		1/32	1		0	72	239
467/8	0.125	20	20	11/32	11/32	3/4	1	1	1/32		1/32	1		4	76	239
117/2	0.25	20	20	3/8	3/8	3/4	1	1	1/16		1/16	1		5	71	240
117/2	0.25	20	20	3/8	3/8	3/4	1	1	1/16		1/16	1		2	74	240
235/4	0.25	20	20	7/16	7/16	3/4	1	1	1/16		1/16	1		2	74	241
235/4	0.25	20	20	7/16	7/16	3/4	1	1	1/16		1/16	1		-1	77	241
59	0.375	20	20	1/2	1/2	3/4	1	1	3/32		1/16	3/2		-1	77	242
59	0.375	20	20	1/2	1/2	3/4	1	1	3/32		1/16	3/2		3	81	242
475/8	0.125	20	20	19/32	19/32	3/4	1	1	1/32		1/32	1		4	76	243
475/8	0.125	20	20	19/32	19/32	3/4	1	1	1/32		1/32	1		1	79	243
119/2	0.25	20	20	5/8	5/8	3/4	1	1	1/16		1/16	1		2	74	244
119/2	0.25	20	20	5/8	5/8	3/4	1	1	1/16		1/16	1		-1	77	244
239/4	0.25	20	20	11/16	11/16	3/4	1	1	1/16		1/16	1		-1	77	245
239/4	0.25	20	20	11/16	11/16	3/4	1	1	1/16		1/16	1		3	81	245
60	2.0	21	21	0	0	3/4	3	2	1/2		1/2	1		0	36	250
60	2.0	21	21	0	0	3/4	3	2	1/2		1/2	1		1	43	250
60	2.0	21	21	0	0	3/4	3	2	1/2		1/2	1		0	48	250
60	2.0	21	21	0	0	3/4	1	1	1/2		1/2	1		0	72	246
60	2.0	21	21	0	0	3/4	1	1	1/2		1/2	1		4	76	246
60	2.0	21	21	0	0	3/4	1	1	1/2		1/2	1		1	79	246
60	2.0	21	21	0	0	3/4	1	1	1/2		1/2	1		0	84	246
61	1.0	21	21	1/4	1/4	3/4	3	1	1/4		1/4	1		1	55	249
61	1.0	21	21	1/4	1/4	3/4	3	1	1/4		1/4	1		0	60	249
61	1.0	21	21	1/4	1/4	3/4	2	1	1/4		1/4	1		4	64	248
61	1.0	21	21	1/4	1/4	3/4	2	1	1/4		1/4	1		1	67	248
61	1.0	21	21	1/4	1/4	3/4	2	1	1/4		1/4	1		0	72	248
62	1.0	21	21	1/2	1/2	3/4	3	2	1/4		1/4	1	1	3	33	251
62	1.0	21	21	1/2	1/2	3/4	3	2	1/4		1/4	1	1	4	40	251
62	1.0	21	21	1/2	1/2	3/4	3	2	1/4		1/4	1	1	3	45	251
62	1.0	21	21	1/2	1/2	3/4	1	1	1/4		1/4	1	1	3	69	247
62	1.0	21	21	1/2	1/2	3/4	1	1	1/4		1/4	1	1	0	72	247
62	1.0	21	21	1/2	1/2	3/4	1	1	1/4		1/4	1	1	4	76	247
62	1.0	21	21	1/2	1/2	3/4	1	1	1/4		1/4	1	1	3	81	247
63	1.0	22	22	0	0	3/4	3	2	1/4		1/4	1	-1	3	33	258
63	1.0	22	22	0	0	3/4	3	2	1/4		1/4	1	-1	4	40	258
63	1.0	22	22	0	0	3/4	3	2	1/4		1/4	1	-1	3	45	258
63	1.0	22	22	0	0	3/4	3	1	1/4		1/4	1		4	52	256
63	1.0	22	22	0	0	3/4	3	1	1/4		1/4	1		3	57	256
63	1.0	22	22	0	0	3/4	2	1	1/4		1/4	1		0	60	254
63	1.0	22	22	0	0	3/4	2	1	1/4		1/4	1		4	64	254
63	1.0	22	22	0	0	3/4	1	1	1/4		1/4	1	-1	3	69	252
63	1.0	22	22	0	0	3/4	2	1	1/4		1/4	1		3	69	254
63	1.0	22	22	0	0	3/4	1	1	1/4		1/4	1	-1	0	72	252
63	1.0	22	22	0	0	3/4	1	1	1/4		1/4	1	-1	4	76	252
63	1.0	22	22	0	0	3/4	1	1	1/4		1/4	1	-1	3	81	252
64	2.0	22	22	1/4	1/4	3/4	3	2	1/2		1/2	1	1	1	31	259
64	2.0	22	22	1/4	1/4	3/4	3	2	1/2		1/2	1	1	2	38	259
64	2.0	22	22	1/4	1/4	3/4	3	2	1/2		1/2	1	1	1	43	259
64	2.0	22	22	1/4	1/4	3/4	1	1	1/2		1/2	1	1	1	67	253
64	2.0	22	22	1/4	1/4	3/4	1	1	1/2		1/2	1	1	5	71	253
64	2.0	22	22	1/4	1/4	3/4	1	1	1/2		1/2	1	1	2	74	253
64	2.0	22	22	1/4	1/4	3/4	1	1	1/2		1/2	1	1	1	79	253
65	1.0	22	22	1/2	1/2	3/4	3	1	1/4		1/4	1	1	2	50	257
65	1.0	22	22	1/2	1/2	3/4	3	1	1/4		1/4	1	1	1	55	257
65	1.0	22	22	1/2	1/2	3/4	2	1	1/4		1/4	1	1	5	59	255
65	1.0	22	22	1/2	1/2	3/4	2	1	1/4		1/4	1	1	2	62	255
65	1.0	22	22	1/2	1/2	3/4	2	1	1/4		1/4	1	1	1	67	255
66	1.0	23	23	0	0	3/4	3	2	1/4		1/4	1	-1	1	31	270
66	1.0	23	23	0	0	3/4	3	2	1/4		1/4	1	-1	2	38	270
66	1.0	23	23	0	0	3/4	3	2	1/4		1/4	1	-1	1	43	270
66	1.0	23	23	0	0	3/4	3	1	1/4		1/4	1	-1	2	50	269
66	1.0	23	23	0	0	3/4	3	1	1/4		1/4	1	-1	1	55	269
66	1.0	23	23	0	0	3/4	2	1	1/4		1/4	1	-1	5	59	261
66	1.0	23	23	0	0	3/4	2	1	1/4		1/4	1	-1	2	62	261
66	1.0	23	23	0	0	3/4	1	1	1/4		1/4	1	-1	1	67	260
66	1.0	23	23	0	0	3/4	2	1	1/4		1/4	1	-1	1	67	261
66	1.0	23	23	0	0	3/4	1	1	1/4		1/4	1	-1	5	71	260
66	1.0	23	23	0	0	3/4	1	1	1/4		1/4	1	-1	2	74	260
66	1.0	23	23	0	0	3/4	1	1	1/4		1/4	1	-1	1	79	260
545/8	0.125	23	23	17/32	17/32	3/4	2	1	1/32		1/32	1		2	50	262
273/4	0.125	23	23	9/16	9/16	3/4	2	1	1/32		1/32	1		4	52	263
547/8	0.125	23	23	19/32	19/32	3/4	2	1	1/32		1/32	1		-1	53	264
137/2	0.125	23	23	5/8	5/8	3/4	2	1	1/32		1/32	1		1	55	265
549/8	0.125	23	23	21/32	21/32	3/4	2	1	1/32		1/32	1		-1	53	266
275/4	0.125	23	23	11/16	11/16	3/4	2	1	1/32		1/32	1		4	52	267
551/8	0.125	23	23	23/32	23/32	3/4	2	1	1/32		1/32	1		2	50	268
69	2.0	24	24	0	0	3/4	3	1	1/2		1/2	1		0	36	275
69	2.0	24	24	0	0	3/4	3	1	1/2		1/2	1		1	43	275
69	2.0	24	24	0	0	3/4	3	1	1/2		1/2	1		0	48	275
69	2.0	24	24	0	0	3/4	2	1	1/2		1/2	1		4	52	273
69	2.0	24	24	0	0	3/4	2	1	1/2		1/2	1		1	55	273
69	2.0	24	24	0	0	3/4	2	1	1/2		1/2	1		0	60	273
70	1.0	24	24	1/4	1/4	3/4	1	2	1/4		1/4	1		4	64	272
70	1.0	24	24	1/4	1/4	3/4	1	2	1/4		1/4	1		1	67	272
70	1.0	24	24	1/4	1/4	3/4	1	1	1/4		1/4	1		0	72	271
70	1.0	24	24	1/4	1/4	3/4	1	1	1/4		1/4	1		4	76	271
70	1.0	24	24	1/4	1/4	3/4	1	1	1/4		1/4	1		1	79	271
70	1.0	24	24	1/4	1/4	3/4	1	1	1/4		1/4	1		0	84	271
71	1.0	24	24	1/2	1/2	3/4	3	1	1/4		1/4	1	1	3	33	276
71	1.0	24	24	1/2	1/2	3/4	3	1	1/4		1/4	1	1	4	40	276
71	1.0	24	24	1/2	1/2	3/4	3	1	1/4		1/4	1	1	3	45	276
71	1.0	24	24	1/2	1/2	3/4	2	1	1/4		1/4	1	1	0	48	274
71	1.0	24	24	1/2	1/2	3/4	2	1	1/4		1/4	1	1	4	52	274
71	1.0	24	24	1/2	1/2	3/4	2	1	1/4		1/4	1	1	3	57	274
72	1.0	25	25	0	0	3/4	3	1	1/4		1/4	1	-1	3	33	283
72	1.0	25	25	0	0	3/4	3	1	1/4		1/4	1	-1	4	40	283
72	1.0	25	25	0	0	3/4	3	1	1/4		1/4	1	-1	3	45	283
72	1.0	25	25	0	0	3/4	2	1	1/4		1/4	1	-1	0	48	281
72	1.0	25	25	0	0	3/4	2	1	1/4		1/4	1	-1	4	52	281
72	1.0	25	25	0	0	3/4	2	1	1/4		1/4	1	-1	3	57	281
72	1.0	25	25	0	0	3/4	1	2	1/4		1/4	1		0	60	279
72	1.0	25	25	0	0	3/4	1	2	1/4		1/4	1		4	64	279
72	1.0	25	25	0	0	3/4	1	1	1/4		1/4	1		3	69	277
72	1.0	25	25	0	0	3/4	1	1	1/4		1/4	1		0	72	277
72	1.0	25	25	0	0	3/4	1	1	1/4		1/4	1		4	76	277
72	1.0	25	25	0	0	3/4	1	1	1/4		1/4	1		3	81	277
73	2.0	25	25	1/4	1/4	3/4	3	1	1/2		1/2	1	1	1	31	284
73	2.0	25	25	1/4	1/4	3/4	3	1	1/2		1/2	1	1	2	38	284
73	2.0	25	25	1/4	1/4	3/4	3	1	1/2		1/2	1	1	1	43	284
73	2.0	25	25	1/4	1/4	3/4	2	1	1/2		1/2	1	1	5	47	282
73	2.0	25	25	1/4	1/4	3/4	2	1	1/2		1/2	1	1	2	50	282
73	2.0	25	25	1/4	1/4	3/4	2	1	1/2		1/2	1	1	1	55	282
74	1.0	25	25	1/2	1/2	3/4	1	2	1/4		1/4	1	1	5	59	280
74	1.0	25	25	1/2	1/2	3/4	1	2	1/4		1/4	1	1	2	62	280
74	1.0	25	25	1/2	1/2	3/4	1	1	1/4		1/4	1	1	1	67	278
74	1.0	25	25	1/2	1/2	3/4	1	1	1/4		1/4	1	1	5	71	278
74	1.0	25	25	1/2	1/2	3/4	1	1	1/4		1/4	1	1	2	74	278
74	1.0	25	25	1/2	1/2	3/4	1	1	1/4		1/4	1	1	1	79	278
75	1.0	26	26	0	0	3/4	3	1	1/4		1/4	1	-1	1	31	293
75	1.0	26	26	0	0	3/4	3	1	1/4		1/4	1	-1	2	38	293
75	1.0	26	26	0	0	3/4	3	1	1/4		1/4	1	-1	1	43	293
75	1.0	26	26	0	0	3/4	2	1	1/4		1/4	1	-1	5	47	287
75	1.0	26	26	0	0	3/4	2	1	1/4		1/4	1	-1	2	50	287
75	1.0	26	26	0	0	3/4	2	1	1/4		1/4	1	-1	1	55	287
75	1.0	26	26	0	0	3/4	1	2	1/4		1/4	1	-1	5	59	286
75	1.0	26	26	0	0	3/4	1	2	1/4		1/4	1	-1	2	62	286
75	1.0	26	26	0	0	3/4	1	1	1/4		1/4	1	-1	1	67	285
75	1.0	26	26	0	0	3/4	1	1	1/4		1/4	1	-1	5	71	285
75	1.0	26	26	0	0	3/4	1	1	1/4		1/4	1	-1	2	74	285
75	1.0	26	26	0	0	3/4	1	1	1/4		1/4	1	-1	1	79	285
931/12	0.08333333333333333	26	26	31/48	31/48	3/4	2	1	1/48		1/32	2/3		1	55	288
233/3	0.08333333333333333	26	26	2/3	2/3	3/4	2	1	1/48		1/32	2/3		3	57	289
311/4	0.08333333333333333	26	26	11/16	11/16	3/4	2	1	1/48		1/32	2/3		5	59	290
467/6	0.08333333333333333	26	26	17/24	17/24	3/4	2	1	1/48		1/32	2/3		0	60	291
935/12	0.08333333333333333	26	26	35/48	35/48	3/4	2	1	1/48		1/32	2/3		2	62	292
78	1.0	27	27	0	0	3/4	1	2	1/4		1/4	1		4	64	295
78	2.0	27	27	0	0	3/4	1	1	1/2		1/2	1		-1	65	294
78	2.0	27	27	0	0	3/4	1	1	1/2		1/2	1		3	69	294
79	1.0	27	27	1/4	1/4	3/4	1	2	1/4		1/4	1		2	62	296
967/12	0.08333333333333333	27	27	31/48	31/48	3/4	2	1	1/48		1/32	2/3		-1	53	297
242/3	0.08333333333333333	27	27	2/3	2/3	3/4	2	1	1/48		1/32	2/3		1	55	298
323/4	0.08333333333333333	27	27	11/16	11/16	3/4	2	1	1/48		1/32	2/3		-4	56	299
485/6	0.08333333333333333	27	27	17/24	17/24	3/4	2	1	1/48		1/32	2/3		-2	58	300
971/12	0.08333333333333333	27	27	35/48	35/48	3/4	2	1	1/48		1/32	2/3		0	60	301
81	1.0	28	28	0	0	3/4	1	2	1/4		1/4	1		2	62	303
81	2.0	28	28	0	0	3/4	1	1	1/2		1/2	1		-3	63	302
81	2.0	28	28	0	0	3/4	1	1	1/2		1/2	1		1	67	302
82	1.0	28	28	1/4	1/4	3/4	1	2	1/4		1/4	1		0	60	304
1003/12	0.08333333333333333	28	28	31/48	31/48	3/4	2	1	1/48		1/32	2/3		1	55	305
251/3	0.08333333333333333	28	28	2/3	2/3	3/4	2	1	1/48		1/32	2/3		3	57	306
335/4	0.08333333333333333	28	28	11/16	11/16	3/4	2	1	1/48		1/32	2/3		5	59	307
503/6	0.08333333333333333	28	28	17/24	17/24	3/4	2	1	1/48		1/32	2/3		0	60	308
1007/12	0.08333333333333333	28	28	35/48	35/48	3/4	2	1	1/48		1/32	2/3		2	62	309
84	0.375	29	29	0	0	3/4	2	1	3/32		1/16	3/2		4	64	312
84	2.0	29	29	0	0	3/4	1	1	1/2		1/2	1		-1	65	310
84	2.0	29	29	0	0	3/4	1	1	1/2		1/2	1		3	69	310
675/8	0.125	29	29	3/32	3/32	3/4	2	1	1/32		1/32	1		2	62	313
169/2	0.375	29	29	1/8	1/8	3/4	2	1	3/32		1/16	3/2		4	64	314
679/8	0.125	29	29	7/32	7/32	3/4	2	1	1/32		1/32	1		2	62	315
85	0.375	29	29	1/4	1/4	3/4	2	1	3/32		1/16	3/2		4	64	316
683/8	0.125	29	29	11/32	11/32	3/4	2	1	1/32		1/32	1		2	62	317
171/2	0.375	29	29	3/8	3/8	3/4	2	1	3/32		1/16	3/2		4	64	318
687/8	0.125	29	29	15/32	15/32	3/4	2	1	1/32		1/32	1		2	62	319
86	0.375	29	29	1/2	1/2	3/4	2	1	3/32		1/16	3/2		0	60	320
86	1.0	29	29	1/2	1/2	3/4	1	1	1/4		1/4	1		-1	65	311
86	1.0	29	29	1/2	1/2	3/4	1	1	1/4		1/4	1		1	67	311
86	1.0	29	29	1/2	1/2	3/4	1	1	1/4		1/4	1		2	74	311
691/8	0.125	29	29	19/32	19/32	3/4	2	1	1/32		1/32	1		5	59	321
1039/12	0.08333333333333333	29	29	31/48	31/48	3/4	2	1	1/48		1/32	2/3		-1	53	322
260/3	0.08333333333333333	29	29	2/3	2/3	3/4	2	1	1/48		1/32	2/3		1	55	323
347/4	0.08333333333333333	29	29	11/16	11/16	3/4	2	1	1/48		1/32	2/3		-4	56	324
521/6	0.08333333333333333	29	29	17/24	17/24	3/4	2	1	1/48		1/32	2/3		-2	58	325
1043/12	0.08333333333333333	29	29	35/48	35/48	3/4	2	1	1/48		1/32	2/3		0	60	326
87	0.375	30	30	0	0	3/4	2	1	3/32		1/16	3/2		2	62	329
87	2.0	30	30	0	0	3/4	1	1	1/2		1/2	1		-3	63	327
87	2.0	30	30	0	0	3/4	1	1	1/2		1/2	1		1	67	327
699/8	0.125	30	30	3/32	3/32	3/4	2	1	1/32		1/32	1		0	60	330
175/2	0.375	30	30	1/8	1/8	3/4	2	1	3/32		1/16	3/2		2	62	331
703/8	0.125	30	30	7/32	7/32	3/4	2	1	1/32		1/32	1		0	60	332
88	0.375	30	30	1/4	1/4	3/4	2	1	3/32		1/16	3/2		2	62	333
707/8	0.125	30	30	11/32	11/32	3/4	2	1	1/32		1/32	1		0	60	334
177/2	0.375	30	30	3/8	3/8	3/4	2	1	3/32		1/16	3/2		2	62	335
711/8	0.125	30	30	15/32	15/32	3/4	2	1	1/32		1/32	1		0	60	336
89	0.375	30	30	1/2	1/2	3/4	2	1	3/32		1/16	3/2		-2	58	337
89	1.0	30	30	1/2	1/2	3/4	1	1	1/4		1/4	1		-3	63	328
89	1.0	30	30	1/2	1/2	3/4	1	1	1/4		1/4	1		-1	65	328
89	1.0	30	30	1/2	1/2	3/4	1	1	1/4		1/4	1		0	72	328
715/8	0.125	30	30	19/32	19/32	3/4	2	1	1/32		1/32	1		3	57	338
179/2	0.375	30	30	5/8	5/8	3/4	2	1	3/32		1/16	3/2		1	55	339
719/8	0.125	30	30	23/32	23/32	3/4	2	1	1/32		1/32	1		-1	53	340
90	0.5	31	31	0	0	3/4	3	1	1/8		1/8	1		-2	46	355
90	0.5	31	31	0	0	3/4	3	1	1/8		1/8	1		-1	53	355
90	0.375	31	31	0	0	3/4	2	1	3/32		1/16	3/2		1	55	343
90	2.0	31	31	0	0	3/4	1	1	1/2		1/2	1		-2	58	341
90	2.0	31	31	0	0	3/4	1	1	1/2		1/2	1		2	62	341
723/8	0.125	31	31	3/32	3/32	3/4	2	1	1/32		1/32	1		-1	53	344
181/2	0.5	31	31	1/8	1/8	3/4	3	1	1/8		1/8	1		-1	41	356
181/2	0.375	31	31	1/8	1/8	3/4	2	1	3/32		1/16	3/2		1	55	345
727/8	0.125	31	31	7/32	7/32	3/4	2	1	1/32		1/32	1		-1	53	346
91	0.5	31	31	1/4	1/4	3/4	3	1	1/8		1/8	1		-2	34	357
91	0.5	31	31	1/4	1/4	3/4	3	1	1/8		1/8	1		-1	41	357
91	0.375	31	31	1/4	1/4	3/4	2	1	3/32		1/16	3/2		1	55	347
731/8	0.125	31	31	11/32	11/32	3/4	2	1	1/32		1/32	1		-1	53	348
183/2	0.5	31	31	3/8	3/8	3/4	3	1	1/8		1/8	1		-2	46	358
183/2	0.375	31	31	3/8	3/8	3/4	2	1	3/32		1/16	3/2		1	55	349
735/8	0.125	31	31	15/32	15/32	3/4	2	1	1/32		1/32	1		-1	53	350
92	0.5	31	31	1/2	1/2	3/4	3	1	1/8		1/8	1		0	48	359
92	0.5	31	31	1/2	1/2	3/4	3	1	1/8		1/8	1		1	55	359
92	0.375	31	31	1/2	1/2	3/4	2	1	3/32		1/16	3/2		3	57	351
92	1.0	31	31	1/2	1/2	3/4	1	1	1/4		1/4	1		0	60	342
92	1.0	31	31	1/2	1/2	3/4	1	1	1/4		1/4	1		4	64	342
739/8	0.125	31	31	19/32	19/32	3/4	2	1	1/32		1/32	1		1	55	352
185/2	0.5	31	31	5/8	5/8	3/4	3	1	1/8		1/8	1		1	43	360
185/2	0.375	31	31	5/8	5/8	3/4	2	1	3/32		1/16	3/2		3	57	353
743/8	0.125	31	31	23/32	23/32	3/4	2	1	1/32		1/32	1		1	55	354
93	0.5	32	32	0	0	3/4	3	1	1/8		1/8	1		-2	46	376
93	0.5	32	32	0	0	3/4	3	1	1/8		1/8	1		-1	53	376
93	0.375	32	32	0	0	3/4	2	1	3/32		1/16	3/2		1	55	364
93	1.0	32	32	0	0	3/4	1	1	1/4		1/4	1		-2	58	361
93	1.0	32	32	0	0	3/4	1	1	1/4		1/4	1		2	62	361
747/8	0.125	32	32	3/32	3/32	3/4	2	1	1/32		1/32	1		-1	53	365
187/2	0.5	32	32	1/8	1/8	3/4	3	1	1/8		1/8	1		-1	41	377
187/2	0.375	32	32	1/8	1/8	3/4	2	1	3/32		1/16	3/2		1	55	366
751/8	0.125	32	32	7/32	7/32	3/4	2	1	1/32		1/32	1		-1	53	367
94	0.5	32	32	1/4	1/4	3/4	3	1	1/8		1/8	1		0	36	378
94	0.5	32	32	1/4	1/4	3/4	3	1	1/8		1/8	1		1	43	378
94	0.375	32	32	1/4	1/4	3/4	2	1	3/32		1/16	3/2		3	57	368
94	1.0	32	32	1/4	1/4	3/4	1	1	1/4		1/4	1		0	60	362
94	1.0	32	32	1/4	1/4	3/4	1	1	1/4		1/4	1		4	64	362
755/8	0.125	32	32	11/32	11/32	3/4	2	1	1/32		1/32	1		1	55	369
189/2	0.5	32	32	3/8	3/8	3/4	3	1	1/8		1/8	1		0	48	379
189/2	0.375	32	32	3/8	3/8	3/4	2	1	3/32		1/16	3/2		3	57	370
759/8	0.125	32	32	15/32	15/32	3/4	2	1	1/32		1/32	1		1	55	371
95	0.5	32	32	1/2	1/2	3/4	3	1	1/8		1/8	1		2	50	380
95	0.5	32	32	1/2	1/2	3/4	3	1	1/8		1/8	1		3	57	380
95	0.375	32	32	1/2	1/2	3/4	2	1	3/32		1/16	3/2		-2	58	372
95	1.0	32	32	1/2	1/2	3/4	1	1	1/4		1/4	1		2	62	363
95	1.0	32	32	1/2	1/2	3/4	1	1	1/4		1/4	1		-1	65	363
763/8	0.125	32	32	19/32	19/32	3/4	2	1	1/32		1/32	1		3	57	373
191/2	0.5	32	32	5/8	5/8	3/4	3	1	1/8		1/8	1		3	45	381
191/2	0.375	32	32	5/8	5/8	3/4	2	1	3/32		1/16	3/2		-2	58	374
767/8	0.125	32	32	23/32	23/32	3/4	2	1	1/32		1/32	1		3	57	375
96	0.5	33	33	0	0	3/4	3	1	1/8		1/8	1		-3	51	396
96	0.5	33	33	0	0	3/4	3	1	1/8		1/8	1		-2	58	396
96	0.375	33	33	0	0	3/4	2	1	3/32		1/16	3/2		0	60	384
96	2.0	33	33	0	0	3/4	1	1	1/2		1/2	1		-3	63	382
96	2.0	33	33	0	0	3/4	1	1	1/2		1/2	1		1	67	382
771/8	0.125	33	33	3/32	3/32	3/4	2	1	1/32		1/32	1		-2	58	385
193/2	0.5	33	33	1/8	1/8	3/4	3	1	1/8		1/8	1		-2	46	397
193/2	0.375	33	33	1/8	1/8	3/4	2	1	3/32		1/16	3/2		0	60	386
775/8	0.125	33	33	7/32	7/32	3/4	2	1	1/32		1/32	1		-2	58	387
97	0.5	33	33	1/4	1/4	3/4	3	1	1/8		1/8	1		-3	39	398
97	0.5	33	33	1/4	1/4	3/4	3	1	1/8		1/8	1		-2	46	398
97	0.375	33	33	1/4	1/4	3/4	2	1	3/32		1/16	3/2		0	60	388
779/8	0.125	33	33	11/32	11/32	3/4	2	1	1/32		1/32	1		-2	58	389
195/2	0.5	33	33	3/8	3/8	3/4	3	1	1/8		1/8	1		-3	51	399
195/2	0.375	33	33	3/8	3/8	3/4	2	1	3/32		1/16	3/2		0	60	390
783/8	0.125	33	33	15/32	15/32	3/4	2	1	1/32		1/32	1		-2	58	391
98	0.5	33	33	1/2	1/2	3/4	3	1	1/8		1/8	1		-1	53	400
98	0.5	33	33	1/2	1/2	3/4	3	1	1/8		1/8	1		0	60	400
98	0.375	33	33	1/2	1/2	3/4	2	1	3/32		1/16	3/2		2	62	392
98	1.0	33	33	1/2	1/2	3/4	1	1	1/4		1/4	1		-1	65	383
98	1.0	33	33	1/2	1/2	3/4	1	1	1/4		1/4	1		3	69	383
787/8	0.125	33	33	19/32	19/32	3/4	2	1	1/32		1/32	1		0	60	393
197/2	0.5	33	33	5/8	5/8	3/4	3	1	1/8		1/8	1		0	48	401
197/2	0.375	33	33	5/8	5/8	3/4	2	1	3/32		1/16	3/2		2	62	394
791/8	0.125	33	33	23/32	23/32	3/4	2	1	1/32		1/32	1		0	60	395
99	0.5	34	34	0	0	3/4	3	1	1/8		1/8	1		-3	51	417
99	0.5	34	34	0	0	3/4	3	1	1/8		1/8	1		-2	58	417
99	0.375	34	34	0	0	3/4	2	1	3/32		1/16	3/2		0	60	405
99	1.0	34	34	0	0	3/4	1	1	1/4		1/4	1		-3	63	402
99	1.0	34	34	0	0	3/4	1	1	1/4		1/4	1		1	67	402
795/8	0.125	34	34	3/32	3/32	3/4	2	1	1/32		1/32	1		-2	58	406
199/2	0.5	34	34	1/8	1/8	3/4	3	1	1/8		1/8	1		-2	46	418
199/2	0.375	34	34	1/8	1/8	3/4	2	1	3/32		1/16	3/2		0	60	407
799/8	0.125	34	34	7/32	7/32	3/4	2	1	1/32		1/32	1		-2	58	408
100	0.5	34	34	1/4	1/4	3/4	3	1	1/8		1/8	1		-1	41	419
100	0.5	34	34	1/4	1/4	3/4	3	1	1/8		1/8	1		0	48	419
100	0.375	34	34	1/4	1/4	3/4	2	1	3/32		1/16	3/2		2	62	409
100	1.0	34	34	1/4	1/4	3/4	1	1	1/4		1/4	1		-1	65	403
100	1.0	34	34	1/4	1/4	3/4	1	1	1/4		1/4	1		3	69	403
803/8	0.125	34	34	11/32	11/32	3/4	2	1	1/32		1/32	1		0	60	410
201/2	0.5	34	34	3/8	3/8	3/4	3	1	1/8		1/8	1		-1	53	420
201/2	0.375	34	34	3/8	3/8	3/4	2	1	3/32		1/16	3/2		2	62	411
807/8	0.125	34	34	15/32	15/32	3/4	2	1	1/32		1/32	1		0	60	412
101	0.5	34	34	1/2	1/2	3/4	3	1	1/8		1/8	1		1	55	421
101	0.5	34	34	1/2	1/2	3/4	3	1	1/8		1/8	1		2	62	421
101	0.375	34	34	1/2	1/2	3/4	2	1	3/32		1/16	3/2		-3	63	413
101	1.0	34	34	1/2	1/2	3/4	1	1	1/4		1/4	1		1	67	404
101	1.0	34	34	1/2	1/2	3/4	1	1	1/4		1/4	1		-2	70	404
811/8	0.125	34	34	19/32	19/32	3/4	2	1	1/32		1/32	1		2	62	414
203/2	0.5	34	34	5/8	5/8	3/4	3	1	1/8		1/8	1		1	43	422
203/2	0.5	34	34	5/8	5/8	3/4	3	1	1/8		1/8	1		2	50	422
203/2	0.375	34	34	5/8	5/8	3/4	2	1	3/32		1/16	3/2		-3	63	415
815/8	0.125	34	34	23/32	23/32	3/4	2	1	1/32		1/32	1		2	62	416
102	0.375	35	35	0	0	3/4	2	1	3/32		1/16	3/2		2	62	435
102	0.375	35	35	0	0	3/4	1	1	3/32		1/16	3/2		-4	68	423
102	0.375	35	35	0	0	3/4	1	1	3/32		1/16	3/2		0	72	423
819/8	0.125	35	35	3/32	3/32	3/4	2	1	1/32		1/32	1		-3	63	436
819/8	0.125	35	35	3/32	3/32	3/4	1	1	1/32		1/32	1		1	67	424
819/8	0.125	35	35	3/32	3/32	3/4	1	1	1/32		1/32	1		5	71	424
205/2	0.375	35	35	1/8	1/8	3/4	2	1	3/32		1/16	3/2		4	64	437
205/2	0.375	35	35	1/8	1/8	3/4	1	1	3/32		1/16	3/2		-2	70	425
205/2	0.375	35	35	1/8	1/8	3/4	1	1	3/32		1/16	3/2		2	74	425
823/8	0.125	35	35	7/32	7/32	3/4	2	1	1/32		1/32	1		-1	65	438
823/8	0.125	35	35	7/32	7/32	3/4	1	1	1/32		1/32	1		-4	68	426
823/8	0.125	35	35	7/32	7/32	3/4	1	1	1/32		1/32	1		0	72	426
103	0.375	35	35	1/4	1/4	3/4	2	1	3/32		1/16	3/2		2	62	439
103	0.375	35	35	1/4	1/4	3/4	1	1	3/32		1/16	3/2		-4	68	427
103	0.375	35	35	1/4	1/4	3/4	1	1	3/32		1/16	3/2		0	72	427
827/8	0.125	35	35	11/32	11/32	3/4	2	1	1/32		1/32	1		-3	63	440
827/8	0.125	35	35	11/32	11/32	3/4	1	1	1/32		1/32	1		1	67	428
827/8	0.125	35	35	11/32	11/32	3/4	1	1	1/32		1/32	1		5	71	428
207/2	0.375	35	35	3/8	3/8	3/4	2	1	3/32		1/16	3/2		4	64	441
207/2	0.375	35	35	3/8	3/8	3/4	1	1	3/32		1/16	3/2		-2	70	429
207/2	0.375	35	35	3/8	3/8	3/4	1	1	3/32		1/16	3/2		2	74	429
831/8	0.125	35	35	15/32	15/32	3/4	2	1	1/32		1/32	1		-1	65	442
831/8	0.125	35	35	15/32	15/32	3/4	1	1	1/32		1/32	1		-4	68	430
831/8	0.125	35	35	15/32	15/32	3/4	1	1	1/32		1/32	1		0	72	430
104	0.375	35	35	1/2	1/2	3/4	2	1	3/32		1/16	3/2		6	66	443
104	0.375	35	35	1/2	1/2	3/4	1	1	3/32		1/16	3/2		0	72	431
104	0.375	35	35	1/2	1/2	3/4	1	1	3/32		1/16	3/2		4	76	431
835/8	0.125	35	35	19/32	19/32	3/4	2	1	1/32		1/32	1		1	67	444
835/8	0.125	35	35	19/32	19/32	3/4	1	1	1/32		1/32	1		5	71	432
835/8	0.125	35	35	19/32	19/32	3/4	1	1	1/32		1/32	1		-3	75	432
209/2	0.375	35	35	5/8	5/8	3/4	2	1	3/32		1/16	3/2		8	68	445
209/2	0.375	35	35	5/8	5/8	3/4	1	1	3/32		1/16	3/2		-5	73	433
209/2	0.375	35	35	5/8	5/8	3/4	1	1	3/32		1/16	3/2		-1	77	433
839/8	0.125	35	35	23/32	23/32	3/4	2	1	1/32		1/32	1		3	69	446
839/8	0.125	35	35	23/32	23/32	3/4	1	1	1/32		1/32	1		0	72	434
839/8	0.125	35	35	23/32	23/32	3/4	1	1	1/32		1/32	1		4	76	434
105	0.375	36	36	0	0	3/4	2	1	3/32		1/16	3/2		3	69	459
105	0.375	36	36	0	0	3/4	1	1	3/32		1/16	3/2		-3	75	447
105	0.375	36	36	0	0	3/4	1	1	3/32		1/16	3/2		1	79	447
843/8	0.125	36	36	3/32	3/32	3/4	2	1	1/32		1/32	1		-2	70	460
843/8	0.125	36	36	3/32	3/32	3/4	1	1	1/32		1/32	1		2	74	448
843/8	0.125	36	36	3/32	3/32	3/4	1	1	1/32		1/32	1		6	78	448
211/2	0.375	36	36	1/8	1/8	3/4	2	1	3/32		1/16	3/2		5	71	461
211/2	0.375	36	36	1/8	1/8	3/4	1	1	3/32		1/16	3/2		-1	77	449
211/2	0.375	36	36	1/8	1/8	3/4	1	1	3/32		1/16	3/2		3	81	449
847/8	0.125	36	36	7/32	7/32	3/4	2	1	1/32		1/32	1		0	72	462
847/8	0.125	36	36	7/32	7/32	3/4	1	1	1/32		1/32	1		4	76	450
847/8	0.125	36	36	7/32	7/32	3/4	1	1	1/32		1/32	1		-4	80	450
106	0.375	36	36	1/4	1/4	3/4	2	1	3/32		1/16	3/2		7	73	463
106	0.375	36	36	1/4	1/4	3/4	1	1	3/32		1/16	3/2		-6	78	451
106	0.375	36	36	1/4	1/4	3/4	1	1	3/32		1/16	3/2		-2	82	451
851/8	0.125	36	36	11/32	11/32	3/4	2	1	1/32		1/32	1		2	74	464
851/8	0.125	36	36	11/32	11/32	3/4	1	1	1/32		1/32	1		-1	77	452
851/8	0.125	36	36	11/32	11/32	3/4	1	1	1/32		1/32	1		3	81	452
213/2	0.375	36	36	3/8	3/8	3/4	2	1	3/32		1/16	3/2		9	75	465
213/2	0.375	36	36	3/8	3/8	3/4	1	1	3/32		1/16	3/2		-4	80	453
213/2	0.375	36	36	3/8	3/8	3/4	1	1	3/32		1/16	3/2		0	84	453
855/8	0.125	36	36	15/32	15/32	3/4	2	1	1/32		1/32	1		4	76	466
855/8	0.125	36	36	15/32	15/32	3/4	1	1	1/32		1/32	1		1	79	454
855/8	0.125	36	36	15/32	15/32	3/4	1	1	1/32		1/32	1		5	83	454
107	0.375	36	36	1/2	1/2	3/4	2	1	3/32		1/16	3/2		-1	77	467
107	0.375	36	36	1/2	1/2	3/4	1	1	3/32		1/16	3/2		-2	82	455
107	0.375	36	36	1/2	1/2	3/4	1	1	3/32		1/16	3/2		2	86	455
859/8	0.125	36	36	19/32	19/32	3/4	1	1	1/32		1/32	1		-1	77	456
859/8	0.125	36	36	19/32	19/32	3/4	2	1	1/32		1/32	1		6	78	468
859/8	0.125	36	36	19/32	19/32	3/4	1	1	1/32		1/32	1		10	82	456
215/2	0.375	36	36	5/8	5/8	3/4	2	1	3/32		1/16	3/2		1	79	469
215/2	0.375	36	36	5/8	5/8	3/4	1	1	3/32		1/16	3/2		3	81	457
215/2	0.375	36	36	5/8	5/8	3/4	1	1	3/32		1/16	3/2		0	84	457
863/8	0.125	36	36	23/32	23/32	3/4	2	1	1/32		1/32	1		8	80	470
863/8	0.125	36	36	23/32	23/32	3/4	1	1	1/32		1/32	1		5	83	458
863/8	0.125	36	36	23/32	23/32	3/4	1	1	1/32		1/32	1		-3	87	458
108	1.0	37	37	0	0	3/4	2	1	1/4		1/4	1		3	81	483
108	0.375	37	37	0	0	3/4	1	1	3/32		1/16	3/2		-5	85	471
108	0.375	37	37	0	0	3/4	1	1	3/32		1/16	3/2		-1	89	471
867/8	0.125	37	37	3/32	3/32	3/4	1	1	1/32		1/32	1		0	84	472
867/8	0.125	37	37	3/32	3/32	3/4	1	1	1/32		1/32	1		4	88	472
217/2	0.375	37	37	1/8	1/8	3/4	1	1	3/32		1/16	3/2		-5	85	473
217/2	0.375	37	37	1/8	1/8	3/4	1	1	3/32		1/16	3/2		-1	89	473
871/8	0.125	37	37	7/32	7/32	3/4	1	1	1/32		1/32	1		0	84	474
871/8	0.125	37	37	7/32	7/32	3/4	1	1	1/32		1/32	1		4	88	474
109	1.5	37	37	1/4	1/4	3/4	2	1	3/8		1/4	3/2		3	81	484
109	0.375	37	37	1/4	1/4	3/4	1	1	3/32		1/16	3/2		-5	85	475
109	0.375	37	37	1/4	1/4	3/4	1	1	3/32		1/16	3/2		-1	89	475
875/8	0.125	37	37	11/32	11/32	3/4	1	1	1/32		1/32	1		0	84	476
875/8	0.125	37	37	11/32	11/32	3/4	1	1	1/32		1/32	1		4	88	476
219/2	0.375	37	37	3/8	3/8	3/4	1	1	3/32		1/16	3/2		-5	85	477
219/2	0.375	37	37	3/8	3/8	3/4	1	1	3/32		1/16	3/2		-1	89	477
879/8	0.125	37	37	15/32	15/32	3/4	1	1	1/32		1/32	1		0	84	478
879/8	0.125	37	37	15/32	15/32	3/4	1	1	1/32		1/32	1		4	88	478
110	0.375	37	37	1/2	1/2	3/4	1	1	3/32		1/16	3/2		-5	85	479
110	0.375	37	37	1/2	1/2	3/4	1	1	3/32		1/16	3/2		-1	89	479
883/8	0.125	37	37	19/32	19/32	3/4	1	1	1/32		1/32	1		0	84	480
883/8	0.125	37	37	19/32	19/32	3/4	1	1	1/32		1/32	1		4	88	480
221/2	0.5	37	37	5/8	5/8	3/4	2	1	1/8		1/8	1		-2	82	485
221/2	0.375	37	37	5/8	5/8	3/4	1	1	3/32		1/16	3/2		-5	85	481
221/2	0.375	37	37	5/8	5/8	3/4	1	1	3/32		1/16	3/2		-1	89	481
887/8	0.125	37	37	23/32	23/32	3/4	1	1	1/32		1/32	1		0	84	482
887/8	0.125	37	37	23/32	23/32	3/4	1	1	1/32		1/32	1		4	88	482
111	2.0	38	38	0	0	3/4	2	1	1/2		1/2	1	1	1	79	498
111	0.375	38	38	0	0	3/4	1	1	3/32		1/16	3/2		2	86	486
111	0.375	38	38	0	0	3/4	1	1	3/32		1/16	3/2		-1	89	486
891/8	0.125	38	38	3/32	3/32	3/4	1	1	1/32		1/32	1		7	85	487
891/8	0.125	38	38	3/32	3/32	3/4	1	1	1/32		1/32	1		4	88	487
223/2	0.375	38	38	1/8	1/8	3/4	1	1	3/32		1/16	3/2		2	86	488
223/2	0.375	38	38	1/8	1/8	3/4	1	1	3/32		1/16	3/2		-1	89	488
895/8	0.125	38	38	7/32	7/32	3/4	1	1	1/32		1/32	1		7	85	489
895/8	0.125	38	38	7/32	7/32	3/4	1	1	1/32		1/32	1		4	88	489
112	0.375	38	38	1/4	1/4	3/4	1	1	3/32		1/16	3/2		2	86	490
112	0.375	38	38	1/4	1/4	3/4	1	1	3/32		1/16	3/2		-1	89	490
899/8	0.125	38	38	11/32	11/32	3/4	1	1	1/32		1/32	1		7	85	491
899/8	0.125	38	38	11/32	11/32	3/4	1	1	1/32		1/32	1		4	88	491
225/2	0.375	38	38	3/8	3/8	3/4	1	1	3/32		1/16	3/2		2	86	492
225/2	0.375	38	38	3/8	3/8	3/4	1	1	3/32		1/16	3/2		-1	89	492
903/8	0.125	38	38	15/32	15/32	3/4	1	1	1/32		1/32	1		7	85	493
903/8	0.125	38	38	15/32	15/32	3/4	1	1	1/32		1/32	1		4	88	493
113	0.3333333333333333	38	38	1/2	1/2	3/4	2	1	1/12		1/8	2/3	-1	1	79	499
113	0.375	38	38	1/2	1/2	3/4	1	1	3/32		1/16	3/2		2	86	494
113	0.375	38	38	1/2	1/2	3/4	1	1	3/32		1/16	3/2		-1	89	494
340/3	0.3333333333333333	38	38	7/12	7/12	3/4	2	1	1/12		1/8	2/3		3	81	500
907/8	0.125	38	38	19/32	19/32	3/4	1	1	1/32		1/32	1		7	85	495
907/8	0.125	38	38	19/32	19/32	3/4	1	1	1/32		1/32	1		4	88	495
227/2	0.375	38	38	5/8	5/8	3/4	1	1	3/32		1/16	3/2		2	86	496
227/2	0.375	38	38	5/8	5/8	3/4	1	1	3/32		1/16	3/2		-1	89	496
341/3	0.3333333333333333	38	38	2/3	2/3	3/4	2	1	1/12		1/8	2/3		5	83	501
911/8	0.125	38	38	23/32	23/32	3/4	1	1	1/32		1/32	1		7	85	497
911/8	0.125	38	38	23/32	23/32	3/4	1	1	1/32		1/32	1		4	88	497
114	1.0	39	39	0	0	3/4	2	1	1/4		1/4	1		3	81	514
114	0.375	39	39	0	0	3/4	1	1	3/32		1/16	3/2		-5	85	502
114	0.375	39	39	0	0	3/4	1	1	3/32		1/16	3/2		-1	89	502
915/8	0.125	39	39	3/32	3/32	3/4	1	1	1/32		1/32	1		0	84	503
915/8	0.125	39	39	3/32	3/32	3/4	1	1	1/32		1/32	1		4	88	503
229/2	0.375	39	39	1/8	1/8	3/4	1	1	3/32		1/16	3/2		-5	85	504
229/2	0.375	39	39	1/8	1/8	3/4	1	1	3/32		1/16	3/2		-1	89	504
919/8	0.125	39	39	7/32	7/32	3/4	1	1	1/32		1/32	1		0	84	505
919/8	0.125	39	39	7/32	7/32	3/4	1	1	1/32		1/32	1		4	88	505
115	1.5	39	39	1/4	1/4	3/4	2	1	3/8		1/4	3/2		3	81	515
115	0.375	39	39	1/4	1/4	3/4	1	1	3/32		1/16	3/2		-5	85	506
115	0.375	39	39	1/4	1/4	3/4	1	1	3/32		1/16	3/2		-1	89	506
923/8	0.125	39	39	11/32	11/32	3/4	1	1	1/32		1/32	1		0	84	507
923/8	0.125	39	39	11/32	11/32	3/4	1	1	1/32		1/32	1		4	88	507
231/2	0.375	39	39	3/8	3/8	3/4	1	1	3/32		1/16	3/2		-5	85	508
231/2	0.375	39	39	3/8	3/8	3/4	1	1	3/32		1/16	3/2		-1	89	508
927/8	0.125	39	39	15/32	15/32	3/4	1	1	1/32		1/32	1		0	84	509
927/8	0.125	39	39	15/32	15/32	3/4	1	1	1/32		1/32	1		4	88	509
116	0.375	39	39	1/2	1/2	3/4	1	1	3/32		1/16	3/2		-5	85	510
116	0.375	39	39	1/2	1/2	3/4	1	1	3/32		1/16	3/2		-1	89	510
931/8	0.125	39	39	19/32	19/32	3/4	1	1	1/32		1/32	1		0	84	511
931/8	0.125	39	39	19/32	19/32	3/4	1	1	1/32		1/32	1		4	88	511
233/2	0.5	39	39	5/8	5/8	3/4	2	1	1/8		1/8	1		-2	82	516
233/2	0.375	39	39	5/8	5/8	3/4	1	1	3/32		1/16	3/2		-5	85	512
233/2	0.375	39	39	5/8	5/8	3/4	1	1	3/32		1/16	3/2		-1	89	512
935/8	0.125	39	39	23/32	23/32	3/4	1	1	1/32		1/32	1		0	84	513
935/8	0.125	39	39	23/32	23/32	3/4	1	1	1/32		1/32	1		4	88	513
117	2.0	40	40	0	0	3/4	2	1	1/2		1/2	1	1	1	79	529
117	0.375	40	40	0	0	3/4	1	1	3/32		1/16	3/2		2	86	517
117	0.375	40	40	0	0	3/4	1	1	3/32		1/16	3/2		-1	89	517
939/8	0.125	40	40	3/32	3/32	3/4	1	1	1/32		1/32	1		7	85	518
939/8	0.125	40	40	3/32	3/32	3/4	1	1	1/32		1/32	1		4	88	518
235/2	0.375	40	40	1/8	1/8	3/4	1	1	3/32		1/16	3/2		2	86	519
235/2	0.375	40	40	1/8	1/8	3/4	1	1	3/32		1/16	3/2		-1	89	519
943/8	0.125	40	40	7/32	7/32	3/4	1	1	1/32		1/32	1		7	85	520
943/8	0.125	40	40	7/32	7/32	3/4	1	1	1/32		1/32	1		4	88	520
118	0.375	40	40	1/4	1/4	3/4	1	1	3/32		1/16	3/2		2	86	521
118	0.375	40	40	1/4	1/4	3/4	1	1	3/32		1/16	3/2		-1	89	521
947/8	0.125	40	40	11/32	11/32	3/4	1	1	1/32		1/32	1		7	85	522
947/8	0.125	40	40	11/32	11/32	3/4	1	1	1/32		1/32	1		4	88	522
237/2	0.375	40	40	3/8	3/8	3/4	1	1	3/32		1/16	3/2		2	86	523
237/2	0.375	40	40	3/8	3/8	3/4	1	1	3/32		1/16	3/2		-1	89	523
951/8	0.125	40	40	15/32	15/32	3/4	1	1	1/32		1/32	1		7	85	524
951/8	0.125	40	40	15/32	15/32	3/4	1	1	1/32		1/32	1		4	88	524
119	0.3333333333333333	40	40	1/2	1/2	3/4	2	1	1/12		1/8	2/3	-1	1	79	530
119	0.375	40	40	1/2	1/2	3/4	1	1	3/32		1/16	3/2		2	86	525
119	0.375	40	40	1/2	1/2	3/4	1	1	3/32		1/16	3/2		-1	89	525
358/3	0.3333333333333333	40	40	7/12	7/12	3/4	2	1	1/12		1/8	2/3		3	81	531
955/8	0.125	40	40	19/32	19/32	3/4	1	1	1/32		1/32	1		7	85	526
955/8	0.125	40	40	19/32	19/32	3/4	1	1	1/32		1/32	1		4	88	526
239/2	0.375	40	40	5/8	5/8	3/4	1	1	3/32		1/16	3/2		2	86	527
239/2	0.375	40	40	5/8	5/8	3/4	1	1	3/32		1/16	3/2		-1	89	527
359/3	0.3333333333333333	40	40	2/3	2/3	3/4	2	1	1/12		1/8	2/3		5	83	532
959/8	0.125	40	40	23/32	23/32	3/4	1	1	1/32		1/32	1		9	87	528
959/8	0.125	40	40	23/32	23/32	3/4	1	1	1/32		1/32	1		6	90	528
243/2	0.5	41	41	3/8	3/8	3/4	3	1	1/8		1/8	1		0	60	536
243/2	0.5	41	41	3/8	3/8	3/4	1	1	1/8		1/8	1		4	64	533
243/2	0.5	41	41	3/8	3/8	3/4	1	1	1/8		1/8	1		8	68	533
243/2	0.5	41	41	3/8	3/8	3/4	1	1	1/8		1/8	1		0	72	533
122	0.5	41	41	1/2	1/2	3/4	3	1	1/8		1/8	1		3	57	537
122	0.5	41	41	1/2	1/2	3/4	1	1	1/8		1/8	1		7	61	534
122	0.5	41	41	1/2	1/2	3/4	1	1	1/8		1/8	1		-1	65	534
122	0.5	41	41	1/2	1/2	3/4	1	1	1/8		1/8	1		3	69	534
245/2	0.5	41	41	5/8	5/8	3/4	3	1	1/8		1/8	1		-1	53	538
245/2	0.5	41	41	5/8	5/8	3/4	1	1	1/8		1/8	1		-2	58	535
245/2	0.5	41	41	5/8	5/8	3/4	1	1	1/8		1/8	1		2	62	535
245/2	0.5	41	41	5/8	5/8	3/4	1	1	1/8		1/8	1		-1	65	535
123	0.5	42	42	0	0	3/4	3	2	1/8		1/8	1		3	45	549
123	3.0	42	42	0	0	3/4	3	1	3/4		1/2	3/2		0	48	548
123	1.0	42	42	0	0	3/4	2	1	1/4		1/4	1		4	52	545
123	2.0	42	42	0	0	3/4	1	2	1/2		1/2	1		-2	58	544
123	1.0	42	42	0	0	3/4	1	1	1/4		1/4	1	1	0	60	539
247/2	0.5	42	42	1/8	1/8	3/4	3	2	1/8		1/8	1		1	43	550
124	1.0	42	42	1/4	1/4	3/4	3	2	1/4		1/4	1		-1	41	551
124	1.0	42	42	1/4	1/4	3/4	2	1	1/4		1/4	1		-1	53	546
124	0.75	42	42	1/4	1/4	3/4	1	1	3/16		1/8	3/2	-1	0	60	540
499/4	0.25	42	42	7/16	7/16	3/4	1	1	1/16		1/16	1		2	62	541
125	1.0	42	42	1/2	1/2	3/4	3	2	1/4		1/4	1		4	40	552
125	1.0	42	42	1/2	1/2	3/4	2	1	1/4		1/4	1		1	55	547
125	1.0	42	42	1/2	1/2	3/4	2	1	1/4		1/4	1		-2	58	547
125	0.75	42	42	1/2	1/2	3/4	1	1	3/16		1/8	3/2		2	62	542
503/4	0.25	42	42	11/16	11/16	3/4	1	1	1/16		1/16	1		1	67	543
126	0.5	43	43	0	0	3/4	3	2	1/8		1/8	1		3	45	563
126	3.0	43	43	0	0	3/4	3	1	3/4		1/2	3/2		0	48	562
126	1.0	43	43	0	0	3/4	2	1	1/4		1/4	1		4	52	559
126	2.0	43	43	0	0	3/4	1	2	1/2		1/2	1		-2	58	558
126	1.0	43	43	0	0	3/4	1	1	1/4		1/4	1	1	0	60	553
253/2	0.5	43	43	1/8	1/8	3/4	3	2	1/8		1/8	1		1	43	564
127	1.0	43	43	1/4	1/4	3/4	3	2	1/4		1/4	1		-1	41	565
127	1.0	43	43	1/4	1/4	3/4	2	1	1/4		1/4	1		-1	53	560
127	0.75	43	43	1/4	1/4	3/4	1	1	3/16		1/8	3/2	-1	0	60	554
511/4	0.25	43	43	7/16	7/16	3/4	1	1	1/16		1/16	1		2	62	555
128	1.0	43	43	1/2	1/2	3/4	3	2	1/4		1/4	1		4	40	566
128	1.0	43	43	1/2	1/2	3/4	2	1	1/4		1/4	1		1	55	561
128	1.0	43	43	1/2	1/2	3/4	2	1	1/4		1/4	1		-2	58	561
128	0.75	43	43	1/2	1/2	3/4	1	1	3/16		1/8	3/2		2	62	556
515/4	0.25	43	43	11/16	11/16	3/4	1	1	1/16		1/16	1		1	67	557
129	0.16666666666666666	44	44	0	0	3/4	1	1	1/24		1/16	2/3		3	81	567
775/6	0.16666666666666666	44	44	1/24	1/24	3/4	1	1	1/24		1/16	2/3		2	86	568
388/3	0.16666666666666666	44	44	1/12	1/12	3/4	1	1	1/24		1/16	2/3		3	81	569
259/2	0.16666666666666666	44	44	1/8	1/8	3/4	1	1	1/24		1/16	2/3		6	90	570
779/6	0.16666666666666666	44	44	5/24	5/24	3/4	1	1	1/24		1/16	2/3		4	88	571
130	0.16666666666666666	44	44	1/4	1/4	3/4	1	1	1/24		1/16	2/3		2	86	572
391/3	0.16666666666666666	44	44	1/3	1/3	3/4	1	1	1/24		1/16	2/3		5	83	573
261/2	0.16666666666666666	44	44	3/8	3/8	3/4	1	1	1/24		1/16	2/3		3	81	574
785/6	0.16666666666666666	44	44	11/24	11/24	3/4	1	1	1/24		1/16	2/3		6	78	575
131	0.16666666666666666	44	44	1/2	1/2	3/4	1	1	1/24		1/16	2/3		2	74	576
787/6	0.16666666666666666	44	44	13/24	13/24	3/4	1	1	1/24		1/16	2/3		4	76	577
394/3	0.16666666666666666	44	44	7/12	7/12	3/4	1	1	1/24		1/16	2/3		6	78	578
263/2	0.16666666666666666	44	44	5/8	5/8	3/4	1	1	1/24		1/16	2/3		4	76	579
791/6	0.16666666666666666	44	44	17/24	17/24	3/4	1	1	1/24		1/16	2/3		2	74	580
132	0.16666666666666666	45	45	0	0	3/4	1	1	1/24		1/16	2/3		5	71	581
397/3	0.16666666666666666	45	45	1/12	1/12	3/4	1	1	1/24		1/16	2/3		3	69	582
265/2	0.16666666666666666	45	45	1/8	1/8	3/4	1	1	1/24		1/16	2/3		5	71	583
797/6	0.16666666666666666	45	45	5/24	5/24	3/4	1	1	1/24		1/16	2/3		2	74	584
133	0.16666666666666666	45	45	1/4	1/4	3/4	1	1	1/24		1/16	2/3		2	74	585
799/6	0.16666666666666666	45	45	7/24	7/24	3/4	1	1	1/24		1/16	2/3		3	81	586
400/3	0.16666666666666666	45	45	1/3	1/3	3/4	1	1	1/24		1/16	2/3		6	78	587
267/2	0.16666666666666666	45	45	3/8	3/8	3/4	1	1	1/24		1/16	2/3		4	76	588
803/6	0.16666666666666666	45	45	11/24	11/24	3/4	1	1	1/24		1/16	2/3		2	74	589
134	0.16666666666666666	45	45	1/2	1/2	3/4	1	1	1/24		1/16	2/3		5	71	590
403/3	0.16666666666666666	45	45	7/12	7/12	3/4	1	1	1/24		1/16	2/3		3	69	591
269/2	0.16666666666666666	45	45	5/8	5/8	3/4	1	1	1/24		1/16	2/3		5	71	592
809/6	0.16666666666666666	45	45	17/24	17/24	3/4	1	1	1/24		1/16	2/3		2	74	593
811/6	0.16666666666666666	46	46	1/24	1/24	3/4	1	1	1/24		1/16	2/3		3	69	594
406/3	0.16666666666666666	46	46	1/12	1/12	3/4	1	1	1/24		1/16	2/3		6	66	595
271/2	0.16666666666666666	46	46	1/8	1/8	3/4	1	1	1/24		1/16	2/3		4	64	596
815/6	0.16666666666666666	46	46	5/24	5/24	3/4	1	1	1/24		1/16	2/3		2	62	597
136	2.0	46	46	1/4	1/4	3/4	2	1	1/2	1/4_c32_2	1/2	1		3	57	615
136	0.125	46	46	1/4	1/4	3/4	1	1	1/32		1/32	1		-2	58	598
136	0.25	46	46	1/4	1/4	3/4	3	1	1/16		1/16	1		-2	58	616
136	2.0	46	46	1/4	1/4	3/4	2	1	1/2	1/4_c32_1	1/2	1		-2	58	614
1089/8	0.125	46	46	9/32	9/32	3/4	1	1	1/32		1/32	1		3	57	599
545/4	0.125	46	46	5/16	5/16	3/4	1	1	1/32		1/32	1		-2	58	600
1091/8	0.125	46	46	11/32	11/32	3/4	1	1	1/32		1/32	1		3	57	601
273/2	0.125	46	46	3/8	3/8	3/4	1	1	1/32		1/32	1		-2	58	602
1093/8	0.125	46	46	13/32	13/32	3/4	1	1	1/32		1/32	1		3	57	603
547/4	0.125	46	46	7/16	7/16	3/4	1	1	1/32		1/32	1		-2	58	604
1095/8	0.125	46	46	15/32	15/32	3/4	1	1	1/32		1/32	1		3	57	605
137	0.125	46	46	1/2	1/2	3/4	1	1	1/32		1/32	1		-2	58	606
1097/8	0.125	46	46	17/32	17/32	3/4	1	1	1/32		1/32	1		3	57	607
549/4	0.125	46	46	9/16	9/16	3/4	1	1	1/32		1/32	1		-2	58	608
1099/8	0.125	46	46	19/32	19/32	3/4	1	1	1/32		1/32	1		3	57	609
275/2	0.125	46	46	5/8	5/8	3/4	1	1	1/32		1/32	1		-2	58	610
1101/8	0.125	46	46	21/32	21/32	3/4	1	1	1/32		1/32	1		3	57	611
551/4	0.125	46	46	11/16	11/16	3/4	1	1	1/32		1/32	1		-2	58	612
1103/8	0.125	46	46	23/32	23/32	3/4	1	1	1/32		1/32	1		3	57	613
138	2.0	47	47	0	0	3/4	2	1	1/2	1/4_c32_2	1/2	1		3	57	634
138	0.125	47	47	0	0	3/4	1	1	1/32		1/32	1		-2	58	617
138	2.0	47	47	0	0	3/4	2	1	1/2	1/4_c32_1	1/2	1		-2	58	633
1105/8	0.125	47	47	1/32	1/32	3/4	1	1	1/32		1/32	1		3	57	618
553/4	0.125	47	47	1/16	1/16	3/4	1	1	1/32		1/32	1		-2	58	619
1107/8	0.125	47	47	3/32	3/32	3/4	1	1	1/32		1/32	1		3	57	620
277/2	0.125	47	47	1/8	1/8	3/4	1	1	1/32		1/32	1		-2	58	621
1109/8	0.125	47	47	5/32	5/32	3/4	1	1	1/32		1/32	1		3	57	622
555/4	0.125	47	47	3/16	3/16	3/4	1	1	1/32		1/32	1		-2	58	623
1111/8	0.125	47	47	7/32	7/32	3/4	1	1	1/32		1/32	1		3	57	624
139	0.125	47	47	1/4	1/4	3/4	1	1	1/32		1/32	1		-2	58	625
1113/8	0.125	47	47	9/32	9/32	3/4	1	1	1/32		1/32	1		3	57	626
557/4	0.125	47	47	5/16	5/16	3/4	1	1	1/32		1/32	1		-2	58	627
1115/8	0.125	47	47	11/32	11/32	3/4	1	1	1/32		1/32	1		3	57	628
279/2	0.125	47	47	3/8	3/8	3/4	1	1	1/32		1/32	1		-2	58	629
1117/8	0.125	47	47	13/32	13/32	3/4	1	1	1/32		1/32	1		3	57	630
559/4	0.125	47	47	7/16	7/16	3/4	1	1	1/32		1/32	1		-2	58	631
1119/8	0.125	47	47	15/32	15/32	3/4	1	1	1/32		1/32	1		3	57	632
140	0.08333333333333333	47	47	1/2	1/2	3/4	2	1	1/48		1/32	2/3		-2	58	635
1681/12	0.08333333333333333	47	47	25/48	25/48	3/4	2	1	1/48		1/32	2/3		3	57	636
841/6	0.08333333333333333	47	47	13/24	13/24	3/4	2	1	1/48		1/32	2/3		1	55	637
561/4	0.08333333333333333	47	47	9/16	9/16	3/4	2	1	1/48		1/32	2/3		-1	53	638
421/3	0.08333333333333333	47	47	7/12	7/12	3/4	2	1	1/48		1/32	2/3		4	52	639
1685/12	0.08333333333333333	47	47	29/48	29/48	3/4	2	1	1/48		1/32	2/3		2	50	640
281/2	0.25	47	47	5/8	5/8	3/4	2	1	1/16		1/16	1		0	48	641
285/2	0.5	48	48	3/8	3/8	3/4	1	1	1/8		1/8	1		0	60	642
143	0.75	48	48	1/2	1/2	3/4	1	1	3/16		1/8	3/2		2	62	643
575/4	0.25	48	48	11/16	11/16	3/4	1	1	1/16		1/16	1		1	67	644
144	3.0	49	49	0	0	3/4	3	1	3/4		1/2	3/2	1	-1	41	652
144	3.0	49	49	0	0	3/4	3	1	3/4		1/2	3/2	1	0	48	652
144	3.0	49	49	0	0	3/4	1	1	3/4		1/2	3/2	1	3	57	645
144	0.75	49	49	0	0	3/4	2	1	3/16		1/8	3/2		2	62	646
144	3.0	49	49	0	0	3/4	1	1	3/4		1/2	3/2	1	1	67	645
579/4	0.25	49	49	3/16	3/16	3/4	2	1	1/16		1/16	1		0	60	647
145	0.75	49	49	1/4	1/4	3/4	2	1	3/16		1/8	3/2		2	62	648
583/4	0.25	49	49	7/16	7/16	3/4	2	1	1/16		1/16	1		0	60	649
146	0.75	49	49	1/2	1/2	3/4	2	1	3/16		1/8	3/2		2	62	650
587/4	0.25	49	49	11/16	11/16	3/4	2	1	1/16		1/16	1		0	60	651
147	1.0	50	50	0	0	3/4	3	1	1/4		1/4	1	-1	-1	41	661
147	1.0	50	50	0	0	3/4	3	1	1/4		1/4	1	-1	0	48	661
147	1.0	50	50	0	0	3/4	1	1	1/4		1/4	1	-1	3	57	653
147	0.75	50	50	0	0	3/4	2	1	3/16		1/8	3/2		2	62	655
147	1.0	50	50	0	0	3/4	1	1	1/4		1/4	1	-1	1	67	653
591/4	0.25	50	50	3/16	3/16	3/4	2	1	1/16		1/16	1		0	60	656
148	0.75	50	50	1/4	1/4	3/4	2	1	3/16		1/8	3/2		-2	58	657
148	2.0	50	50	1/4	1/4	3/4	1	1	1/2		1/2	1		0	60	654
595/4	0.25	50	50	7/16	7/16	3/4	2	1	1/16		1/16	1		3	57	658
149	0.75	50	50	1/2	1/2	3/4	2	1	3/16		1/8	3/2		1	55	659
599/4	0.25	50	50	11/16	11/16	3/4	2	1	1/16		1/16	1		-1	53	660
150	0.75	51	51	0	0	3/4	3	1	3/16		1/8	3/2		2	50	663
603/4	0.25	51	51	3/16	3/16	3/4	3	1	1/16		1/16	1		0	48	664
151	1.0	51	51	1/4	1/4	3/4	3	1	1/4		1/4	1		-2	34	665
151	1.0	51	51	1/4	1/4	3/4	3	1	1/4		1/4	1		-2	46	665
151	2.0	51	51	1/4	1/4	3/4	2	1	1/2		1/2	1	1	0	48	662
151	2.0	51	51	1/4	1/4	3/4	2	1	1/2		1/2	1	1	2	50	662
151	2.0	51	51	1/4	1/4	3/4	2	1	1/2		1/2	1	1	-1	53	662
152	1.0	51	51	1/2	1/2	3/4	3	1	1/4		1/4	1		3	33	666
152	1.0	51	51	1/2	1/2	3/4	3	1	1/4		1/4	1		3	45	666
153	1.0	52	52	0	0	3/4	3	2	1/4		1/4	1		1	31	674
153	1.0	52	52	0	0	3/4	3	2	1/4		1/4	1		1	43	674
153	1.0	52	52	0	0	3/4	2	1	1/4		1/4	1	0	0	48	667
153	1.0	52	52	0	0	3/4	2	1	1/4		1/4	1	0	2	50	667
153	1.0	52	52	0	0	3/4	2	1	1/4		1/4	1	0	-1	53	667
154	1.0	52	52	1/4	1/4	3/4	3	2	1/4		1/4	1		-2	34	675
154	1.0	52	52	1/4	1/4	3/4	3	2	1/4		1/4	1		-2	46	675
154	0.5	52	52	1/4	1/4	3/4	2	1	1/8		1/8	1	-1	0	48	668
154	0.5	52	52	1/4	1/4	3/4	2	1	1/8		1/8	1	-1	2	50	668
154	0.5	52	52	1/4	1/4	3/4	2	1	1/8		1/8	1	-1	-1	53	668
155	1.0	52	52	1/2	1/2	3/4	3	2	1/4		1/4	1		2	38	676
155	1.0	52	52	1/2	1/2	3/4	3	2	1/4		1/4	1		2	50	676
1867/12	0.08333333333333333	52	52	31/48	31/48	3/4	3	1	1/48		1/32	2/3		1	55	669
467/3	0.08333333333333333	52	52	2/3	2/3	3/4	3	1	1/48		1/32	2/3		3	57	670
623/4	0.08333333333333333	52	52	11/16	11/16	3/4	3	1	1/48		1/32	2/3		-2	58	671
935/6	0.08333333333333333	52	52	17/24	17/24	3/4	3	1	1/48		1/32	2/3		0	60	672
1871/12	0.08333333333333333	52	52	35/48	35/48	3/4	3	1	1/48		1/32	2/3		2	62	673
156	1.5	53	53	0	0	3/4	3	1	3/8		1/4	3/2		4	64	679
156	3.0	53	53	0	0	3/4	2	1	3/4		1/2	3/2		-1	65	678
156	3.0	53	53	0	0	3/4	2	1	3/4		1/2	3/2		3	69	678
315/2	0.5	53	53	3/8	3/8	3/4	3	1	1/8		1/8	1		2	62	680
158	1.0	53	53	1/2	1/2	3/4	3	1	1/4		1/4	1	1	0	48	681
158	1.0	53	53	1/2	1/2	3/4	3	1	1/4		1/4	1	1	-1	53	681
158	1.0	53	53	1/2	1/2	3/4	3	1	1/4		1/4	1	1	3	57	681
158	1.0	53	53	1/2	1/2	3/4	3	1	1/4		1/4	1	1	0	60	681
158	1.0	53	53	1/2	1/2	3/4	1	2	1/4		1/4	1	1	-1	65	677
158	1.0	53	53	1/2	1/2	3/4	1	2	1/4		1/4	1	1	3	69	677
158	1.0	53	53	1/2	1/2	3/4	1	2	1/4		1/4	1	1	0	72	677
158	1.0	53	53	1/2	1/2	3/4	1	2	1/4		1/4	1		-1	77	677
159	3.0	54	54	0	0	3/4	3	2	3/4		1/2	3/2		-1	29	685
159	3.0	54	54	0	0	3/4	3	2	3/4		1/2	3/2		0	36	685
159	3.0	54	54	0	0	3/4	3	2	3/4		1/2	3/2		-1	41	685
159	3.0	54	54	0	0	3/4	3	1	3/4		1/2	3/2	-1	0	48	684
159	3.0	54	54	0	0	3/4	3	1	3/4		1/2	3/2	-1	-1	53	684
159	3.0	54	54	0	0	3/4	3	1	3/4		1/2	3/2	-1	3	57	684
159	3.0	54	54	0	0	3/4	3	1	3/4		1/2	3/2	-1	0	60	684
159	3.0	54	54	0	0	3/4	1	2	3/4		1/2	3/2	-1	-1	65	683
159	3.0	54	54	0	0	3/4	1	2	3/4		1/2	3/2	-1	3	69	683
159	3.0	54	54	0	0	3/4	1	2	3/4		1/2	3/2	-1	0	72	683
159	3.0	54	54	0	0	3/4	1	1	3/4		1/2	3/2		-1	77	682
159	3.0	54	54	0	0	3/4	1	1	3/4		1/2	3/2		3	81	682
159	3.0	54	54	0	0	3/4	1	1	3/4		1/2	3/2		0	84	682
159	3.0	54	54	0	0	3/4	1	1	3/4		1/2	3/2		-1	89	682
