quarterbeats	duration_qb	mc	mn	mc_onset	mn_onset	timesig	staff	voice	duration	gracenote	nominal_duration	scalar	tied	tpc	midi	chord_id
1	1.0	1	1	1/4	1/4	4/4	1	1	1/4		1/4	1		2	62	0
1	1.0	1	1	1/4	1/4	4/4	1	1	1/4		1/4	1		-1	65	0
1	1.0	1	1	1/4	1/4	4/4	1	1	1/4		1/4	1		3	69	0
1	1.0	1	1	1/4	1/4	4/4	1	1	1/4		1/4	1		2	74	0
2	1.0	1	1	1/2	1/2	4/4	1	1	1/4		1/4	1		3	57	1
2	1.0	1	1	1/2	1/2	4/4	1	1	1/4		1/4	1		0	60	1
2	1.0	1	1	1/2	1/2	4/4	1	1	1/4		1/4	1		4	64	1
2	1.0	1	1	1/2	1/2	4/4	1	1	1/4		1/4	1		3	69	1
3	1.0	1	1	3/4	3/4	4/4	1	1	1/4		1/4	1		0	60	2
3	1.0	1	1	3/4	3/4	4/4	1	1	1/4		1/4	1		4	64	2
3	1.0	1	1	3/4	3/4	4/4	1	1	1/4		1/4	1		1	67	2
3	1.0	1	1	3/4	3/4	4/4	1	1	1/4		1/4	1		0	72	2
4	1.0	2	2	0	0	4/4	1	1	1/4		1/4	1		4	64	3
4	1.0	2	2	0	0	4/4	1	1	1/4		1/4	1		1	67	3
4	1.0	2	2	0	0	4/4	1	1	1/4		1/4	1		5	71	3
4	1.0	2	2	0	0	4/4	1	1	1/4		1/4	1		4	76	3
5	1.0	2	2	1/4	1/4	4/4	1	1	1/4		1/4	1		2	62	4
5	1.0	2	2	1/4	1/4	4/4	1	1	1/4		1/4	1		-1	65	4
5	1.0	2	2	1/4	1/4	4/4	1	1	1/4		1/4	1		3	69	4
5	1.0	2	2	1/4	1/4	4/4	1	1	1/4		1/4	1		2	74	4
6	1.0	2	2	1/2	1/2	4/4	1	1	1/4		1/4	1		1	67	5
6	1.0	2	2	1/2	1/2	4/4	1	1	1/4		1/4	1		-2	70	5
6	1.0	2	2	1/2	1/2	4/4	1	1	1/4		1/4	1		2	74	5
6	1.0	2	2	1/2	1/2	4/4	1	1	1/4		1/4	1		1	79	5
7	1.0	2	2	3/4	3/4	4/4	1	1	1/4		1/4	1		0	72	6
7	1.0	2	2	3/4	3/4	4/4	1	1	1/4		1/4	1		4	76	6
7	1.0	2	2	3/4	3/4	4/4	1	1	1/4		1/4	1		1	79	6
7	1.0	2	2	3/4	3/4	4/4	1	1	1/4		1/4	1		0	84	6
8	1.0	3	3	0	0	4/4	1	1	1/4		1/4	1		3	69	7
8	1.0	3	3	0	0	4/4	1	1	1/4		1/4	1		0	72	7
8	1.0	3	3	0	0	4/4	1	1	1/4		1/4	1		4	76	7
8	1.0	3	3	0	0	4/4	1	1	1/4		1/4	1		3	81	7
9	2.0	3	3	1/4	1/4	4/4	2	1	1/2		1/2	1		1	67	11
9	1.0	3	3	1/4	1/4	4/4	1	1	1/4		1/4	1		2	74	8
9	1.0	3	3	1/4	1/4	4/4	1	1	1/4		1/4	1		-1	77	8
9	1.0	3	3	1/4	1/4	4/4	1	1	1/4		1/4	1		3	81	8
9	1.0	3	3	1/4	1/4	4/4	1	1	1/4		1/4	1		2	86	8
10	1.0	3	3	1/2	1/2	4/4	1	1	1/4		1/4	1		3	69	9
10	1.0	3	3	1/2	1/2	4/4	1	1	1/4		1/4	1		0	72	9
10	1.0	3	3	1/2	1/2	4/4	1	1	1/4		1/4	1		4	76	9
10	1.0	3	3	1/2	1/2	4/4	1	1	1/4		1/4	1		3	81	9
11	1.0	3	3	3/4	3/4	4/4	2	1	1/4		1/4	1	1	0	60	12
11	1.0	3	3	3/4	3/4	4/4	1	1	1/4		1/4	1		1	67	10
11	1.0	3	3	3/4	3/4	4/4	1	1	1/4		1/4	1		-2	70	10
11	1.0	3	3	3/4	3/4	4/4	1	1	1/4		1/4	1		2	74	10
11	1.0	3	3	3/4	3/4	4/4	1	1	1/4		1/4	1		1	79	10
12	1.0	4	4	0	0	4/4	2	1	1/4		1/4	1	-1	0	60	17
12	1.0	4	4	0	0	4/4	1	1	1/4		1/4	1		2	62	13
12	1.0	4	4	0	0	4/4	1	1	1/4		1/4	1		-1	65	13
12	1.0	4	4	0	0	4/4	1	1	1/4		1/4	1		3	69	13
12	1.0	4	4	0	0	4/4	1	1	1/4		1/4	1		2	74	13
13	1.0	4	4	1/4	1/4	4/4	2	1	1/4		1/4	1	1	-3	51	18
13	1.0	4	4	1/4	1/4	4/4	2	1	1/4		1/4	1		-2	58	18
13	1.0	4	4	1/4	1/4	4/4	1	1	1/4		1/4	1		-3	63	14
13	1.0	4	4	1/4	1/4	4/4	1	1	1/4		1/4	1		1	67	14
13	1.0	4	4	1/4	1/4	4/4	1	1	1/4		1/4	1		-2	70	14
13	1.0	4	4	1/4	1/4	4/4	1	1	1/4		1/4	1		-3	75	14
14	1.0	4	4	1/2	1/2	4/4	2	1	1/4		1/4	1		-4	44	19
14	1.0	4	4	1/2	1/2	4/4	2	1	1/4		1/4	1	-1	-3	51	19
14	1.0	4	4	1/2	1/2	4/4	1	1	1/4		1/4	1		-4	56	15
14	1.0	4	4	1/2	1/2	4/4	1	1	1/4		1/4	1		0	60	15
14	1.0	4	4	1/2	1/2	4/4	1	1	1/4		1/4	1		-3	63	15
14	1.0	4	4	1/2	1/2	4/4	1	1	1/4		1/4	1		-4	68	15
15	1.0	4	4	3/4	3/4	4/4	2	1	1/4		1/4	1		-6	42	20
15	1.0	4	4	3/4	3/4	4/4	2	1	1/4		1/4	1		-5	49	20
15	1.0	4	4	3/4	3/4	4/4	2	1	1/4		1/4	1		-6	54	20
15	1.0	4	4	3/4	3/4	4/4	1	1	1/4		1/4	1		-2	58	16
15	1.0	4	4	3/4	3/4	4/4	1	1	1/4		1/4	1		-5	61	16
15	1.0	4	4	3/4	3/4	4/4	1	1	1/4		1/4	1		-6	66	16
15	1.0	4	4	3/4	3/4	4/4	1	1	1/4		1/4	1		-2	70	16
16	4.0	5	5	0	0	4/4	2	1	1		1	1		2	38	22
16	4.0	5	5	0	0	4/4	2	1	1		1	1		3	45	22
16	4.0	5	5	0	0	4/4	2	1	1		1	1		-1	53	22
16	4.0	5	5	0	0	4/4	1	1	1		1	1		2	62	21
16	4.0	5	5	0	0	4/4	1	1	1		1	1		-1	65	21
16	4.0	5	5	0	0	4/4	1	1	1		1	1		3	69	21
16	4.0	5	5	0	0	4/4	1	1	1		1	1		2	74	21
17	1.0	5	5	1/4	1/4	4/4	3	1	1/4		1/4	1		2	38	26
17	1.0	5	5	1/4	1/4	4/4	2	2	1/4		1/4	1		2	50	23
18	1.0	5	5	1/2	1/2	4/4	3	1	1/4		1/4	1		3	33	27
18	1.0	5	5	1/2	1/2	4/4	2	2	1/4		1/4	1		3	45	24
19	1.0	5	5	3/4	3/4	4/4	3	1	1/4		1/4	1		0	36	28
19	1.0	5	5	3/4	3/4	4/4	2	2	1/4		1/4	1		0	48	25
20	1.0	6	6	0	0	4/4	3	1	1/4		1/4	1		4	40	33
20	1.0	6	6	0	0	4/4	2	2	1/4		1/4	1		4	52	29
21	1.0	6	6	1/4	1/4	4/4	3	1	1/4		1/4	1		2	38	34
21	1.0	6	6	1/4	1/4	4/4	2	2	1/4		1/4	1		2	50	30
22	1.0	6	6	1/2	1/2	4/4	3	1	1/4		1/4	1		1	43	35
22	1.0	6	6	1/2	1/2	4/4	2	2	1/4		1/4	1		1	55	31
23	1.0	6	6	3/4	3/4	4/4	3	1	1/4		1/4	1		0	48	36
23	1.0	6	6	3/4	3/4	4/4	2	2	1/4		1/4	1		0	60	32
24	4.0	7	7	0	0	4/4	3	1	1		1	1	1	3	45	47
24	4.0	7	7	0	0	4/4	2	1	1		1	1	1	3	57	44
49/2	0.5	7	7	1/8	1/8	4/4	3	2	1/8		1/8	1	1	2	38	48
49/2	0.5	7	7	1/8	1/8	4/4	2	2	1/8		1/8	1	1	6	54	45
49/2	0.5	7	7	1/8	1/8	4/4	2	2	1/8		1/8	1	1	0	60	45
25	3.0	7	7	1/4	1/4	4/4	3	2	3/4		1/2	3/2	0	2	38	49
25	3.0	7	7	1/4	1/4	4/4	2	2	3/4		1/2	3/2	0	6	54	46
25	3.0	7	7	1/4	1/4	4/4	2	2	3/4		1/2	3/2	0	0	60	46
25	1.0	7	7	1/4	1/4	4/4	1	1	1/4		1/4	1	1	7	61	37
26	0.3333333333333333	7	7	1/2	1/2	4/4	1	1	1/12		1/8	2/3	-1	7	61	38
79/3	0.3333333333333333	7	7	7/12	7/12	4/4	1	1	1/12		1/8	2/3		7	61	39
80/3	0.3333333333333333	7	7	2/3	2/3	4/4	1	1	1/12		1/8	2/3		7	61	40
27	0.3333333333333333	7	7	3/4	3/4	4/4	1	1	1/12		1/8	2/3		7	61	41
82/3	0.3333333333333333	7	7	5/6	5/6	4/4	1	1	1/12		1/8	2/3		7	61	42
83/3	0.3333333333333333	7	7	11/12	11/12	4/4	1	1	1/12		1/8	2/3		2	62	43
28	1.0	8	8	0	0	4/4	3	2	1/4		1/4	1	-1	2	38	58
28	1.0	8	8	0	0	4/4	3	1	1/4		1/4	1	-1	3	45	57
28	1.0	8	8	0	0	4/4	2	2	1/4		1/4	1	-1	6	54	56
28	1.0	8	8	0	0	4/4	2	1	1/4		1/4	1	-1	3	57	55
28	1.0	8	8	0	0	4/4	2	2	1/4		1/4	1	-1	0	60	56
28	0.5	8	8	0	0	4/4	1	1	1/8		1/8	1		-3	63	50
57/2	0.0	8	8	1/8	1/8	4/4	1	1	0	acciaccatura	1/8	1		-1	65	51
57/2	0.5	8	8	1/8	1/8	4/4	1	1	1/8		1/8	1		4	64	52
29	2.0	8	8	1/4	1/4	4/4	1	1	1/2		1/2	1		-3	63	53
31	1.0	8	8	3/4	3/4	4/4	1	1	1/4		1/4	1		2	62	54
32	4.0	9	9	0	0	4/4	3	1	1		1	1		3	45	76
32	4.0	9	9	0	0	4/4	2	1	1		1	1		3	57	73
65/2	0.5	9	9	1/8	1/8	4/4	3	2	1/8		1/8	1	1	2	38	77
65/2	0.5	9	9	1/8	1/8	4/4	2	2	1/8		1/8	1	1	6	54	74
65/2	0.5	9	9	1/8	1/8	4/4	2	2	1/8		1/8	1	1	0	60	74
33	3.0	9	9	1/4	1/4	4/4	3	2	3/4		1/2	3/2	-1	2	38	78
33	3.0	9	9	1/4	1/4	4/4	2	2	3/4		1/2	3/2	-1	6	54	75
33	3.0	9	9	1/4	1/4	4/4	2	2	3/4		1/2	3/2	-1	0	60	75
33	1.0	9	9	1/4	1/4	4/4	1	2	1/4		1/4	1	1	7	61	66
33	1.0	9	9	1/4	1/4	4/4	1	1	1/4		1/4	1	1	7	73	59
34	0.3333333333333333	9	9	1/2	1/2	4/4	1	2	1/12		1/8	2/3	-1	7	61	67
34	0.3333333333333333	9	9	1/2	1/2	4/4	1	1	1/12		1/8	2/3	-1	7	73	60
103/3	0.3333333333333333	9	9	7/12	7/12	4/4	1	2	1/12		1/8	2/3		7	61	68
103/3	0.3333333333333333	9	9	7/12	7/12	4/4	1	1	1/12		1/8	2/3		7	73	61
104/3	0.3333333333333333	9	9	2/3	2/3	4/4	1	2	1/12		1/8	2/3		7	61	69
104/3	0.3333333333333333	9	9	2/3	2/3	4/4	1	1	1/12		1/8	2/3		7	73	62
35	0.3333333333333333	9	9	3/4	3/4	4/4	1	2	1/12		1/8	2/3		7	61	70
35	0.3333333333333333	9	9	3/4	3/4	4/4	1	1	1/12		1/8	2/3		7	73	63
106/3	0.3333333333333333	9	9	5/6	5/6	4/4	1	2	1/12		1/8	2/3		7	61	71
106/3	0.3333333333333333	9	9	5/6	5/6	4/4	1	1	1/12		1/8	2/3		7	73	64
107/3	0.3333333333333333	9	9	11/12	11/12	4/4	1	2	1/12		1/8	2/3		2	62	72
107/3	0.3333333333333333	9	9	11/12	11/12	4/4	1	1	1/12		1/8	2/3		2	74	65
36	0.5	10	10	0	0	4/4	1	2	1/8		1/8	1		-3	63	84
36	0.5	10	10	0	0	4/4	1	1	1/8		1/8	1		-3	75	79
73/2	0.0	10	10	1/8	1/8	4/4	1	1	0	acciaccatura	1/8	1		-4	80	80
73/2	0.0	10	10	1/8	1/8	4/4	1	2	0	acciaccatura	1/8	1		-4	68	85
73/2	0.5	10	10	1/8	1/8	4/4	1	2	1/8		1/8	1		1	67	86
73/2	0.5	10	10	1/8	1/8	4/4	1	1	1/8		1/8	1		1	79	81
37	2.0	10	10	1/4	1/4	4/4	1	2	1/2		1/2	1		6	66	87
37	2.0	10	10	1/4	1/4	4/4	1	1	1/2		1/2	1		6	78	82
39	1.0	10	10	3/4	3/4	4/4	1	2	1/4		1/4	1		3	69	88
39	1.0	10	10	3/4	3/4	4/4	1	1	1/4		1/4	1		3	81	83
40	4.0	11	11	0	0	4/4	2	1	1		1	1		1	55	100
40	4.0	11	11	0	0	4/4	2	1	1		1	1		2	62	100
40	4.0	11	11	0	0	4/4	2	1	1		1	1		-2	70	100
40	4.0	11	11	0	0	4/4	1	1	1		1	1		2	74	89
40	4.0	11	11	0	0	4/4	1	1	1		1	1		4	88	89
81/2	0.5	11	11	1/8	1/8	4/4	1	2	1/8		1/8	1	1	3	81	90
41	0.25	11	11	1/4	1/4	4/4	1	2	1/16		1/16	1	-1	3	81	91
165/4	0.25	11	11	5/16	5/16	4/4	1	2	1/16		1/16	1		-2	82	92
83/2	0.25	11	11	3/8	3/8	4/4	1	2	1/16		1/16	1		-2	82	93
167/4	0.25	11	11	7/16	7/16	4/4	1	2	1/16		1/16	1	1	3	81	94
42	0.5	11	11	1/2	1/2	4/4	1	2	1/8		1/8	1	-1	3	81	95
85/2	0.5	11	11	5/8	5/8	4/4	1	2	1/8		1/8	1		1	79	96
43	0.3333333333333333	11	11	3/4	3/4	4/4	1	2	1/12		1/8	2/3		-1	77	97
130/3	0.3333333333333333	11	11	5/6	5/6	4/4	1	2	1/12		1/8	2/3		4	76	98
131/3	0.3333333333333333	11	11	11/12	11/12	4/4	1	2	1/12		1/8	2/3		-3	75	99
44	4.0	12	12	0	0	4/4	2	1	1		1	1		1	55	107
44	4.0	12	12	0	0	4/4	2	1	1		1	1		2	62	107
44	4.0	12	12	0	0	4/4	2	1	1		1	1		5	71	107
44	2.0	12	12	0	0	4/4	1	2	1/2		1/2	1	1	2	74	102
44	4.0	12	12	0	0	4/4	1	1	1		1	1		5	83	101
44	4.0	12	12	0	0	4/4	1	1	1		1	1		4	88	101
46	0.5	12	12	1/2	1/2	4/4	1	2	1/8		1/8	1	-1	2	74	103
93/2	0.5	12	12	5/8	5/8	4/4	1	2	1/8		1/8	1		4	76	104
47	0.5	12	12	3/4	3/4	4/4	1	2	1/8		1/8	1		-1	77	105
95/2	0.5	12	12	7/8	7/8	4/4	1	2	1/8		1/8	1		1	79	106
48	4.0	13	13	0	0	4/4	2	1	1		1	1		-3	51	119
48	4.0	13	13	0	0	4/4	2	1	1		1	1		-2	58	119
48	4.0	13	13	0	0	4/4	2	1	1		1	1		-3	63	119
48	4.0	13	13	0	0	4/4	1	1	1		1	1		1	67	108
48	4.0	13	13	0	0	4/4	1	1	1		1	1		-5	73	108
97/2	0.5	13	13	1/8	1/8	4/4	1	2	1/8		1/8	1	1	3	81	109
49	0.25	13	13	1/4	1/4	4/4	1	2	1/16		1/16	1	-1	3	81	110
197/4	0.25	13	13	5/16	5/16	4/4	1	2	1/16		1/16	1		-2	82	111
99/2	0.25	13	13	3/8	3/8	4/4	1	2	1/16		1/16	1		-2	82	112
199/4	0.25	13	13	7/16	7/16	4/4	1	2	1/16		1/16	1	1	3	81	113
50	0.5	13	13	1/2	1/2	4/4	1	2	1/8		1/8	1	-1	3	81	114
101/2	0.5	13	13	5/8	5/8	4/4	1	2	1/8		1/8	1		1	79	115
51	0.3333333333333333	13	13	3/4	3/4	4/4	1	2	1/12		1/8	2/3		-1	77	116
154/3	0.3333333333333333	13	13	5/6	5/6	4/4	1	2	1/12		1/8	2/3		4	76	117
155/3	0.3333333333333333	13	13	11/12	11/12	4/4	1	2	1/12		1/8	2/3		-3	75	118
52	2.0	14	14	0	0	4/4	3	1	1/2		1/2	1		0	36	133
52	2.0	14	14	0	0	4/4	3	1	1/2		1/2	1		1	43	133
52	2.0	14	14	0	0	4/4	3	1	1/2		1/2	1		4	52	133
52	2.0	14	14	0	0	4/4	1	2	1/2		1/2	1		0	60	126
52	1.0	14	14	0	0	4/4	2	1	1/4		1/4	1		1	67	128
52	2.0	14	14	0	0	4/4	1	2	1/2		1/2	1		1	67	126
52	2.0	14	14	0	0	4/4	1	1	1/2		1/2	1	1	2	74	120
53	0.0	14	14	1/4	1/4	4/4	2	1	0	acciaccatura	1/8	1		-2	70	129
53	0.5	14	14	1/4	1/4	4/4	2	1	1/8		1/8	1		1	67	130
107/2	0.5	14	14	3/8	3/8	4/4	2	1	1/8		1/8	1		-1	65	131
54	2.0	14	14	1/2	1/2	4/4	3	1	1/2		1/2	1		-1	41	134
54	2.0	14	14	1/2	1/2	4/4	3	1	1/2		1/2	1		0	48	134
54	2.0	14	14	1/2	1/2	4/4	3	1	1/2		1/2	1		3	57	134
54	1.0	14	14	1/2	1/2	4/4	2	1	1/4		1/4	1		-3	63	132
54	2.0	14	14	1/2	1/2	4/4	1	2	1/2		1/2	1		-3	63	127
54	2.0	14	14	1/2	1/2	4/4	1	2	1/2		1/2	1		1	67	127
54	0.75	14	14	1/2	1/2	4/4	1	1	3/16		1/8	3/2	-1	2	74	121
219/4	0.25	14	14	11/16	11/16	4/4	1	1	1/16		1/16	1		3	81	122
55	0.3333333333333333	14	14	3/4	3/4	4/4	1	1	1/12		1/8	2/3		-1	77	123
166/3	0.3333333333333333	14	14	5/6	5/6	4/4	1	1	1/12		1/8	2/3		2	74	124
167/3	0.3333333333333333	14	14	11/12	11/12	4/4	1	1	1/12		1/8	2/3		3	69	125
56	2.0	15	15	0	0	4/4	3	1	1/2		1/2	1		0	36	148
56	2.0	15	15	0	0	4/4	3	1	1/2		1/2	1		1	43	148
56	2.0	15	15	0	0	4/4	3	1	1/2		1/2	1		4	52	148
56	2.0	15	15	0	0	4/4	1	2	1/2		1/2	1		0	60	141
56	1.0	15	15	0	0	4/4	2	1	1/4		1/4	1		1	67	143
56	2.0	15	15	0	0	4/4	1	2	1/2		1/2	1		1	67	141
56	2.0	15	15	0	0	4/4	1	1	1/2		1/2	1	1	2	74	135
57	0.0	15	15	1/4	1/4	4/4	2	1	0	acciaccatura	1/8	1		-2	70	144
57	0.5	15	15	1/4	1/4	4/4	2	1	1/8		1/8	1		1	67	145
115/2	0.5	15	15	3/8	3/8	4/4	2	1	1/8		1/8	1		-1	65	146
58	2.0	15	15	1/2	1/2	4/4	3	1	1/2		1/2	1	1	-1	41	149
58	2.0	15	15	1/2	1/2	4/4	3	1	1/2		1/2	1	1	0	48	149
58	2.0	15	15	1/2	1/2	4/4	3	1	1/2		1/2	1	1	3	57	149
58	1.0	15	15	1/2	1/2	4/4	2	1	1/4		1/4	1		-3	63	147
58	2.0	15	15	1/2	1/2	4/4	1	2	1/2		1/2	1	1	-3	63	142
58	2.0	15	15	1/2	1/2	4/4	1	2	1/2		1/2	1	1	1	67	142
58	0.75	15	15	1/2	1/2	4/4	1	1	3/16		1/8	3/2	-1	2	74	136
235/4	0.25	15	15	11/16	11/16	4/4	1	1	1/16		1/16	1		3	81	137
59	0.3333333333333333	15	15	3/4	3/4	4/4	1	1	1/12		1/8	2/3		-1	77	138
178/3	0.3333333333333333	15	15	5/6	5/6	4/4	1	1	1/12		1/8	2/3		2	74	139
179/3	0.3333333333333333	15	15	11/12	11/12	4/4	1	1	1/12		1/8	2/3		3	69	140
60	0.0	16	16	0	0	4/4	1	1	0	acciaccatura	1/8	1		-3	87	150
60	1.0	16	16	0	0	4/4	3	1	1/4		1/4	1	-1	-1	41	155
60	1.0	16	16	0	0	4/4	3	1	1/4		1/4	1	-1	0	48	155
60	1.0	16	16	0	0	4/4	3	1	1/4		1/4	1	-1	3	57	155
60	1.0	16	16	0	0	4/4	1	2	1/4		1/4	1	-1	-3	63	154
60	1.0	16	16	0	0	4/4	1	2	1/4		1/4	1	-1	1	67	154
60	2.0	16	16	0	0	4/4	1	1	1/2		1/2	1		2	86	151
62	0.0	16	16	1/2	1/2	4/4	1	1	0	acciaccatura	1/8	1		-3	87	152
62	2.0	16	16	1/2	1/2	4/4	1	1	1/2		1/2	1		2	86	153
64	0.0	17	17	0	0	4/4	1	1	0	acciaccatura	1/8	1		-3	87	156
64	0.0	17	17	0	0	4/4	1	1	0	acciaccatura	1/8	1		3	93	156
64	2.0	17	17	0	0	4/4	1	1	1/2		1/2	1		2	86	157
64	2.0	17	17	0	0	4/4	1	1	1/2		1/2	1		1	91	157
65	0.0	17	17	1/4	1/4	4/4	2	1	0	acciaccatura	1/8	1		1	79	160
65	0.0	17	17	1/4	1/4	4/4	2	1	0	acciaccatura	1/8	1		0	84	160
65	1.0	17	17	1/4	1/4	4/4	2	1	1/4		1/4	1		-1	77	161
65	1.0	17	17	1/4	1/4	4/4	2	1	1/4		1/4	1		-2	82	161
66	0.0	17	17	1/2	1/2	4/4	1	1	0	acciaccatura	1/8	1		-3	75	158
66	0.0	17	17	1/2	1/2	4/4	1	1	0	acciaccatura	1/8	1		3	81	158
66	2.0	17	17	1/2	1/2	4/4	1	1	1/2		1/2	1		2	74	159
66	2.0	17	17	1/2	1/2	4/4	1	1	1/2		1/2	1		1	79	159
67	0.0	17	17	3/4	3/4	4/4	2	1	0	acciaccatura	1/8	1		1	67	162
67	0.0	17	17	3/4	3/4	4/4	2	1	0	acciaccatura	1/8	1		0	72	162
67	1.0	17	17	3/4	3/4	4/4	2	1	1/4		1/4	1		-1	65	163
67	1.0	17	17	3/4	3/4	4/4	2	1	1/4		1/4	1		-2	70	163
68	0.0	18	18	0	0	4/4	2	1	0	acciaccatura	1/8	1		0	60	171
68	0.0	18	18	0	0	4/4	2	1	0	acciaccatura	1/8	1		-1	65	171
68	4.0	18	18	0	0	4/4	3	1	1		1	1		-5	49	173
68	4.0	18	18	0	0	4/4	3	1	1		1	1		1	55	173
68	4.0	18	18	0	0	4/4	2	1	1		1	1		5	59	172
68	4.0	18	18	0	0	4/4	2	1	1		1	1		4	64	172
137/2	0.5	18	18	1/8	1/8	4/4	3	2	1/8		1/8	1	1	3	33	174
69	3.0	18	18	1/4	1/4	4/4	3	2	3/4		1/2	3/2	-1	3	33	175
69	1.0	18	18	1/4	1/4	4/4	1	1	1/4		1/4	1	1	3	69	164
70	0.3333333333333333	18	18	1/2	1/2	4/4	1	1	1/12		1/8	2/3	-1	3	69	165
211/3	0.3333333333333333	18	18	7/12	7/12	4/4	1	1	1/12		1/8	2/3		3	69	166
212/3	0.3333333333333333	18	18	2/3	2/3	4/4	1	1	1/12		1/8	2/3		3	81	167
71	0.3333333333333333	18	18	3/4	3/4	4/4	1	1	1/12		1/8	2/3		3	81	168
214/3	0.3333333333333333	18	18	5/6	5/6	4/4	1	1	1/12		1/8	2/3		3	81	169
215/3	0.3333333333333333	18	18	11/12	11/12	4/4	1	1	1/12		1/8	2/3		3	93	170
72	0.0	19	19	0	0	4/4	1	1	0	acciaccatura	1/8	1		-3	87	176
72	0.0	19	19	0	0	4/4	1	1	0	acciaccatura	1/8	1		3	93	176
72	2.0	19	19	0	0	4/4	1	1	1/2		1/2	1		2	86	177
72	2.0	19	19	0	0	4/4	1	1	1/2		1/2	1		1	91	177
73	0.0	19	19	1/4	1/4	4/4	2	1	0	acciaccatura	1/8	1		1	79	180
73	0.0	19	19	1/4	1/4	4/4	2	1	0	acciaccatura	1/8	1		0	84	180
73	1.0	19	19	1/4	1/4	4/4	2	1	1/4		1/4	1		-1	77	181
73	1.0	19	19	1/4	1/4	4/4	2	1	1/4		1/4	1		-2	82	181
74	0.0	19	19	1/2	1/2	4/4	1	1	0	acciaccatura	1/8	1		-3	75	178
74	0.0	19	19	1/2	1/2	4/4	1	1	0	acciaccatura	1/8	1		3	81	178
74	2.0	19	19	1/2	1/2	4/4	1	1	1/2		1/2	1		2	74	179
74	2.0	19	19	1/2	1/2	4/4	1	1	1/2		1/2	1		1	79	179
75	0.0	19	19	3/4	3/4	4/4	2	1	0	acciaccatura	1/8	1		1	67	182
75	0.0	19	19	3/4	3/4	4/4	2	1	0	acciaccatura	1/8	1		0	72	182
75	1.0	19	19	3/4	3/4	4/4	2	1	1/4		1/4	1		-1	65	183
75	1.0	19	19	3/4	3/4	4/4	2	1	1/4		1/4	1		-2	70	183
76	0.0	20	20	0	0	4/4	2	2	0	acciaccatura	1/8	1		5	59	199
76	0.0	20	20	0	0	4/4	2	2	0	acciaccatura	1/8	1		-3	63	199
76	4.0	20	20	0	0	4/4	3	1	1		1	1		5	47	201
76	4.0	20	20	0	0	4/4	3	1	1		1	1		-1	53	201
76	4.0	20	20	0	0	4/4	2	2	1		1	1		3	57	200
76	4.0	20	20	0	0	4/4	2	2	1		1	1		-5	61	200
153/2	0.5	20	20	1/8	1/8	4/4	3	2	1/8		1/8	1	1	1	31	202
77	3.0	20	20	1/4	1/4	4/4	3	2	3/4		1/2	3/2	-1	1	31	203
77	1.0	20	20	1/4	1/4	4/4	2	1	1/4		1/4	1	1	7	61	192
77	3.0	20	20	1/4	1/4	4/4	1	1	3/4		1/2	3/2	1	1	67	184
77	1.0	20	20	1/4	1/4	4/4	1	2	1/4		1/4	1	1	7	73	185
77	3.0	20	20	1/4	1/4	4/4	1	1	3/4		1/2	3/2	1	1	79	184
78	0.3333333333333333	20	20	1/2	1/2	4/4	2	1	1/12		1/8	2/3	-1	7	61	193
78	0.3333333333333333	20	20	1/2	1/2	4/4	1	2	1/12		1/8	2/3	-1	7	73	186
235/3	0.3333333333333333	20	20	7/12	7/12	4/4	2	1	1/12		1/8	2/3		7	61	194
235/3	0.3333333333333333	20	20	7/12	7/12	4/4	1	2	1/12		1/8	2/3		7	73	187
236/3	0.3333333333333333	20	20	2/3	2/3	4/4	2	1	1/12		1/8	2/3		7	61	195
236/3	0.3333333333333333	20	20	2/3	2/3	4/4	1	2	1/12		1/8	2/3		7	73	188
79	0.3333333333333333	20	20	3/4	3/4	4/4	2	1	1/12		1/8	2/3		7	61	196
79	0.3333333333333333	20	20	3/4	3/4	4/4	1	2	1/12		1/8	2/3		7	73	189
238/3	0.3333333333333333	20	20	5/6	5/6	4/4	2	1	1/12		1/8	2/3		7	61	197
238/3	0.3333333333333333	20	20	5/6	5/6	4/4	1	2	1/12		1/8	2/3		7	73	190
239/3	0.3333333333333333	20	20	11/12	11/12	4/4	2	1	1/12		1/8	2/3		2	62	198
239/3	0.3333333333333333	20	20	11/12	11/12	4/4	1	2	1/12		1/8	2/3		2	74	191
80	0.5	21	21	0	0	4/4	2	1	1/8		1/8	1		-3	63	210
80	4.0	21	21	0	0	4/4	1	1	1		1	1	-1	1	67	204
80	0.5	21	21	0	0	4/4	1	2	1/8		1/8	1		-3	75	205
80	4.0	21	21	0	0	4/4	1	1	1		1	1	-1	1	79	204
161/2	0.0	21	21	1/8	1/8	4/4	1	2	0	acciaccatura	1/8	1		-1	77	206
161/2	0.0	21	21	1/8	1/8	4/4	2	1	0	acciaccatura	1/8	1		-1	65	211
161/2	0.5	21	21	1/8	1/8	4/4	2	1	1/8		1/8	1		4	64	212
161/2	0.5	21	21	1/8	1/8	4/4	1	2	1/8		1/8	1		4	76	207
81	2.0	21	21	1/4	1/4	4/4	2	1	1/2		1/2	1		-3	63	213
81	2.0	21	21	1/4	1/4	4/4	1	2	1/2		1/2	1		-3	75	208
83	1.0	21	21	3/4	3/4	4/4	2	1	1/4		1/4	1		2	62	214
83	1.0	21	21	3/4	3/4	4/4	1	2	1/4		1/4	1		2	74	209
84	0.0	22	22	0	0	4/4	2	2	0	acciaccatura	1/8	1		5	59	230
84	0.0	22	22	0	0	4/4	2	2	0	acciaccatura	1/8	1		-3	63	230
84	4.0	22	22	0	0	4/4	3	1	1		1	1		5	47	232
84	4.0	22	22	0	0	4/4	3	1	1		1	1		-1	53	232
84	4.0	22	22	0	0	4/4	2	2	1		1	1		3	57	231
84	4.0	22	22	0	0	4/4	2	2	1		1	1		-5	61	231
169/2	0.5	22	22	1/8	1/8	4/4	3	2	1/8		1/8	1	1	1	31	233
85	3.0	22	22	1/4	1/4	4/4	3	2	3/4		1/2	3/2	-1	1	31	234
85	1.0	22	22	1/4	1/4	4/4	2	1	1/4		1/4	1	1	7	61	223
85	3.0	22	22	1/4	1/4	4/4	1	1	3/4		1/2	3/2	1	1	67	215
85	1.0	22	22	1/4	1/4	4/4	1	2	1/4		1/4	1	1	7	73	216
85	3.0	22	22	1/4	1/4	4/4	1	1	3/4		1/2	3/2	1	1	79	215
86	0.3333333333333333	22	22	1/2	1/2	4/4	2	1	1/12		1/8	2/3	-1	7	61	224
86	0.3333333333333333	22	22	1/2	1/2	4/4	1	2	1/12		1/8	2/3	-1	7	73	217
259/3	0.3333333333333333	22	22	7/12	7/12	4/4	2	1	1/12		1/8	2/3		7	61	225
259/3	0.3333333333333333	22	22	7/12	7/12	4/4	1	2	1/12		1/8	2/3		7	73	218
260/3	0.3333333333333333	22	22	2/3	2/3	4/4	2	1	1/12		1/8	2/3		7	61	226
260/3	0.3333333333333333	22	22	2/3	2/3	4/4	1	2	1/12		1/8	2/3		7	73	219
87	0.3333333333333333	22	22	3/4	3/4	4/4	2	1	1/12		1/8	2/3		7	61	227
87	0.3333333333333333	22	22	3/4	3/4	4/4	1	2	1/12		1/8	2/3		7	73	220
262/3	0.3333333333333333	22	22	5/6	5/6	4/4	2	1	1/12		1/8	2/3		7	61	228
262/3	0.3333333333333333	22	22	5/6	5/6	4/4	1	2	1/12		1/8	2/3		7	73	221
263/3	0.3333333333333333	22	22	11/12	11/12	4/4	2	1	1/12		1/8	2/3		2	62	229
263/3	0.3333333333333333	22	22	11/12	11/12	4/4	1	2	1/12		1/8	2/3		2	74	222
88	0.5	23	23	0	0	4/4	2	1	1/8		1/8	1		-3	63	241
88	4.0	23	23	0	0	4/4	1	1	1		1	1	-1	1	67	235
88	0.5	23	23	0	0	4/4	1	2	1/8		1/8	1		-3	75	236
88	4.0	23	23	0	0	4/4	1	1	1		1	1	-1	1	79	235
177/2	0.0	23	23	1/8	1/8	4/4	1	2	0	acciaccatura	1/8	1		6	78	237
177/2	0.0	23	23	1/8	1/8	4/4	2	1	0	acciaccatura	1/8	1		6	66	242
177/2	0.5	23	23	1/8	1/8	4/4	2	1	1/8		1/8	1		-1	65	243
177/2	0.5	23	23	1/8	1/8	4/4	1	2	1/8		1/8	1		-1	77	238
89	2.0	23	23	1/4	1/4	4/4	2	1	1/2		1/2	1		4	64	244
89	2.0	23	23	1/4	1/4	4/4	1	2	1/2		1/2	1		4	76	239
91	1.0	23	23	3/4	3/4	4/4	2	1	1/4		1/4	1		1	67	245
91	1.0	23	23	3/4	3/4	4/4	1	2	1/4		1/4	1		1	79	240
92	0.125	24	24	0	0	4/4	2	2	1/32		1/32	1		-4	80	249
737/8	0.125	24	24	1/32	1/32	4/4	2	2	1/32		1/32	1		1	79	250
369/4	0.125	24	24	1/16	1/16	4/4	2	2	1/32		1/32	1		6	78	251
739/8	0.125	24	24	3/32	3/32	4/4	2	2	1/32		1/32	1		2	74	252
185/2	0.125	24	24	1/8	1/8	4/4	2	2	1/32		1/32	1		7	73	253
741/8	0.125	24	24	5/32	5/32	4/4	2	2	1/32		1/32	1		-2	70	254
371/4	0.125	24	24	3/16	3/16	4/4	2	2	1/32		1/32	1		3	69	255
743/8	0.125	24	24	7/32	7/32	4/4	2	2	1/32		1/32	1	1	-4	68	256
93	3.0	24	24	1/4	1/4	4/4	2	2	3/4		1/2	3/2	-1	-4	68	257
95	0.0	24	24	3/4	3/4	4/4	1	1	0	acciaccatura	1/8	1		0	72	246
95	0.5	24	24	3/4	3/4	4/4	1	1	1/8		1/8	1		0	72	247
95	1.0	24	24	3/4	3/4	4/4	2	1	1/4		1/4	1		0	72	248
95	0.5	24	24	3/4	3/4	4/4	1	1	1/8		1/8	1		0	84	247
96	0.125	25	25	0	0	4/4	2	2	1/32		1/32	1		-4	80	261
769/8	0.125	25	25	1/32	1/32	4/4	2	2	1/32		1/32	1		1	79	262
385/4	0.125	25	25	1/16	1/16	4/4	2	2	1/32		1/32	1		6	78	263
771/8	0.125	25	25	3/32	3/32	4/4	2	2	1/32		1/32	1		2	74	264
193/2	0.125	25	25	1/8	1/8	4/4	2	2	1/32		1/32	1		7	73	265
773/8	0.125	25	25	5/32	5/32	4/4	2	2	1/32		1/32	1		-2	70	266
387/4	0.125	25	25	3/16	3/16	4/4	2	2	1/32		1/32	1		3	69	267
775/8	0.125	25	25	7/32	7/32	4/4	2	2	1/32		1/32	1	1	-4	68	268
97	3.0	25	25	1/4	1/4	4/4	2	2	3/4		1/2	3/2	-1	-4	68	269
99	0.0	25	25	3/4	3/4	4/4	2	1	0	acciaccatura	1/8	1		4	76	259
99	0.5	25	25	3/4	3/4	4/4	1	1	1/8		1/8	1		-3	75	258
99	1.0	25	25	3/4	3/4	4/4	2	1	1/4		1/4	1		-3	75	260
99	0.5	25	25	3/4	3/4	4/4	1	1	1/8		1/8	1		-3	87	258
101	1.0	26	26	1/4	1/4	4/4	2	1	1/4		1/4	1		2	62	273
101	1.0	26	26	1/4	1/4	4/4	2	1	1/4		1/4	1		-1	65	273
101	1.0	26	26	1/4	1/4	4/4	2	1	1/4		1/4	1		3	69	273
101	1.0	26	26	1/4	1/4	4/4	1	1	1/4		1/4	1		2	74	270
101	1.0	26	26	1/4	1/4	4/4	2	1	1/4		1/4	1		2	74	273
101	1.0	26	26	1/4	1/4	4/4	1	1	1/4		1/4	1		-1	77	270
101	1.0	26	26	1/4	1/4	4/4	1	1	1/4		1/4	1		3	81	270
101	1.0	26	26	1/4	1/4	4/4	1	1	1/4		1/4	1		2	86	270
102	1.0	26	26	1/2	1/2	4/4	2	1	1/4		1/4	1		3	57	274
102	1.0	26	26	1/2	1/2	4/4	2	1	1/4		1/4	1		0	60	274
102	1.0	26	26	1/2	1/2	4/4	2	1	1/4		1/4	1		4	64	274
102	1.0	26	26	1/2	1/2	4/4	1	1	1/4		1/4	1		3	69	271
102	1.0	26	26	1/2	1/2	4/4	2	1	1/4		1/4	1		3	69	274
102	1.0	26	26	1/2	1/2	4/4	1	1	1/4		1/4	1		0	72	271
102	1.0	26	26	1/2	1/2	4/4	1	1	1/4		1/4	1		4	76	271
102	1.0	26	26	1/2	1/2	4/4	1	1	1/4		1/4	1		3	81	271
103	1.0	26	26	3/4	3/4	4/4	2	1	1/4		1/4	1		0	60	275
103	1.0	26	26	3/4	3/4	4/4	2	1	1/4		1/4	1		4	64	275
103	1.0	26	26	3/4	3/4	4/4	2	1	1/4		1/4	1		1	67	275
103	1.0	26	26	3/4	3/4	4/4	1	1	1/4		1/4	1		0	72	272
103	1.0	26	26	3/4	3/4	4/4	2	1	1/4		1/4	1		0	72	275
103	1.0	26	26	3/4	3/4	4/4	1	1	1/4		1/4	1		4	76	272
103	1.0	26	26	3/4	3/4	4/4	1	1	1/4		1/4	1		1	79	272
103	1.0	26	26	3/4	3/4	4/4	1	1	1/4		1/4	1		0	84	272
104	1.0	27	27	0	0	4/4	2	1	1/4		1/4	1		4	64	280
104	1.0	27	27	0	0	4/4	2	1	1/4		1/4	1		1	67	280
104	1.0	27	27	0	0	4/4	2	1	1/4		1/4	1		5	71	280
104	1.0	27	27	0	0	4/4	1	1	1/4		1/4	1		4	76	276
104	1.0	27	27	0	0	4/4	2	1	1/4		1/4	1		4	76	280
104	1.0	27	27	0	0	4/4	1	1	1/4		1/4	1		1	79	276
104	1.0	27	27	0	0	4/4	1	1	1/4		1/4	1		5	83	276
104	1.0	27	27	0	0	4/4	1	1	1/4		1/4	1		4	88	276
105	1.0	27	27	1/4	1/4	4/4	2	1	1/4		1/4	1		2	62	281
105	1.0	27	27	1/4	1/4	4/4	2	1	1/4		1/4	1		-1	65	281
105	1.0	27	27	1/4	1/4	4/4	2	1	1/4		1/4	1		3	69	281
105	1.0	27	27	1/4	1/4	4/4	1	1	1/4		1/4	1		2	74	277
105	1.0	27	27	1/4	1/4	4/4	2	1	1/4		1/4	1		2	74	281
105	1.0	27	27	1/4	1/4	4/4	1	1	1/4		1/4	1		-1	77	277
105	1.0	27	27	1/4	1/4	4/4	1	1	1/4		1/4	1		3	81	277
105	1.0	27	27	1/4	1/4	4/4	1	1	1/4		1/4	1		2	86	277
106	1.0	27	27	1/2	1/2	4/4	2	1	1/4		1/4	1		1	67	282
106	1.0	27	27	1/2	1/2	4/4	2	1	1/4		1/4	1		-2	70	282
106	1.0	27	27	1/2	1/2	4/4	2	1	1/4		1/4	1		2	74	282
106	1.0	27	27	1/2	1/2	4/4	1	1	1/4		1/4	1		1	79	278
106	1.0	27	27	1/2	1/2	4/4	2	1	1/4		1/4	1		1	79	282
106	1.0	27	27	1/2	1/2	4/4	1	1	1/4		1/4	1		-2	82	278
106	1.0	27	27	1/2	1/2	4/4	1	1	1/4		1/4	1		2	86	278
106	1.0	27	27	1/2	1/2	4/4	1	1	1/4		1/4	1		1	91	278
107	1.0	27	27	3/4	3/4	4/4	2	1	1/4		1/4	1		0	72	283
107	1.0	27	27	3/4	3/4	4/4	2	1	1/4		1/4	1		4	76	283
107	1.0	27	27	3/4	3/4	4/4	2	1	1/4		1/4	1		1	79	283
107	1.0	27	27	3/4	3/4	4/4	1	1	1/4		1/4	1		0	84	279
107	1.0	27	27	3/4	3/4	4/4	2	1	1/4		1/4	1		0	84	283
107	1.0	27	27	3/4	3/4	4/4	1	1	1/4		1/4	1		4	88	279
107	1.0	27	27	3/4	3/4	4/4	1	1	1/4		1/4	1		1	91	279
107	1.0	27	27	3/4	3/4	4/4	1	1	1/4		1/4	1		0	96	279
108	1.0	28	28	0	0	4/4	2	1	1/4		1/4	1		3	69	285
108	1.0	28	28	0	0	4/4	2	1	1/4		1/4	1		0	72	285
108	1.0	28	28	0	0	4/4	2	1	1/4		1/4	1		4	76	285
108	1.0	28	28	0	0	4/4	1	1	1/4		1/4	1		3	81	284
108	1.0	28	28	0	0	4/4	2	1	1/4		1/4	1		3	81	285
108	1.0	28	28	0	0	4/4	1	1	1/4		1/4	1		0	84	284
108	1.0	28	28	0	0	4/4	1	1	1/4		1/4	1		4	88	284
108	1.0	28	28	0	0	4/4	1	1	1/4		1/4	1		3	93	284
109	2.0	28	28	1/4	1/4	4/4	3	1	1/2		1/2	1		-4	68	289
109	1.0	28	28	1/4	1/4	4/4	2	1	1/4		1/4	1		-3	75	286
109	1.0	28	28	1/4	1/4	4/4	2	1	1/4		1/4	1		-6	78	286
109	1.0	28	28	1/4	1/4	4/4	2	1	1/4		1/4	1		-2	82	286
109	1.0	28	28	1/4	1/4	4/4	2	1	1/4		1/4	1		-3	87	286
110	1.0	28	28	1/2	1/2	4/4	2	1	1/4		1/4	1		-2	70	287
110	1.0	28	28	1/2	1/2	4/4	2	1	1/4		1/4	1		-5	73	287
110	1.0	28	28	1/2	1/2	4/4	2	1	1/4		1/4	1		-1	77	287
110	1.0	28	28	1/2	1/2	4/4	2	1	1/4		1/4	1		-2	82	287
111	1.0	28	28	3/4	3/4	4/4	3	1	1/4		1/4	1	1	-5	61	290
111	1.0	28	28	3/4	3/4	4/4	2	1	1/4		1/4	1		-4	68	288
111	1.0	28	28	3/4	3/4	4/4	2	1	1/4		1/4	1		-7	71	288
111	1.0	28	28	3/4	3/4	4/4	2	1	1/4		1/4	1		-3	75	288
111	1.0	28	28	3/4	3/4	4/4	2	1	1/4		1/4	1		-4	80	288
112	1.0	29	29	0	0	4/4	3	1	1/4		1/4	1	-1	-5	61	295
112	1.0	29	29	0	0	4/4	2	1	1/4		1/4	1		-3	63	291
112	1.0	29	29	0	0	4/4	2	1	1/4		1/4	1		-6	66	291
112	1.0	29	29	0	0	4/4	2	1	1/4		1/4	1		-2	70	291
112	1.0	29	29	0	0	4/4	2	1	1/4		1/4	1		-3	75	291
113	1.0	29	29	1/4	1/4	4/4	3	1	1/4		1/4	1	1	4	52	296
113	1.0	29	29	1/4	1/4	4/4	3	1	1/4		1/4	1		5	59	296
113	1.0	29	29	1/4	1/4	4/4	2	1	1/4		1/4	1		4	64	292
113	1.0	29	29	1/4	1/4	4/4	2	1	1/4		1/4	1		1	67	292
113	1.0	29	29	1/4	1/4	4/4	2	1	1/4		1/4	1		5	71	292
113	1.0	29	29	1/4	1/4	4/4	2	1	1/4		1/4	1		4	76	292
114	1.0	29	29	1/2	1/2	4/4	3	1	1/4		1/4	1		3	45	297
114	1.0	29	29	1/2	1/2	4/4	3	1	1/4		1/4	1	-1	4	52	297
114	1.0	29	29	1/2	1/2	4/4	2	1	1/4		1/4	1		3	57	293
114	1.0	29	29	1/2	1/2	4/4	2	1	1/4		1/4	1		7	61	293
114	1.0	29	29	1/2	1/2	4/4	2	1	1/4		1/4	1		4	64	293
114	1.0	29	29	1/2	1/2	4/4	2	1	1/4		1/4	1		3	69	293
115	1.0	29	29	3/4	3/4	4/4	3	1	1/4		1/4	1		-1	41	298
115	1.0	29	29	3/4	3/4	4/4	3	1	1/4		1/4	1		0	48	298
115	1.0	29	29	3/4	3/4	4/4	3	1	1/4		1/4	1		-4	56	298
115	1.0	29	29	3/4	3/4	4/4	2	1	1/4		1/4	1		0	60	294
115	1.0	29	29	3/4	3/4	4/4	2	1	1/4		1/4	1		-1	65	294
115	1.0	29	29	3/4	3/4	4/4	2	1	1/4		1/4	1		-4	68	294
115	1.0	29	29	3/4	3/4	4/4	2	1	1/4		1/4	1		0	72	294
116	4.0	30	30	0	0	4/4	3	1	1		1	1	1	0	36	310
116	4.0	30	30	0	0	4/4	3	1	1		1	1	1	1	43	310
116	4.0	30	30	0	0	4/4	3	1	1		1	1	1	4	52	310
116	4.0	30	30	0	0	4/4	2	1	1		1	1	1	0	60	309
116	4.0	30	30	0	0	4/4	2	1	1		1	1	1	1	67	309
116	4.0	30	30	0	0	4/4	2	1	1		1	1	1	2	74	309
233/2	0.5	30	30	1/8	1/8	4/4	1	1	1/8		1/8	1	1	3	81	299
117	0.25	30	30	1/4	1/4	4/4	1	1	1/16		1/16	1	-1	3	81	300
469/4	0.25	30	30	5/16	5/16	4/4	1	1	1/16		1/16	1		-2	82	301
235/2	0.25	30	30	3/8	3/8	4/4	1	1	1/16		1/16	1		-2	82	302
471/4	0.25	30	30	7/16	7/16	4/4	1	1	1/16		1/16	1	1	3	81	303
118	0.5	30	30	1/2	1/2	4/4	1	1	1/8		1/8	1	-1	3	81	304
237/2	0.5	30	30	5/8	5/8	4/4	1	1	1/8		1/8	1		1	79	305
119	0.3333333333333333	30	30	3/4	3/4	4/4	1	1	1/12		1/8	2/3		-1	77	306
358/3	0.3333333333333333	30	30	5/6	5/6	4/4	1	1	1/12		1/8	2/3		4	76	307
359/3	0.3333333333333333	30	30	11/12	11/12	4/4	1	1	1/12		1/8	2/3		-3	75	308
120	4.0	31	31	0	0	4/4	3	1	1		1	1	-1	0	36	317
120	4.0	31	31	0	0	4/4	3	1	1		1	1	-1	1	43	317
120	4.0	31	31	0	0	4/4	3	1	1		1	1	-1	4	52	317
120	4.0	31	31	0	0	4/4	2	1	1		1	1	-1	0	60	316
120	4.0	31	31	0	0	4/4	2	1	1		1	1	-1	1	67	316
120	2.0	31	31	0	0	4/4	1	1	1/2		1/2	1	1	2	74	311
120	4.0	31	31	0	0	4/4	2	1	1		1	1	-1	2	74	316
122	0.5	31	31	1/2	1/2	4/4	1	1	1/8		1/8	1	-1	2	74	312
245/2	0.5	31	31	5/8	5/8	4/4	1	1	1/8		1/8	1		4	76	313
123	0.5	31	31	3/4	3/4	4/4	1	1	1/8		1/8	1		-1	77	314
247/2	0.5	31	31	7/8	7/8	4/4	1	1	1/8		1/8	1		1	79	315
124	4.0	32	32	0	0	4/4	3	1	1		1	1	1	0	36	328
124	4.0	32	32	0	0	4/4	3	1	1		1	1	1	1	43	328
124	4.0	32	32	0	0	4/4	3	1	1		1	1	1	4	52	328
124	4.0	32	32	0	0	4/4	2	1	1		1	1	1	0	60	327
124	4.0	32	32	0	0	4/4	2	1	1		1	1	1	1	67	327
124	4.0	32	32	0	0	4/4	2	1	1		1	1	1	2	74	327
249/2	0.5	32	32	1/8	1/8	4/4	1	1	1/8		1/8	1	1	3	81	318
125	0.25	32	32	1/4	1/4	4/4	1	1	1/16		1/16	1	-1	3	81	319
501/4	0.25	32	32	5/16	5/16	4/4	1	1	1/16		1/16	1		-2	82	320
251/2	0.25	32	32	3/8	3/8	4/4	1	1	1/16		1/16	1		-2	82	321
503/4	0.25	32	32	7/16	7/16	4/4	1	1	1/16		1/16	1	1	3	81	322
126	0.5	32	32	1/2	1/2	4/4	1	1	1/8		1/8	1	-1	3	81	323
253/2	0.5	32	32	5/8	5/8	4/4	1	1	1/8		1/8	1		1	79	324
127	0.5	32	32	3/4	3/4	4/4	1	1	1/8		1/8	1		-1	77	325
255/2	0.5	32	32	7/8	7/8	4/4	1	1	1/8		1/8	1		4	76	326
128	4.0	33	33	0	0	4/4	3	1	1		1	1	-1	0	36	330
128	4.0	33	33	0	0	4/4	3	1	1		1	1	-1	1	43	330
128	4.0	33	33	0	0	4/4	3	1	1		1	1	-1	4	52	330
128	4.0	33	33	0	0	4/4	2	1	1		1	1	-1	0	60	329
128	4.0	33	33	0	0	4/4	2	1	1		1	1	-1	1	67	329
128	4.0	33	33	0	0	4/4	2	1	1		1	1	-1	2	74	329
